# Blender 4.4.0
# www.blender.org
mtllib Meshy_AI_Skeletal_Fish_Fossil_0831140311_texture.mtl
o Meshy_AI_Skeletal_Fish_Fossil_0831140311_texture
v -0.021569 0.036705 0.925512
v -0.003774 0.039935 0.924700
v -0.019671 0.038103 0.812247
v -0.009190 0.031539 0.804701
v 0.000042 0.028437 0.867400
v -0.001992 0.026176 0.851206
v -0.032334 0.008884 0.879458
v -0.008211 0.024479 0.881804
v 0.017678 0.031890 0.858811
v 0.003813 0.012065 0.843411
v 0.005164 0.026921 0.808942
v 0.011417 0.037962 0.818128
v 0.011333 0.015366 0.788159
v 0.009806 0.007839 0.942614
v 0.019388 0.014007 0.884694
v 0.046706 0.029095 0.912390
v 0.034944 0.031465 0.834308
v 0.033943 0.091328 0.781880
v 0.031742 0.013966 0.881106
v 0.041849 0.029612 0.892199
v 0.031690 0.033586 0.902320
v 0.035665 0.023491 0.802362
v 0.045203 0.033551 0.901502
v 0.050450 0.025277 0.900458
v 0.056720 0.028604 0.900861
v 0.047716 -0.001918 0.849562
v 0.057824 0.011925 0.892290
v 0.054475 0.048348 0.859671
v 0.066793 0.046241 0.836235
v 0.063590 0.053884 0.841292
v 0.068023 0.006436 0.880488
v 0.072762 0.064331 0.841703
v 0.076250 0.000089 0.859829
v 0.069404 0.045163 0.861249
v 0.060014 0.060052 0.820388
v 0.066702 0.057951 0.811844
v 0.067910 0.076140 0.816955
v 0.060610 0.087477 0.825863
v 0.070579 0.004180 0.879190
v 0.073652 0.074165 0.812131
v 0.081535 0.019190 0.863848
v 0.085646 0.059775 0.819545
v 0.081935 0.123488 0.800678
v 0.093237 -0.011053 0.838272
v 0.107828 -0.003868 0.815668
v 0.107993 0.017317 0.796086
v 0.048555 0.029261 0.898755
v 0.006054 0.025566 0.770333
v -0.001739 0.014254 0.779626
v 0.031374 0.019172 0.895883
v 0.050139 0.053801 0.858599
v 0.062161 0.043328 0.847258
v 0.049518 0.014765 0.926666
v 0.059831 0.061815 0.868671
v 0.059004 0.014961 0.898303
v 0.077427 0.045791 0.842884
v -0.002248 0.062128 0.760331
v 0.011351 0.091052 0.768041
v 0.013343 0.027111 0.788936
v 0.028655 0.106444 0.770660
v 0.020491 0.222497 0.711547
v 0.000278 0.003689 0.801106
v 0.035418 -0.009711 0.757895
v 0.084937 0.129343 0.770630
v 0.051336 -0.001796 0.768674
v 0.051208 -0.000536 0.743234
v 0.025629 0.031679 0.797077
v 0.056556 0.089156 0.780111
v 0.054845 0.056345 0.779743
v 0.045581 0.008704 0.788470
v 0.078456 0.027050 0.754321
v 0.081114 0.121276 0.701377
v 0.065772 0.063786 0.781347
v 0.062494 0.099585 0.829578
v 0.074357 0.053953 0.710748
v 0.082462 0.081741 0.708353
v 0.079061 0.088804 0.695038
v 0.085266 0.046920 0.780128
v 0.090154 0.055870 0.795401
v 0.079339 0.080323 0.794361
v 0.086417 0.029178 0.704963
v 0.102937 0.151174 0.760807
v 0.097478 0.056527 0.712368
v 0.099315 0.142536 0.750293
v 0.081088 0.025155 0.695222
v 0.089560 0.155471 0.749376
v 0.098051 0.089708 0.699073
v 0.090291 0.149040 0.729012
v 0.099799 0.041218 0.706240
v 0.116874 0.153607 0.739482
v 0.114399 0.033647 0.761535
v 0.098850 -0.056439 0.683972
v 0.115928 -0.034565 0.653076
v 0.132282 0.036979 0.722652
v 0.115445 0.068829 0.690926
v 0.112113 0.019250 0.630049
v 0.137191 0.007935 0.721304
v 0.134274 0.048212 0.708297
v 0.147081 0.027205 0.694816
v 0.023887 0.004520 0.759475
v 0.056794 -0.013165 0.754966
v 0.062590 0.140301 0.792781
v 0.090588 0.025196 0.735044
v 0.068587 0.002552 0.726051
v 0.088298 0.125747 0.787052
v 0.092319 0.062289 0.816738
v 0.111025 0.027044 0.793645
v -0.140561 0.079837 0.685109
v -0.137008 0.053741 0.702064
v -0.134582 0.037505 0.721270
v -0.119355 0.032547 0.756360
v -0.119499 0.063878 0.691633
v -0.095808 0.036951 0.706887
v -0.103064 0.030782 0.723510
v -0.101269 0.040472 0.783334
v -0.097101 0.056471 0.712776
v -0.102076 0.089588 0.697540
v -0.084005 0.061761 0.821228
v -0.111482 0.031725 0.625648
v -0.100099 0.067989 0.630386
v -0.081711 -0.034555 0.757395
v -0.087827 0.028230 0.706184
v -0.093173 0.139150 0.755512
v -0.103921 0.151749 0.759858
v -0.077493 0.030910 0.760233
v -0.089506 0.075710 0.814349
v -0.103933 0.159907 0.727263
v -0.080401 0.054902 0.713271
v -0.059150 0.058394 0.780932
v -0.081515 0.024944 0.863487
v -0.073025 0.003642 0.721092
v -0.075677 0.063619 0.793428
v -0.081763 0.109081 0.807095
v -0.069447 0.044082 0.859806
v -0.070451 0.078228 0.792664
v -0.067535 0.065792 0.782264
v -0.066066 0.098071 0.828012
v -0.076273 0.085500 0.699299
v -0.071372 0.155996 0.768527
v -0.056341 0.129673 0.758007
v -0.074848 0.053228 0.710285
v -0.070693 0.056305 0.815945
v -0.076181 0.077870 0.812875
v -0.062233 0.134654 0.736658
v -0.048989 0.007139 0.781450
v -0.060595 0.058520 0.814206
v -0.066704 0.060791 0.695723
v -0.063713 0.050395 0.837576
v -0.060005 0.093607 0.826704
v -0.066835 0.074005 0.818117
v -0.060987 0.042322 0.847990
v -0.052519 0.046611 0.859306
v -0.050222 0.056358 0.856158
v -0.034645 0.095413 0.777913
v -0.033269 0.031072 0.895881
v -0.035229 0.126554 0.737073
v -0.043620 -0.002152 0.810053
v -0.035658 0.031865 0.830682
v -0.025926 0.033095 0.849074
v -0.025268 0.014675 0.898678
v -0.018247 0.105905 0.761864
v -0.020759 0.014870 0.909180
v -0.000141 0.119975 0.737758
v -0.005601 0.025562 0.771305
v -0.012469 0.088501 0.768769
v -0.005386 0.033252 0.925332
v -0.013263 0.017236 0.783142
v -0.102658 0.036845 0.807929
v -0.085838 0.125749 0.796783
v -0.090648 0.053499 0.794076
v -0.080965 0.082544 0.796070
v -0.084151 0.043311 0.670431
v -0.082784 0.120355 0.778342
v -0.070322 0.061404 0.848620
v -0.060478 0.063816 0.867556
v -0.037768 0.026148 0.799217
v -0.018662 0.031033 0.791360
v 0.025291 -0.101809 0.897603
v 0.011374 -0.053375 0.931530
v 0.032001 -0.055161 0.914513
v 0.050084 -0.072251 0.931667
v 0.033187 -0.065575 0.921539
v 0.037798 -0.081963 0.833421
v 0.016772 -0.009802 0.916144
v 0.019195 -0.008084 0.935131
v 0.033022 -0.000697 0.927698
v 0.017895 -0.001597 0.936325
v 0.018895 0.013210 0.911170
v 0.026701 0.004915 0.915205
v 0.035253 -0.068310 0.878156
v 0.042543 0.006321 0.933214
v 0.048401 -0.082208 0.874525
v 0.035040 -0.069216 0.917569
v 0.046336 -0.068211 0.913842
v 0.054310 -0.029025 0.895042
v 0.048427 -0.091329 0.897236
v 0.041340 -0.057139 0.902637
v 0.052819 -0.062551 0.926185
v 0.052409 -0.013115 0.896426
v 0.048442 -0.089333 0.836186
v 0.058114 -0.086465 0.917085
v 0.052451 -0.068124 0.891160
v 0.051188 -0.068149 0.855844
v 0.051427 -0.067843 0.863215
v 0.056016 -0.081579 0.841499
v 0.061709 -0.088933 0.871759
v 0.059359 -0.021443 0.888420
v 0.088488 -0.018068 0.870589
v 0.016156 -0.083312 0.920366
v 0.028365 0.007933 0.874194
v 0.026288 -0.084941 0.917804
v 0.062999 -0.105350 0.883628
v 0.056807 -0.067904 0.899506
v 0.014449 -0.005177 0.797995
v 0.038479 -0.007171 0.763875
v 0.043334 -0.007773 0.835741
v 0.048069 -0.042809 0.791265
v 0.044989 -0.081951 0.826994
v 0.051075 -0.076006 0.831841
v 0.053621 -0.068368 0.821635
v 0.055525 -0.060042 0.850064
v 0.045699 -0.101170 0.872372
v 0.062058 -0.082521 0.797016
v 0.065082 -0.051459 0.852301
v 0.082750 -0.031922 0.839138
v 0.055774 0.003322 0.882068
v 0.069587 -0.040277 0.870466
v 0.070995 -0.060913 0.830494
v 0.070301 -0.025187 0.878713
v 0.071335 -0.045837 0.847976
v 0.081939 -0.028366 0.829916
v 0.058448 -0.017298 0.898009
v 0.091140 -0.059100 0.830141
v 0.080774 -0.047426 0.811829
v 0.093352 -0.019419 0.849301
v 0.095723 -0.081802 0.822442
v 0.079508 -0.089532 0.880778
v 0.071939 -0.005880 0.899737
v 0.089798 -0.005712 0.857634
v 0.097600 -0.045210 0.793074
v 0.106821 -0.030722 0.826035
v 0.114714 -0.064064 0.793994
v 0.027137 -0.001517 0.877606
v 0.049607 -0.043332 0.814913
v 0.052220 -0.009592 0.847536
v 0.062625 -0.065795 0.855624
v 0.060429 -0.059849 0.857488
v 0.064211 -0.066709 0.835658
v 0.070809 -0.094215 0.815149
v 0.061737 -0.031843 0.833779
v 0.072194 -0.042310 0.791036
v 0.093211 -0.044214 0.852847
v 0.064768 -0.065851 0.909528
v 0.105732 -0.090246 0.811811
v -0.069638 -0.079938 0.908803
v -0.084407 -0.089006 0.870645
v -0.053593 -0.084830 0.924197
v -0.035382 -0.056600 0.917174
v -0.025721 -0.109021 0.916433
v -0.063190 -0.081601 0.878607
v -0.040874 -0.083599 0.914295
v -0.034475 -0.104130 0.885968
v -0.011914 -0.085668 0.942525
v -0.044502 -0.070395 0.890812
v -0.035166 -0.071508 0.918738
v -0.051753 0.004428 0.926893
v -0.027967 -0.001611 0.926350
v -0.026849 -0.012047 0.930605
v -0.028761 -0.058353 0.919315
v -0.014597 -0.087358 0.922728
v -0.015819 -0.062388 0.929679
v -0.020697 -0.063550 0.909510
v -0.015346 -0.063020 0.936890
v -0.068211 -0.102189 0.802493
v -0.010474 -0.104292 0.881382
v -0.014030 -0.001892 0.935377
v -0.001741 -0.113362 0.884773
v -0.020718 -0.054252 0.927100
v -0.007946 -0.052080 0.931476
v -0.009220 0.009808 0.942788
v -0.007135 -0.005784 0.931295
v 0.001918 0.013225 0.904374
v 0.004017 -0.057265 0.927314
v -0.011345 -0.093634 0.895140
v -0.027543 0.006739 0.876855
v -0.009874 -0.091091 0.925759
v -0.001872 -0.109374 0.898337
v 0.008601 -0.075603 0.933170
v -0.002352 0.006719 0.936743
v -0.003795 -0.089417 0.919529
v -0.001503 -0.103524 0.892694
v 0.004624 -0.061225 0.933993
v 0.005146 -0.097024 0.891895
v 0.018361 -0.070794 0.907323
v 0.003371 -0.089284 0.917680
v 0.024857 -0.008219 0.925432
v 0.009499 -0.086122 0.941136
v 0.015460 -0.062613 0.935732
v 0.013605 -0.079899 0.943472
v 0.021003 0.020650 0.939490
v -0.050987 -0.063835 0.929688
v -0.045932 -0.060908 0.930239
v -0.044042 -0.066419 0.915532
v -0.042816 -0.087463 0.831819
v -0.023667 -0.084449 0.917507
v -0.008106 -0.075490 0.933204
v 0.000208 -0.072802 0.921931
v 0.004245 -0.101957 0.918483
v 0.011821 -0.089664 0.920055
v -0.112966 -0.078474 0.811818
v -0.096247 -0.013902 0.849033
v -0.113435 -0.004079 0.804047
v -0.073574 0.011295 0.880021
v -0.116186 -0.064112 0.791921
v -0.083022 -0.022789 0.881805
v -0.081576 -0.003656 0.867059
v -0.097007 -0.081223 0.823188
v -0.075731 -0.065250 0.886325
v -0.076891 -0.026863 0.855960
v -0.064771 0.005266 0.909469
v -0.067791 -0.042979 0.809183
v -0.060673 -0.106925 0.883898
v -0.069507 -0.043567 0.866229
v -0.063150 -0.022241 0.888702
v -0.064207 -0.051190 0.854104
v -0.053658 -0.068994 0.905111
v -0.062602 -0.025540 0.835756
v -0.052944 -0.008086 0.894683
v -0.062370 0.022880 0.898915
v -0.041415 -0.002098 0.923465
v -0.055424 -0.066059 0.886523
v -0.046507 -0.038612 0.882862
v -0.050927 -0.066939 0.852188
v -0.050144 -0.025184 0.898591
v -0.039216 -0.015428 0.921545
v -0.044109 0.030387 0.905780
v -0.039727 0.019309 0.933088
v -0.055848 0.034890 0.898682
v -0.029023 -0.019541 0.906024
v -0.024147 -0.080063 0.888627
v -0.009655 0.008503 0.837082
v -0.087533 -0.038607 0.859426
v -0.077705 -0.003663 0.854131
v -0.069912 -0.066330 0.856833
v -0.058509 -0.016341 0.898574
v -0.066032 -0.066093 0.859151
v -0.058492 -0.060021 0.851891
v -0.065174 0.012184 0.878913
v -0.054826 0.019213 0.898325
v -0.054631 -0.068726 0.831792
v -0.035157 0.001611 0.909961
v -0.026998 0.028038 0.901381
v -0.049378 -0.005170 0.849782
v -0.041972 -0.021323 0.810710
v -0.047071 -0.005889 0.834875
v -0.033937 0.013497 0.880844
v -0.059914 -0.061061 0.854334
v 0.046379 -0.072029 0.804648
v 0.057235 -0.097419 0.779243
v 0.056517 -0.076152 0.763023
v 0.057145 -0.050596 0.768658
v 0.070131 -0.099564 0.796985
v 0.083501 -0.036872 0.758155
v 0.067833 -0.059112 0.773795
v 0.044189 -0.137863 0.794239
v 0.092203 -0.113459 0.773188
v 0.093179 -0.094802 0.798245
v 0.073311 -0.129182 0.751539
v 0.095370 -0.037073 0.781279
v 0.090284 -0.052205 0.763370
v 0.088312 -0.034852 0.798699
v 0.098085 -0.040334 0.787089
v 0.098187 0.017502 0.667854
v 0.099933 -0.035252 0.799638
v 0.100249 -0.060531 0.769796
v 0.089787 -0.091646 0.792837
v 0.109265 -0.086673 0.796009
v 0.106006 -0.073545 0.684687
v 0.101200 -0.062622 0.761692
v 0.106113 -0.062458 0.776316
v 0.104913 -0.072655 0.787983
v 0.115803 -0.074828 0.744659
v 0.141924 -0.072050 0.681000
v 0.135957 -0.051948 0.723128
v 0.085751 -0.108924 0.750436
v 0.087507 -0.037719 0.781215
v 0.104552 -0.095391 0.761661
v -0.015925 -0.152037 0.758103
v -0.013616 -0.165889 0.767518
v -0.011434 -0.133039 0.764145
v -0.014507 -0.161113 0.798436
v -0.021635 -0.140220 0.769922
v -0.011481 -0.168218 0.794074
v -0.008541 -0.149725 0.750895
v -0.006002 -0.150815 0.772072
v -0.017663 -0.138925 0.754435
v -0.011210 -0.168339 0.758111
v 0.004199 -0.159983 0.794924
v -0.002308 -0.121648 0.777775
v -0.000763 -0.168024 0.738530
v -0.003545 -0.161939 0.781488
v 0.007965 -0.146422 0.770251
v 0.021376 -0.125490 0.771158
v 0.005051 -0.153718 0.771282
v 0.000377 -0.172865 0.738751
v 0.000654 -0.115926 0.895389
v 0.005385 -0.165434 0.764169
v 0.015687 -0.138953 0.754437
v 0.003669 -0.190386 0.731475
v 0.007496 -0.167774 0.793192
v 0.011833 -0.168227 0.763449
v 0.017204 -0.152657 0.785243
v 0.006592 -0.178665 0.740153
v 0.027116 -0.146668 0.805445
v 0.017681 -0.110703 0.917076
v 0.021452 -0.142504 0.780842
v 0.025880 -0.161142 0.714385
v 0.019206 -0.129355 0.751349
v 0.028500 -0.168718 0.756571
v 0.021336 -0.160184 0.791728
v 0.045051 -0.136503 0.748110
v 0.030723 -0.173539 0.757167
v 0.041038 -0.132382 0.738373
v 0.042718 -0.145780 0.773676
v 0.059128 -0.091967 0.795305
v 0.017503 -0.107977 0.863304
v 0.056158 -0.149939 0.733818
v 0.062670 -0.126363 0.748115
v 0.078307 -0.084390 0.754197
v 0.071952 -0.128211 0.722392
v -0.015148 -0.150069 0.798300
v -0.023365 -0.170405 0.750049
v 0.009644 -0.148144 0.752277
v 0.013280 -0.148145 0.800077
v 0.035563 -0.157804 0.744327
v 0.053450 -0.103501 0.799469
v -0.151733 -0.036469 0.641162
v -0.143546 0.021372 0.712303
v -0.128207 -0.056594 0.744449
v -0.111136 -0.054091 0.771102
v -0.101760 -0.058834 0.771560
v -0.110883 -0.084628 0.794449
v -0.100176 -0.094567 0.813581
v -0.108966 -0.058228 0.831268
v -0.098777 -0.018956 0.821559
v -0.105854 -0.095481 0.761617
v -0.101818 -0.063645 0.833082
v -0.099291 -0.034952 0.802960
v -0.095246 -0.040138 0.799748
v -0.107925 -0.069795 0.681590
v -0.095634 -0.038921 0.780834
v -0.092035 -0.062693 0.831519
v -0.088999 -0.042592 0.779046
v -0.090054 -0.082330 0.745964
v -0.086473 -0.037609 0.802268
v -0.078760 -0.041063 0.786883
v -0.073535 -0.058552 0.775674
v -0.092227 -0.052966 0.822734
v -0.082226 -0.043118 0.804824
v -0.084823 -0.022966 0.829280
v -0.079993 -0.083973 0.754192
v -0.070877 -0.059482 0.831591
v -0.057174 -0.011310 0.752575
v -0.070575 -0.055190 0.816412
v -0.068560 -0.033243 0.757511
v -0.066244 -0.066948 0.792379
v -0.071732 -0.054009 0.801415
v -0.064222 -0.045028 0.769613
v -0.072791 -0.056995 0.842649
v -0.068258 -0.070367 0.833554
v -0.061044 -0.079736 0.801023
v -0.062656 -0.095065 0.767059
v -0.041756 -0.008311 0.749213
v -0.042681 -0.000728 0.754478
v -0.026705 0.004061 0.761925
v -0.049507 -0.036311 0.824177
v -0.049510 -0.012107 0.792560
v -0.014794 -0.005237 0.801577
v -0.098129 -0.044232 0.783195
v -0.088108 -0.038615 0.781658
v -0.065225 -0.057267 0.770342
v -0.050572 -0.001452 0.763591
v -0.051669 -0.067522 0.817680
v -0.029555 -0.008421 0.771076
v -0.135893 -0.076144 0.696787
v -0.133704 -0.113843 0.667534
v -0.123476 -0.126338 0.668008
v -0.112697 -0.086905 0.732592
v -0.102999 -0.095157 0.797645
v -0.101044 -0.105753 0.770133
v -0.093298 -0.093638 0.792871
v -0.081911 -0.112757 0.754453
v -0.089709 -0.116480 0.767957
v -0.072877 -0.129552 0.753634
v -0.081509 -0.103155 0.851472
v -0.096199 -0.078702 0.720227
v -0.051190 -0.125548 0.736710
v -0.073877 -0.131230 0.715238
v -0.068478 -0.128745 0.730731
v -0.073959 -0.093848 0.795615
v -0.053592 -0.108202 0.756595
v -0.059706 -0.101497 0.800337
v -0.059610 -0.130248 0.747811
v -0.021511 -0.145916 0.811208
v -0.057280 -0.085048 0.795700
v -0.033395 -0.138151 0.758262
v -0.051190 -0.082687 0.785144
v -0.057229 -0.081746 0.839858
v -0.048503 -0.086045 0.828347
v -0.052597 -0.079523 0.830209
v -0.054382 -0.054832 0.771176
v -0.041497 -0.080347 0.828753
v -0.031211 -0.154003 0.753506
v -0.022434 -0.126005 0.752700
v -0.025846 -0.164062 0.716325
v -0.020105 -0.123118 0.783392
v -0.031116 -0.167694 0.760127
v -0.031910 -0.171601 0.765207
v -0.019230 -0.154249 0.788523
v -0.107073 -0.100791 0.745939
v -0.103061 -0.106940 0.724144
v -0.052358 -0.134761 0.785441
v -0.046238 -0.145117 0.779233
v 0.000221 -0.222170 0.498127
v -0.003570 -0.243428 0.474239
v -0.011415 -0.132198 0.593361
v 0.008924 -0.129476 0.593824
v -0.008199 -0.157115 0.605517
v 0.013491 -0.157606 0.608464
v -0.000035 -0.146124 0.579823
v 0.004048 -0.107396 0.553011
v 0.017338 -0.128799 0.551216
v 0.000147 -0.181681 0.729066
v 0.013126 -0.183796 0.733055
v 0.015241 -0.238489 0.491541
v -0.009255 -0.096319 0.588292
v 0.007660 -0.170310 0.753820
v 0.013579 -0.212961 0.505531
v 0.014910 -0.191447 0.496342
v 0.019581 -0.245891 0.475116
v 0.012855 -0.134331 0.584271
v 0.053120 -0.130577 0.638921
v 0.027217 -0.179494 0.755824
v 0.023782 -0.222007 0.498912
v 0.026817 -0.213253 0.494863
v 0.039208 -0.143074 0.616739
v 0.067949 -0.125321 0.636025
v 0.056070 -0.123659 0.632242
v 0.053590 -0.160089 0.582654
v 0.087630 -0.181202 0.615535
v 0.063592 -0.179251 0.566170
v 0.087032 -0.143589 0.587978
v 0.083657 -0.179617 0.611650
v 0.108727 -0.147609 0.636530
v 0.085269 -0.149477 0.618022
v 0.084960 -0.177304 0.546614
v 0.095098 -0.180028 0.576660
v 0.085629 -0.155802 0.652438
v 0.080405 -0.134106 0.509816
v 0.092256 -0.079138 0.726580
v 0.095563 -0.152330 0.601060
v 0.089123 -0.128560 0.701786
v 0.099891 -0.129005 0.601201
v 0.091728 -0.165903 0.599010
v 0.098058 -0.162937 0.570135
v 0.098393 -0.155875 0.582530
v 0.109382 -0.160629 0.587293
v 0.105239 -0.167711 0.601533
v 0.119953 -0.112006 0.584591
v 0.099124 -0.154723 0.530783
v 0.106769 -0.143507 0.626754
v 0.107560 -0.120771 0.616573
v 0.103866 -0.131172 0.603353
v 0.109163 -0.163549 0.561903
v 0.115803 -0.100443 0.604566
v 0.114749 -0.142096 0.603834
v 0.120967 -0.132848 0.612555
v 0.120055 -0.126353 0.667243
v 0.134489 -0.088161 0.643114
v 0.124051 -0.148932 0.545792
v 0.121440 -0.103242 0.657395
v 0.097169 -0.108735 0.725872
v 0.129903 -0.094489 0.582586
v 0.120048 -0.073817 0.617987
v 0.112724 -0.088024 0.728346
v 0.134189 -0.112440 0.665630
v 0.131929 -0.114258 0.656891
v 0.135895 -0.104954 0.625023
v 0.144167 -0.091313 0.652578
v 0.144096 -0.077735 0.618657
v 0.153415 -0.031303 0.643091
v 0.151901 -0.034504 0.613461
v 0.150242 0.009362 0.662296
v 0.001752 -0.152766 0.605288
v 0.033519 -0.137387 0.615240
v 0.047361 -0.183131 0.621070
v 0.041448 -0.171178 0.620864
v 0.048893 -0.176201 0.634732
v 0.089584 -0.121111 0.690063
v 0.109780 -0.096935 0.619503
v 0.102430 -0.117162 0.673820
v 0.138348 -0.115664 0.601725
v 0.141232 -0.066853 0.642832
v 0.153791 -0.092357 0.576978
v 0.144152 -0.006755 0.631195
v -0.151820 -0.007204 0.635679
v -0.141970 -0.080145 0.621504
v -0.145320 -0.015534 0.641046
v -0.144137 -0.091939 0.648527
v -0.138293 -0.117442 0.599807
v -0.146651 -0.042888 0.675339
v -0.142182 -0.069260 0.642651
v -0.153968 -0.093815 0.579017
v -0.136054 -0.127862 0.575749
v -0.130946 -0.090216 0.649023
v -0.140973 -0.124612 0.520058
v -0.113721 -0.158689 0.591886
v -0.128588 -0.108296 0.650914
v -0.116922 -0.142413 0.629643
v -0.115467 -0.112858 0.599622
v -0.120534 -0.103537 0.658618
v -0.118739 -0.136729 0.609721
v -0.124126 -0.095138 0.649847
v -0.120122 -0.066193 0.599733
v -0.116279 -0.058574 0.644628
v -0.100232 -0.127834 0.686373
v -0.112656 -0.138736 0.622657
v -0.110945 -0.100081 0.619039
v -0.104865 -0.116685 0.667774
v -0.097003 -0.166711 0.567131
v -0.086827 -0.147156 0.595179
v -0.095349 -0.152177 0.638857
v -0.095584 -0.148230 0.604787
v -0.105795 -0.126666 0.612432
v -0.102069 -0.124336 0.606435
v -0.102138 -0.054889 0.677814
v -0.102731 -0.155784 0.589727
v -0.096681 -0.120939 0.682517
v -0.091979 -0.136229 0.599868
v -0.087265 -0.177111 0.607569
v -0.092777 -0.178691 0.613481
v -0.085744 -0.155792 0.652748
v -0.087269 -0.125593 0.698387
v -0.088025 -0.175243 0.543241
v -0.086342 -0.183036 0.598362
v -0.055941 -0.152736 0.731757
v -0.058460 -0.155340 0.538199
v -0.062686 -0.181132 0.572086
v -0.053275 -0.184817 0.617694
v -0.043123 -0.168142 0.620246
v -0.049418 -0.177446 0.633418
v -0.067903 -0.122472 0.636528
v -0.035128 -0.146410 0.613115
v -0.049358 -0.129610 0.635780
v -0.040881 -0.175442 0.621141
v -0.043470 -0.165477 0.721326
v -0.020543 -0.225580 0.499958
v -0.021028 -0.243608 0.476039
v -0.012793 -0.214819 0.505219
v -0.013428 -0.239790 0.489448
v -0.011437 -0.191173 0.497783
v -0.006077 -0.103212 0.546379
v -0.001474 -0.123416 0.560974
v -0.015366 -0.186723 0.737019
v -0.004498 -0.182281 0.742171
v -0.031209 -0.137984 0.611603
v -0.055583 -0.134406 0.636919
v 0.012943 0.143440 0.714486
v -0.010514 0.150294 0.698456
v 0.027424 0.241798 0.681314
v -0.001698 0.292207 0.614531
v 0.007182 0.235340 0.681077
v 0.027295 0.227213 0.662202
v 0.007151 0.245139 0.654493
v 0.033102 0.230543 0.647883
v -0.000255 0.281820 0.623178
v 0.050335 0.251794 0.651863
v 0.042752 0.196983 0.651779
v 0.040911 0.213249 0.662129
v 0.046926 0.213606 0.648720
v 0.035884 0.083947 0.868580
v 0.043099 0.222615 0.640680
v 0.049879 0.204034 0.628608
v 0.058418 0.192926 0.652554
v 0.062091 0.186988 0.625086
v 0.070848 0.201099 0.642449
v 0.068690 0.204601 0.569896
v 0.069827 0.159940 0.602433
v 0.078518 0.189217 0.624782
v 0.061893 0.144552 0.596293
v 0.081736 0.187668 0.605361
v 0.094041 0.173852 0.615869
v 0.079552 0.233831 0.601364
v 0.102988 0.199106 0.601174
v 0.119855 0.184936 0.613218
v 0.088463 0.187330 0.591500
v 0.101444 0.174182 0.599554
v 0.116355 0.183777 0.604950
v 0.105586 0.170306 0.628959
v 0.116371 0.175886 0.609213
v 0.110492 0.175378 0.608198
v 0.033034 0.251793 0.619202
v 0.043970 0.226827 0.696744
v 0.039157 0.207135 0.661947
v 0.056990 0.207270 0.657110
v 0.060666 0.202750 0.613506
v 0.015563 0.233954 0.521199
v 0.023769 0.271516 0.591523
v 0.013642 0.291946 0.564520
v 0.032056 0.206884 0.523924
v -0.009402 0.313659 0.496103
v 0.016271 0.314406 0.498329
v 0.023809 0.300468 0.516446
v 0.003925 0.287181 0.525285
v 0.023118 0.285300 0.533353
v 0.028555 0.277031 0.598404
v 0.023824 0.266252 0.628250
v -0.000553 0.298287 0.573423
v 0.014594 0.274695 0.571300
v 0.037677 0.295200 0.504248
v 0.025848 0.267550 0.579594
v 0.023809 0.265782 0.519748
v -0.001742 0.298435 0.522940
v -0.019267 0.297712 0.538589
v 0.019733 0.283007 0.552367
v 0.025938 0.299471 0.549848
v 0.023924 0.218747 0.500562
v 0.032203 0.272588 0.527537
v 0.038052 0.305639 0.511620
v 0.015479 0.244745 0.558095
v 0.040570 0.253813 0.640125
v 0.025089 0.238249 0.548942
v 0.044487 0.233750 0.530786
v 0.029197 0.222969 0.529811
v 0.042580 0.257317 0.578163
v 0.039037 0.242410 0.515281
v 0.027898 0.242281 0.652359
v 0.042423 0.247838 0.507257
v 0.059577 0.251019 0.611358
v 0.046283 0.274150 0.530624
v 0.058241 0.273933 0.525179
v 0.053472 0.237057 0.569721
v 0.072861 0.224991 0.539516
v 0.084306 0.211115 0.526942
v 0.072596 0.237898 0.540045
v 0.074191 0.245709 0.610785
v 0.039270 0.279899 0.516265
v -0.008011 0.167743 0.530285
v 0.015851 0.163468 0.534358
v 0.033573 0.163415 0.524393
v -0.003932 0.213299 0.504161
v 0.033804 0.218791 0.511964
v 0.033243 0.220991 0.541145
v 0.027416 0.161616 0.543230
v 0.040480 0.195577 0.554874
v 0.051630 0.223047 0.553542
v 0.058699 0.180924 0.540905
v 0.046949 0.234510 0.552738
v 0.058247 0.185949 0.551852
v 0.052019 0.209923 0.580320
v 0.060280 0.209110 0.598636
v 0.045429 0.263275 0.528124
v 0.074539 0.197698 0.565133
v 0.077995 0.203783 0.506354
v 0.046175 0.246514 0.588108
v 0.083175 0.167371 0.542332
v 0.063906 0.261150 0.548765
v 0.051079 0.279839 0.516065
v 0.096852 0.216612 0.529099
v 0.080596 0.206557 0.522490
v 0.096850 0.168344 0.528722
v 0.082040 0.214228 0.511942
v 0.107593 0.182335 0.566403
v 0.031939 0.300701 0.550534
v 0.104698 0.207447 0.580658
v 0.100908 0.161932 0.552660
v 0.095386 0.186913 0.500647
v 0.094952 0.199641 0.508592
v 0.100971 0.205219 0.513376
v 0.110669 0.172976 0.523641
v 0.114636 0.186376 0.561367
v 0.110895 0.158082 0.513928
v 0.107514 0.168191 0.553231
v 0.070474 0.201160 0.520657
v 0.105323 0.195232 0.543468
v 0.048449 0.111666 0.637396
v 0.042859 0.126737 0.734570
v 0.058429 0.135087 0.682546
v 0.089545 0.109812 0.689028
v 0.073176 0.096409 0.624867
v 0.084365 0.097642 0.629589
v 0.073183 0.120774 0.674964
v 0.067103 0.070539 0.693164
v 0.083438 0.091119 0.683066
v 0.055297 0.133211 0.748268
v 0.092033 0.127046 0.696816
v 0.094677 0.093217 0.687820
v 0.090043 0.143645 0.622430
v 0.092081 0.132679 0.654584
v 0.095885 0.150323 0.657669
v 0.107485 0.107783 0.685956
v 0.102956 0.142943 0.712003
v 0.107912 0.156043 0.656696
v 0.120245 0.139482 0.709556
v 0.106369 0.152765 0.622785
v 0.112492 0.085193 0.686808
v 0.119639 0.136954 0.658955
v 0.119296 0.156169 0.704801
v 0.124435 0.154507 0.679008
v 0.126485 0.170960 0.643213
v 0.132193 0.127658 0.692516
v 0.122940 0.116644 0.646500
v 0.130163 0.147988 0.701187
v 0.139253 0.126439 0.650156
v 0.061653 0.061374 0.606198
v 0.061809 0.134475 0.598267
v 0.086804 0.159906 0.601705
v 0.071175 0.107126 0.597984
v 0.071891 0.122850 0.569646
v 0.053382 0.125890 0.653070
v 0.096237 0.118032 0.612564
v 0.078715 0.060679 0.671722
v 0.084543 0.033318 0.674609
v 0.105263 0.101521 0.609385
v 0.094356 0.080177 0.625092
v 0.091292 0.117145 0.632625
v 0.113469 0.052490 0.615736
v 0.103518 0.042380 0.610561
v 0.101760 0.120944 0.576346
v 0.106840 0.133807 0.655505
v 0.105721 0.076964 0.602427
v 0.114394 0.127537 0.596466
v 0.094351 0.024335 0.613684
v 0.119811 0.152368 0.593831
v 0.116406 0.147357 0.578331
v 0.119658 0.120919 0.593670
v 0.096590 0.013991 0.606084
v 0.115527 -0.006220 0.642177
v 0.125628 0.069996 0.609583
v 0.107796 0.167667 0.619074
v 0.126665 0.155392 0.588292
v 0.126817 0.136584 0.618464
v 0.130575 0.140956 0.617321
v 0.130121 0.124821 0.618807
v 0.127242 0.140256 0.652668
v 0.142421 0.114592 0.627433
v 0.132966 0.108662 0.614332
v 0.137659 0.114226 0.607303
v 0.126485 0.161164 0.545789
v 0.141632 0.109272 0.682775
v 0.148188 0.099826 0.634448
v 0.141211 0.089526 0.598963
v 0.153650 0.016769 0.612214
v 0.149738 0.106586 0.619048
v 0.142094 0.062637 0.610580
v 0.151714 0.036270 0.628164
v 0.146391 0.025412 0.625645
v 0.147962 0.071518 0.622806
v 0.146298 -0.005622 0.635161
v 0.121285 0.089713 0.602805
v 0.123814 0.118263 0.619349
v 0.002613 0.123094 0.490617
v 0.008623 0.137614 0.469549
v 0.037280 0.117781 0.490916
v 0.046623 0.142035 0.522045
v 0.043037 0.153337 0.532203
v 0.067613 0.137595 0.512299
v 0.058012 0.107016 0.588880
v 0.082303 0.066158 0.499755
v 0.070865 0.105051 0.574289
v 0.075645 0.114470 0.558563
v 0.089202 0.112994 0.554781
v 0.069955 0.171427 0.599527
v 0.078076 0.121318 0.535381
v 0.095277 0.145280 0.539262
v 0.103281 0.109479 0.538185
v 0.086210 0.091651 0.523292
v 0.096095 0.133630 0.519523
v 0.093380 0.128289 0.525457
v 0.103473 0.099643 0.530592
v 0.102332 0.168391 0.559337
v 0.091057 0.163692 0.582453
v 0.107469 0.158252 0.560648
v 0.101979 0.181240 0.513858
v 0.097436 0.124169 0.541934
v 0.100215 0.140983 0.558991
v 0.100288 0.152103 0.527108
v 0.103909 0.119134 0.529492
v 0.083921 0.113848 0.598292
v 0.102881 0.159607 0.515489
v 0.107139 0.109396 0.570803
v 0.100191 0.136220 0.507827
v 0.113923 0.132676 0.519445
v 0.117638 0.119338 0.515381
v 0.113332 0.101379 0.540772
v 0.114341 0.119063 0.529632
v 0.121105 0.084630 0.536167
v 0.123282 0.153692 0.558461
v 0.125396 0.108272 0.580150
v 0.121090 0.146774 0.565003
v 0.122671 0.083731 0.504109
v 0.122353 0.077925 0.527225
v 0.117531 0.107143 0.537411
v 0.114732 0.164375 0.543860
v 0.122311 0.111461 0.556485
v 0.125181 0.045422 0.554525
v 0.129494 0.134854 0.463300
v 0.143276 0.124841 0.500972
v 0.096006 0.137116 0.528007
v 0.081598 0.130795 0.527784
v 0.081992 0.136758 0.514313
v 0.093768 0.101115 0.500107
v 0.081858 0.122308 0.550225
v 0.090345 0.138773 0.584062
v 0.117161 0.176766 0.519573
v 0.123798 0.064748 0.499330
v 0.125353 0.083701 0.544823
v -0.001970 0.055268 0.607412
v 0.002251 0.059073 0.594901
v 0.009202 0.058537 0.605587
v 0.005147 0.047169 0.583430
v 0.037681 0.058951 0.588229
v 0.056508 0.053716 0.597397
v 0.025422 0.049083 0.552422
v 0.058024 0.068089 0.568101
v 0.050827 0.080311 0.584216
v 0.056360 0.095884 0.580251
v 0.064986 0.105357 0.592982
v 0.067041 0.030787 0.554659
v 0.066966 0.066905 0.554808
v 0.041634 0.031500 0.548717
v 0.066586 0.057997 0.534867
v 0.067976 0.088628 0.596771
v 0.064908 0.062571 0.595960
v 0.088241 0.030691 0.566090
v 0.065890 0.055250 0.567912
v 0.074102 0.093636 0.602122
v 0.083600 0.068112 0.547484
v 0.072214 0.072175 0.561279
v 0.079915 0.065670 0.605416
v 0.106013 0.046386 0.535135
v 0.094462 0.073907 0.607706
v 0.091940 0.018829 0.566307
v 0.094377 0.038662 0.547099
v 0.099296 0.033682 0.537507
v 0.109481 0.032439 0.571464
v 0.093252 0.052089 0.526192
v 0.102048 0.036649 0.567540
v 0.107103 0.053651 0.571071
v 0.111433 0.064012 0.593191
v 0.119376 -0.035872 0.596262
v 0.121780 0.052786 0.597975
v 0.145734 0.106269 0.576844
v 0.109558 0.040933 0.569409
v 0.048243 0.060762 0.584552
v 0.042871 0.049068 0.554753
v 0.070842 0.056193 0.589101
v 0.078088 0.056358 0.574628
v 0.076224 0.041406 0.527493
v 0.095404 0.015452 0.556794
v 0.088532 0.061385 0.605534
v 0.108178 0.039211 0.598846
v 0.091764 0.066110 0.598308
v 0.123499 0.041777 0.593797
v 0.128884 0.050589 0.596401
v 0.135443 0.014944 0.585201
v 0.044908 0.035123 0.555241
v 0.027193 0.046335 0.547585
v -0.017544 0.040649 0.538368
v 0.013329 0.037556 0.538844
v 0.012010 0.066790 0.496469
v 0.022704 0.070130 0.476970
v 0.027416 0.075917 0.465030
v 0.037903 -0.004970 0.551935
v 0.021694 0.057992 0.473352
v 0.033274 0.068239 0.485041
v 0.034024 0.047249 0.526743
v 0.041232 0.053502 0.527401
v 0.039450 0.084762 0.474611
v 0.046137 0.091222 0.477774
v 0.056244 0.088371 0.472292
v 0.068598 0.055689 0.519331
v 0.056207 0.085864 0.486790
v 0.071840 0.061056 0.519347
v 0.060460 -0.000326 0.519761
v 0.095334 -0.000209 0.500107
v 0.098118 0.031680 0.498988
v 0.090274 0.084023 0.507322
v 0.099191 0.097603 0.522940
v 0.078971 0.025245 0.494164
v 0.096125 0.046952 0.505738
v 0.092633 0.062621 0.523754
v 0.107825 0.074837 0.522572
v 0.102003 0.053199 0.515646
v 0.127601 0.055138 0.484049
v 0.125300 0.086848 0.488480
v 0.048791 0.070803 0.480619
v 0.035808 0.025337 0.513741
v 0.063315 0.052875 0.505956
v 0.046730 0.048855 0.515784
v 0.090649 0.055420 0.517543
v 0.082910 0.066093 0.509690
v 0.094048 0.046335 0.490715
v 0.105776 0.014300 0.508881
v 0.123972 0.045435 0.492004
v -0.121946 0.170493 0.625628
v -0.118427 0.185057 0.605540
v -0.108542 0.178761 0.599828
v -0.128023 0.169944 0.638485
v -0.100499 0.199601 0.660695
v -0.109088 0.191840 0.599242
v -0.114551 0.188750 0.557635
v -0.110569 0.202671 0.566754
v -0.118299 0.160049 0.544956
v -0.107826 0.182321 0.562211
v -0.111725 0.168642 0.531127
v -0.095929 0.172619 0.605341
v -0.095358 0.188246 0.567045
v -0.094369 0.176406 0.615583
v -0.086329 0.195154 0.523960
v -0.087711 0.183043 0.591901
v -0.091590 0.183234 0.521413
v -0.064440 0.179859 0.542965
v -0.100329 0.153786 0.582340
v -0.087508 0.172249 0.589949
v -0.070295 0.249414 0.609424
v -0.078434 0.170384 0.601613
v -0.048416 0.247578 0.662926
v -0.068041 0.172278 0.612985
v -0.061581 0.188193 0.630743
v -0.068039 0.151869 0.605762
v -0.060545 0.193050 0.652491
v -0.064732 0.204871 0.652171
v -0.059390 0.207414 0.599320
v -0.049724 0.237554 0.588344
v -0.050684 0.204483 0.572527
v -0.046618 0.206288 0.663015
v -0.046236 0.210890 0.601126
v -0.037858 0.231613 0.632643
v -0.017270 0.237540 0.686639
v -0.021502 0.223077 0.710628
v -0.034878 0.276744 0.610139
v -0.029166 0.229774 0.661858
v -0.019600 0.260255 0.642755
v -0.010404 0.240454 0.676297
v 0.001909 0.235087 0.660527
v -0.017037 0.149103 0.670201
v 0.024639 0.147183 0.674395
v -0.104524 0.174031 0.600102
v -0.104733 0.169771 0.559968
v -0.078414 0.191325 0.626840
v -0.067894 0.169867 0.601462
v -0.062575 0.202897 0.612947
v -0.043019 0.198984 0.654008
v -0.047255 0.213453 0.644788
v -0.040298 0.214863 0.661553
v -0.045805 0.246919 0.587560
v -0.042212 0.293878 0.551302
v -0.054589 0.279284 0.527377
v -0.057502 0.269419 0.519545
v -0.028166 0.302502 0.550604
v -0.039263 0.293958 0.504357
v -0.102986 0.208643 0.603920
v -0.054365 0.255336 0.613463
v -0.021421 0.300023 0.516558
v -0.045610 0.241812 0.529780
v -0.044791 0.231717 0.534504
v -0.028187 0.276690 0.534372
v -0.028695 0.234052 0.546851
v -0.030906 0.220180 0.537157
v -0.021354 0.242227 0.521764
v -0.029694 0.277589 0.593217
v -0.040791 0.231854 0.637738
v -0.031969 0.218972 0.511471
v -0.049626 0.231495 0.552411
v -0.021700 0.281161 0.518822
v -0.018242 0.244391 0.561100
v -0.019655 0.317793 0.503933
v -0.021069 0.286696 0.531790
v -0.001641 0.278133 0.608856
v -0.002484 0.313805 0.553688
v -0.020590 0.283558 0.550068
v -0.005793 0.302622 0.509502
v -0.007003 0.253040 0.647499
v -0.001698 0.281269 0.583702
v -0.001642 0.288667 0.549015
v 0.009961 0.304699 0.494756
v -0.025176 0.205132 0.521768
v 0.011434 0.320960 0.507546
v 0.001394 0.252283 0.510867
v -0.000055 0.304725 0.532185
v 0.022050 0.293563 0.541225
v -0.070364 0.241859 0.541237
v -0.039145 0.280905 0.512971
v -0.054859 0.241884 0.562387
v -0.031140 0.286972 0.557254
v -0.043448 0.259492 0.573475
v -0.017829 0.291216 0.564230
v -0.018811 0.266989 0.570550
v -0.001857 0.303957 0.562277
v -0.021781 0.317795 0.510114
v -0.097822 0.185368 0.500654
v -0.102817 0.189712 0.540974
v -0.104005 0.159564 0.515259
v -0.093269 0.198569 0.511368
v -0.101233 0.205693 0.513047
v -0.087976 0.200447 0.502492
v -0.082482 0.212172 0.508560
v -0.090498 0.216428 0.525843
v -0.084392 0.191388 0.521174
v -0.078689 0.213159 0.535524
v -0.074814 0.203373 0.511617
v -0.054943 0.172967 0.541721
v -0.067243 0.202930 0.569039
v -0.069078 0.232602 0.540641
v -0.060700 0.237858 0.529717
v -0.058194 0.226160 0.575330
v -0.052727 0.151678 0.525703
v -0.039037 0.191690 0.553401
v -0.032943 0.159350 0.545385
v -0.053960 0.224598 0.555780
v -0.040845 0.210605 0.539744
v -0.048797 0.156281 0.517200
v -0.042237 0.247875 0.511636
v -0.036085 0.225135 0.506873
v -0.034869 0.205281 0.526552
v -0.022771 0.216127 0.527228
v -0.028846 0.224864 0.502982
v -0.007851 0.228574 0.521161
v 0.001104 0.163613 0.510721
v -0.083464 0.204950 0.525544
v -0.099031 0.211923 0.524069
v -0.128368 0.146451 0.716877
v -0.128627 0.152748 0.714274
v -0.118704 0.154237 0.740463
v -0.119974 0.137131 0.704989
v -0.111435 0.105774 0.686011
v -0.108314 0.158335 0.654615
v -0.114677 0.083539 0.687576
v -0.099855 0.148724 0.726398
v -0.095332 0.125145 0.694732
v -0.091168 0.142161 0.655566
v -0.087846 0.094016 0.685085
v -0.104747 0.126358 0.645836
v -0.092074 0.148382 0.622836
v -0.091431 0.129067 0.645243
v -0.085804 0.133012 0.704854
v -0.082065 0.089445 0.681144
v -0.085751 0.146424 0.744754
v -0.062667 0.127274 0.668275
v -0.049587 0.125816 0.652332
v -0.038841 0.141281 0.710583
v -0.031382 0.120038 0.644007
v 0.024177 0.090829 0.633871
v -0.077456 0.114466 0.688628
v -0.082774 0.124199 0.703789
v -0.159471 0.006776 0.600193
v -0.146394 0.050540 0.617763
v -0.149709 0.006436 0.657321
v -0.152119 0.033360 0.626765
v -0.146234 0.020178 0.626714
v -0.150767 0.099307 0.630558
v -0.142090 0.116185 0.626917
v -0.147888 0.033061 0.623559
v -0.150054 0.048727 0.681520
v -0.143021 0.107308 0.682829
v -0.136192 0.131511 0.647453
v -0.139699 0.124052 0.625939
v -0.132694 0.137996 0.699402
v -0.133762 0.139926 0.616361
v -0.133358 0.111305 0.618479
v -0.132207 0.152190 0.593495
v -0.130606 0.140140 0.651681
v -0.122542 0.116630 0.648080
v -0.120677 0.151840 0.597731
v -0.120225 0.122966 0.656623
v -0.121637 0.107277 0.607989
v -0.124720 0.109596 0.578492
v -0.107700 0.171931 0.625580
v -0.111185 0.156379 0.621379
v -0.104415 0.120250 0.599466
v -0.112441 0.167806 0.605555
v -0.114670 0.078035 0.602354
v -0.117022 -0.048724 0.658438
v -0.106725 0.168857 0.616141
v -0.096813 0.128953 0.619620
v -0.098772 0.087215 0.606733
v -0.084075 0.165103 0.612507
v -0.090655 0.065305 0.608394
v -0.093606 0.077892 0.607487
v -0.082523 0.096617 0.632977
v -0.078870 0.100756 0.646159
v -0.082445 0.098990 0.605282
v -0.085045 0.143356 0.589290
v -0.077817 0.065448 0.603045
v -0.145892 0.097599 0.639696
v -0.149311 0.095953 0.608510
v -0.143368 0.068424 0.608114
v -0.139951 0.105749 0.600072
v -0.123838 0.142307 0.603507
v -0.119061 0.122835 0.595452
v -0.124022 0.117913 0.617555
v -0.093839 0.109199 0.623448
v -0.068548 0.148028 0.585754
v -0.148756 0.100301 0.577981
v -0.139856 0.136882 0.506568
v -0.124654 0.171370 0.532765
v -0.126728 0.161573 0.491469
v -0.127063 0.108474 0.475890
v -0.117787 0.171565 0.506515
v -0.123726 0.154825 0.479712
v -0.120857 0.144489 0.577349
v -0.132243 0.074110 0.439826
v -0.116280 0.151599 0.557636
v -0.122042 0.080046 0.517224
v -0.121568 0.089872 0.542755
v -0.123769 0.106122 0.561996
v -0.117497 0.120216 0.514229
v -0.129293 0.124219 0.457987
v -0.105128 0.068977 0.489269
v -0.116955 0.127620 0.528520
v -0.114554 0.118526 0.540521
v -0.111725 0.166589 0.521562
v -0.107483 0.120084 0.529301
v -0.106058 0.092775 0.529588
v -0.105506 0.140849 0.504801
v -0.101852 0.109223 0.567211
v -0.098999 0.114334 0.512439
v -0.113079 0.104352 0.544054
v -0.098238 0.137204 0.510323
v -0.102202 0.118207 0.531126
v -0.100923 0.106912 0.537414
v -0.100075 0.112627 0.548539
v -0.095321 0.091898 0.519569
v -0.097466 0.132739 0.527977
v -0.099183 0.128790 0.542905
v -0.099043 0.163174 0.551948
v -0.095551 0.163809 0.527173
v -0.092905 0.137104 0.580224
v -0.087607 0.086485 0.527402
v -0.089829 0.110475 0.558311
v -0.087795 0.132616 0.538906
v -0.087330 0.175775 0.580376
v -0.076305 0.130719 0.576538
v -0.078178 0.085987 0.563701
v -0.091986 0.177898 0.508252
v -0.052302 0.100944 0.489954
v -0.065919 0.110772 0.580707
v -0.054123 0.082372 0.488794
v -0.062196 0.112997 0.596360
v -0.054333 0.140689 0.519779
v -0.065521 0.091421 0.460966
v -0.013812 0.116637 0.491820
v 0.019195 0.145777 0.498568
v -0.006937 0.137905 0.469022
v -0.006510 0.132592 0.455899
v -0.003160 0.134179 0.483451
v -0.123367 0.095615 0.491456
v -0.101845 0.120166 0.588270
v -0.100552 0.141682 0.545358
v -0.095860 0.166845 0.518377
v -0.085490 0.137321 0.517875
v -0.079975 0.119642 0.554523
v -0.094131 0.097555 0.499254
v -0.068509 0.138358 0.511890
v -0.130526 0.037230 0.592252
v -0.125164 0.053427 0.594418
v -0.124537 0.066512 0.609863
v -0.124157 0.046819 0.547002
v -0.118868 0.059979 0.601909
v -0.103192 0.064413 0.590175
v -0.113956 0.031621 0.560563
v -0.113815 0.050305 0.552861
v -0.107402 0.034827 0.564082
v -0.103269 0.042743 0.609264
v -0.098624 0.018080 0.609875
v -0.094233 0.016543 0.555365
v -0.099579 0.038589 0.549164
v -0.104861 0.038590 0.535611
v -0.092121 0.069150 0.599651
v -0.110666 0.049615 0.614630
v -0.086154 0.028890 0.567136
v -0.093064 0.016159 0.562815
v -0.075341 0.041892 0.528930
v -0.077813 0.038448 0.561901
v -0.082369 0.066454 0.546848
v -0.083842 0.077886 0.588248
v -0.079103 0.056962 0.582834
v -0.064924 0.032633 0.554640
v -0.074307 0.082471 0.597848
v -0.077582 0.101829 0.586137
v -0.067140 0.066948 0.552953
v -0.070280 0.058729 0.562913
v -0.064198 0.054581 0.592180
v -0.066074 0.076105 0.592414
v -0.056714 0.138904 0.602079
v -0.059725 0.063871 0.561992
v -0.074242 0.099835 0.638924
v -0.062744 0.082238 0.573541
v -0.052727 0.051603 0.544772
v -0.057656 0.084115 0.575581
v 0.011810 0.064927 0.619957
v -0.013513 0.039750 0.552180
v -0.126952 0.053139 0.561828
v -0.127191 0.034667 0.564573
v -0.079461 0.060557 0.569548
v -0.073490 0.115256 0.569471
v -0.080625 0.079770 0.607716
v -0.067072 0.059812 0.584693
v -0.057213 0.067071 0.578721
v -0.156451 -0.021135 0.494696
v -0.149327 0.088468 0.474907
v -0.096195 0.050535 0.522981
v -0.124921 0.069868 0.500211
v -0.104760 0.012376 0.511555
v -0.111402 0.073886 0.521030
v -0.105736 0.073725 0.521894
v -0.095156 0.019064 0.509468
v -0.097756 0.029392 0.488130
v -0.085157 0.067696 0.500102
v -0.106790 0.047992 0.535117
v -0.091644 0.063727 0.521557
v -0.091591 0.057757 0.519692
v -0.088490 0.072383 0.507518
v -0.094260 0.042873 0.492336
v -0.098863 0.054250 0.533148
v -0.080213 0.065954 0.516179
v -0.064845 0.053204 0.509478
v -0.052963 -0.001395 0.523194
v -0.051144 0.050890 0.517977
v -0.044875 0.047290 0.552955
v -0.050184 0.054959 0.526913
v -0.036505 0.047971 0.532219
v -0.034853 0.069314 0.483248
v -0.035460 0.040360 0.512662
v -0.025044 0.012491 0.528059
v -0.027692 0.074297 0.488333
v -0.026587 0.044411 0.550796
v -0.021606 0.058071 0.475036
v -0.013111 0.067884 0.498757
v -0.026534 0.066685 0.459505
v 0.000090 0.020037 0.520343
v -0.000792 0.064519 0.479655
v -0.002169 0.019678 0.549524
v -0.034009 0.053091 0.582487
v -0.002566 0.028488 0.522211
v 0.027670 0.055248 0.500572
v -0.125453 0.047133 0.488010
v -0.093787 0.059347 0.496729
v -0.100036 0.033707 0.498924
v -0.064898 0.055725 0.537647
v -0.070357 0.058479 0.519846
v -0.038832 0.058414 0.506374
v 0.011813 -0.081051 0.583258
v -0.002041 0.010146 0.535577
v 0.021081 0.012126 0.528040
v 0.001934 -0.016456 0.541453
v -0.001355 -0.051977 0.537534
v 0.050184 -0.010475 0.527524
v 0.022288 -0.043392 0.526413
v 0.022205 -0.097655 0.510243
v 0.045252 0.023492 0.526465
v 0.038299 -0.054997 0.528044
v 0.032037 -0.034933 0.477333
v 0.035102 -0.032962 0.483994
v 0.058506 -0.005209 0.527751
v 0.053257 -0.068370 0.473688
v 0.035557 0.052573 0.470961
v 0.058944 -0.103794 0.507701
v 0.048865 -0.067829 0.466797
v 0.064528 -0.083911 0.490536
v 0.063359 -0.071341 0.471562
v 0.066482 -0.056824 0.478294
v 0.074386 -0.049092 0.470374
v 0.071176 -0.051946 0.481518
v 0.089873 0.006427 0.491835
v 0.100446 -0.098842 0.510461
v 0.083375 -0.128467 0.486714
v 0.094974 -0.080166 0.472025
v 0.113385 -0.115428 0.543857
v 0.089112 0.028045 0.514512
v 0.112263 -0.033628 0.475921
v 0.114527 -0.031164 0.484725
v 0.095750 -0.042498 0.480641
v 0.114186 -0.042909 0.471871
v 0.127575 -0.058588 0.503607
v 0.108688 -0.108110 0.468774
v 0.138623 -0.061025 0.494271
v 0.127886 -0.031889 0.491665
v 0.136568 -0.087601 0.508399
v 0.125377 -0.090518 0.527177
v 0.147357 -0.097824 0.496192
v 0.129336 -0.110083 0.523553
v 0.125115 -0.131073 0.470114
v 0.139006 -0.047272 0.575837
v 0.134090 -0.128288 0.449392
v 0.140035 -0.114044 0.542262
v 0.146582 -0.100821 0.558987
v 0.149255 -0.057125 0.470905
v 0.149129 -0.062685 0.536748
v 0.151166 -0.053694 0.526994
v 0.150165 -0.086565 0.543128
v 0.155972 -0.089927 0.549579
v 0.155478 -0.015373 0.490970
v 0.161582 -0.042769 0.515661
v 0.161703 -0.073452 0.535875
v 0.143916 0.093931 0.460936
v 0.165185 -0.007719 0.540076
v 0.165287 -0.056943 0.564457
v 0.150416 -0.081660 0.597289
v 0.159084 0.040256 0.573885
v 0.078391 -0.087222 0.480393
v 0.091436 -0.048102 0.474669
v 0.131465 0.013044 0.472473
v 0.007464 -0.188839 0.471456
v -0.004112 -0.134505 0.513330
v 0.004153 -0.134584 0.511668
v 0.015880 -0.132426 0.516290
v 0.012972 -0.156291 0.461456
v 0.010540 -0.221427 0.460303
v -0.002686 -0.233495 0.488022
v 0.015333 -0.117473 0.475768
v 0.011149 -0.165848 0.507692
v 0.015066 -0.119384 0.490973
v -0.012207 -0.119682 0.486587
v 0.013154 -0.205244 0.467212
v 0.013573 -0.195456 0.460953
v 0.016887 -0.152947 0.472806
v 0.033145 -0.134127 0.488060
v 0.025535 -0.126477 0.501943
v 0.038045 -0.126327 0.518306
v 0.030184 -0.117571 0.473351
v 0.056635 -0.137037 0.487928
v 0.048555 -0.092067 0.502048
v 0.025461 -0.122376 0.550362
v 0.054965 -0.113651 0.464803
v 0.066336 -0.135772 0.480554
v 0.077670 -0.117384 0.487966
v 0.066833 -0.114976 0.465380
v 0.055335 -0.159987 0.545179
v 0.055279 -0.138254 0.539151
v 0.064826 -0.086014 0.463109
v 0.070015 -0.145908 0.472815
v 0.072365 -0.097274 0.490852
v 0.101087 -0.114462 0.502319
v 0.106662 -0.124042 0.473426
v 0.099773 -0.154344 0.554437
v 0.002785 -0.241770 0.474239
v 0.027011 -0.120677 0.518475
v 0.030615 -0.227957 0.469553
v 0.034591 -0.124643 0.472439
v -0.129359 -0.031891 0.491734
v -0.123047 0.043380 0.492070
v -0.100246 0.030521 0.618630
v -0.098255 0.000460 0.500849
v -0.083302 0.014028 0.490707
v -0.084431 0.004027 0.500476
v -0.081379 0.032504 0.495395
v -0.052411 0.031679 0.544486
v -0.065447 -0.056349 0.478109
v -0.040911 -0.035164 0.485077
v -0.065804 -0.069525 0.476687
v -0.041198 -0.057135 0.464482
v -0.047229 -0.021885 0.539041
v -0.038614 -0.046261 0.482368
v -0.038040 -0.061393 0.523164
v -0.028874 0.025849 0.550329
v -0.031947 -0.031403 0.479291
v -0.054635 0.032161 0.521781
v -0.016357 -0.062924 0.524854
v -0.035852 0.023577 0.516891
v -0.017595 0.019174 0.515409
v 0.000188 -0.037747 0.563307
v -0.061362 -0.002709 0.530395
v -0.034840 -0.043966 0.555830
v -0.166693 -0.046913 0.561516
v -0.159532 -0.084471 0.543841
v -0.161316 -0.036423 0.508963
v -0.151062 -0.077766 0.598874
v -0.158726 -0.066758 0.527761
v -0.154522 -0.045085 0.515304
v -0.147664 -0.100628 0.558979
v -0.148102 -0.064367 0.541185
v -0.149595 0.000115 0.626673
v -0.150566 -0.074710 0.546960
v -0.145756 -0.078198 0.546926
v -0.144784 -0.101338 0.498772
v -0.141879 -0.111985 0.542286
v -0.138893 -0.116019 0.511000
v -0.137998 -0.047083 0.488670
v -0.131547 0.021699 0.471048
v -0.135170 -0.089562 0.508222
v -0.132677 0.018346 0.590504
v -0.132236 -0.135539 0.449410
v -0.127056 -0.127026 0.470415
v -0.121480 -0.099551 0.529596
v -0.111629 -0.117750 0.543308
v -0.118756 -0.127074 0.533766
v -0.116468 -0.035667 0.475057
v -0.107434 -0.119098 0.473011
v -0.113125 -0.073863 0.441802
v -0.122563 0.038263 0.596280
v -0.102933 -0.135793 0.471322
v -0.100946 -0.099572 0.509719
v -0.117777 -0.030418 0.484701
v -0.104958 -0.102556 0.492988
v -0.102353 -0.063263 0.486167
v -0.095720 -0.059428 0.461190
v -0.110212 -0.033630 0.478206
v -0.089816 -0.087827 0.480113
v -0.093556 -0.068243 0.466659
v -0.092127 -0.050768 0.478403
v -0.093414 -0.067489 0.459495
v -0.085659 -0.051021 0.464967
v -0.058891 -0.097943 0.506361
v -0.073857 -0.098669 0.493258
v -0.060651 -0.112324 0.507905
v -0.067357 -0.072566 0.462668
v -0.066693 -0.135975 0.480052
v -0.060895 -0.073591 0.470649
v -0.051194 -0.092765 0.482935
v -0.038918 -0.030958 0.529362
v -0.153715 -0.092440 0.493093
v -0.135585 -0.078316 0.580869
v -0.077581 -0.092031 0.488162
v -0.055668 -0.137466 0.538611
v -0.054385 -0.090593 0.502471
v -0.123935 -0.140143 0.461749
v -0.070725 -0.145747 0.472470
v -0.082464 -0.160274 0.527341
v -0.096643 -0.176770 0.555084
v -0.072627 -0.136919 0.484234
v -0.075730 -0.118795 0.489474
v -0.053345 -0.129220 0.506440
v -0.039267 -0.133017 0.503580
v -0.030549 -0.122200 0.473253
v -0.056730 -0.115348 0.464714
v -0.029399 -0.115245 0.476107
v -0.038970 -0.126183 0.517000
v -0.030168 -0.112110 0.495553
v -0.034818 -0.125243 0.488607
v -0.027685 -0.122194 0.544963
v -0.023291 -0.123041 0.498069
v -0.005066 -0.094505 0.514419
v -0.024434 -0.120792 0.519993
v -0.021443 -0.210101 0.501777
v -0.021023 -0.201503 0.475754
v -0.032891 -0.137552 0.481950
v -0.032706 -0.132470 0.486811
v -0.013425 -0.116873 0.476892
v -0.007869 -0.134239 0.564498
v -0.017472 -0.189911 0.490241
v -0.017481 -0.123105 0.493966
v -0.013351 -0.132752 0.493305
v -0.014983 -0.116811 0.529476
v -0.011649 -0.207317 0.465664
v -0.008999 -0.140861 0.461282
v -0.015394 -0.156302 0.464535
v -0.011204 -0.170307 0.506353
v -0.012182 -0.198770 0.463544
v -0.007658 -0.191079 0.471210
v -0.008192 -0.130608 0.521120
v 0.029130 -0.111549 0.496490
v -0.002001 -0.105103 0.536103
v 0.007643 -0.179570 0.465429
v 0.003795 -0.168111 0.513159
v 0.004839 -0.139977 0.459668
v -0.001760 -0.216760 0.471313
v -0.015242 0.324723 0.412263
v -0.020972 0.334783 0.420956
v -0.008987 0.334749 0.407143
v -0.021153 0.304991 0.445771
v -0.005674 0.302972 0.456784
v -0.016220 0.306608 0.459420
v -0.015604 0.332048 0.458461
v -0.012965 0.345439 0.439297
v -0.015936 0.337831 0.429059
v -0.005298 0.347022 0.456496
v -0.008254 0.312889 0.422089
v -0.015735 0.312103 0.437721
v -0.005413 0.320462 0.467660
v -0.009608 0.283553 0.423834
v -0.003044 0.433623 0.416525
v -0.003991 0.230401 0.436258
v 0.003908 0.267744 0.445945
v -0.009330 0.233402 0.394950
v -0.005264 0.238502 0.390555
v -0.001688 0.297221 0.406291
v 0.008700 0.210654 0.455015
v -0.000080 0.281806 0.380161
v -0.001554 0.148451 0.402173
v 0.014320 0.339546 0.418196
v 0.007192 0.273461 0.390558
v 0.006534 0.323545 0.468056
v 0.011414 0.234146 0.396286
v 0.021507 0.308613 0.456080
v 0.008401 0.312566 0.419832
v 0.011294 0.298827 0.448999
v 0.012918 0.346462 0.430452
v 0.018901 0.354689 0.444194
v 0.009581 0.295447 0.439713
v 0.000167 0.291092 0.383460
v 0.012113 0.330644 0.435039
v 0.018829 0.335705 0.454966
v 0.019461 0.316359 0.393345
v 0.022831 0.332799 0.420684
v -0.008207 0.292753 0.390168
v -0.005726 0.294935 0.437651
v -0.011051 0.209355 0.450243
v -0.001738 0.309005 0.425634
v -0.001508 0.350948 0.430147
v 0.013100 0.308825 0.432220
v 0.012900 0.242491 0.441245
v 0.013469 0.410215 0.435510
v 0.005355 0.346963 0.458151
v 0.007466 0.302978 0.439076
v -0.023551 0.326921 0.332349
v -0.023430 0.324021 0.337441
v -0.023518 0.330929 0.339941
v -0.012858 0.332333 0.341196
v -0.013361 0.326476 0.331562
v -0.010118 0.362990 0.367900
v -0.017055 0.356233 0.350282
v -0.017084 0.350351 0.387633
v -0.007581 0.339547 0.385067
v -0.007309 0.328390 0.388251
v -0.007652 0.271669 0.368490
v -0.007601 0.325274 0.324468
v 0.000796 0.317912 0.349518
v -0.004535 0.454680 0.349140
v -0.006778 0.281093 0.331432
v -0.003354 0.262109 0.366604
v 0.015177 0.327746 0.410773
v -0.007106 0.410505 0.432634
v 0.008979 0.312396 0.377080
v 0.009439 0.324857 0.369877
v 0.005389 0.366819 0.323188
v 0.017318 0.356995 0.347334
v 0.008410 0.363441 0.387299
v 0.019003 0.351000 0.377915
v 0.007888 0.236559 0.337420
v 0.005493 0.252727 0.378688
v 0.005935 0.307309 0.400209
v 0.008826 0.452364 0.353577
v 0.012000 0.306762 0.381047
v 0.017511 0.335829 0.331505
v 0.013068 0.351627 0.337722
v 0.027452 0.324124 0.402239
v 0.022890 0.322252 0.333473
v 0.023953 0.332658 0.340197
v -0.006064 0.281280 0.387062
v -0.001470 0.321177 0.332798
v -0.018983 0.316122 0.393039
v -0.012569 0.322086 0.379143
v -0.007442 0.234644 0.338480
v 0.005811 0.333870 0.384817
v 0.012792 0.332284 0.341631
v 0.012010 0.447270 0.413608
v 0.013807 0.331489 0.398874
v 0.008026 0.323214 0.337741
v -0.004989 0.326409 0.297911
v 0.001382 0.276285 0.277878
v -0.005982 0.234490 0.291779
v 0.004405 0.256555 0.296189
v 0.006831 0.328541 0.269993
v -0.007417 0.235284 0.207126
v 0.004327 0.172432 0.232076
v 0.009071 0.325999 0.298049
v 0.005725 0.297289 0.330398
v 0.004888 0.319411 0.280138
v 0.009154 0.326231 0.324177
v -0.009220 0.315666 0.286047
v 0.001840 0.324931 0.319239
v 0.009504 0.245623 0.288845
v -0.028630 0.115118 0.340098
v -0.009254 0.146456 0.367043
v -0.013704 0.129584 0.400131
v -0.008614 0.152544 0.405232
v -0.028366 0.105932 0.377357
v -0.011081 0.155875 0.367148
v 0.000371 0.181412 0.449789
v -0.007302 0.164372 0.361507
v 0.000106 0.233640 0.400114
v 0.012398 0.156054 0.365251
v -0.015214 0.121728 0.432655
v -0.006252 0.206226 0.456450
v 0.009253 0.137748 0.441167
v 0.013389 0.132541 0.459702
v 0.008751 0.149635 0.404955
v 0.003734 0.239525 0.433906
v 0.009583 0.265770 0.371185
v 0.005344 0.132943 0.416046
v 0.007308 0.127306 0.454662
v 0.006937 0.139604 0.384646
v 0.011427 0.148450 0.413051
v 0.028029 0.101052 0.445993
v 0.030622 0.104514 0.417579
v 0.029927 0.120592 0.340165
v 0.004580 0.142468 0.421269
v -0.010254 0.097885 0.330069
v -0.010464 0.077000 0.356620
v 0.005690 0.089234 0.383510
v 0.009441 0.080603 0.405436
v 0.004185 0.077995 0.387189
v -0.004509 0.071922 0.427673
v 0.002364 0.069094 0.437428
v 0.009749 0.073048 0.445517
v 0.008030 0.078954 0.359821
v 0.005865 0.092871 0.344727
v 0.010670 0.070236 0.398083
v 0.019158 0.079957 0.426726
v 0.020437 0.092229 0.362683
v 0.038029 0.045488 0.327032
v 0.023397 0.099769 0.348068
v 0.031358 0.082310 0.394574
v 0.025114 0.060983 0.430743
v 0.032238 0.088177 0.350821
v 0.030541 0.053333 0.369691
v 0.025191 0.089769 0.412919
v 0.019361 0.069921 0.388467
v 0.028712 0.104688 0.376118
v 0.025481 0.103078 0.335340
v 0.025956 0.089727 0.395739
v 0.026293 0.083599 0.432093
v 0.024981 0.115223 0.373082
v 0.029764 0.089983 0.386136
v 0.022589 0.112496 0.409874
v 0.037520 0.047882 0.334358
v 0.034634 0.094813 0.451071
v 0.035529 0.057261 0.465288
v 0.020385 0.062604 0.463203
v 0.060166 0.044316 0.360317
v 0.039027 0.072193 0.465209
v 0.068344 -0.012794 0.346176
v 0.037327 0.108915 0.477990
v 0.062854 0.008502 0.317449
v 0.067311 0.091204 0.461914
v 0.115673 0.029299 0.427294
v 0.048303 0.061152 0.470321
v 0.075915 0.003470 0.304037
v 0.075148 -0.032573 0.346178
v 0.103180 0.078414 0.442689
v 0.083649 0.006682 0.351269
v 0.105214 0.050019 0.421739
v 0.107122 0.020890 0.412278
v 0.114732 0.021480 0.417824
v 0.120000 0.157434 0.483072
v 0.135081 0.025382 0.429051
v 0.132185 0.150945 0.483918
v -0.017122 0.092537 0.368296
v -0.004343 0.084714 0.353843
v 0.017632 0.093816 0.383387
v 0.020923 0.076515 0.443019
v 0.033141 0.076905 0.435683
v 0.064510 0.041492 0.413961
v 0.054594 0.021858 0.315763
v -0.131526 0.135229 0.464864
v -0.138234 0.072585 0.441659
v -0.132981 0.056430 0.440333
v -0.112072 0.146830 0.508112
v -0.104668 0.031118 0.439665
v -0.105309 0.078513 0.442894
v -0.110431 0.034329 0.415232
v -0.056343 0.086833 0.472347
v -0.082503 0.029686 0.430366
v -0.103657 0.015752 0.411948
v -0.048946 0.062371 0.470093
v -0.083441 -0.016308 0.304704
v -0.082566 0.012493 0.396924
v -0.073910 0.037596 0.407277
v -0.050513 0.061630 0.414508
v -0.033921 0.030899 0.475587
v -0.066238 -0.013112 0.312711
v -0.035539 0.052175 0.336140
v -0.083615 -0.002431 0.346806
v -0.051286 0.027324 0.409928
v -0.056387 0.025850 0.412205
v -0.046318 0.064746 0.376116
v -0.066734 -0.021044 0.347484
v -0.026717 0.058764 0.426206
v -0.035686 0.088299 0.350586
v -0.039235 0.062590 0.462631
v -0.035030 0.054413 0.468705
v -0.042087 0.082242 0.476224
v -0.020999 0.077497 0.351674
v -0.033319 0.074288 0.434203
v -0.025013 0.086026 0.430123
v -0.032132 0.081851 0.393561
v -0.031435 0.089674 0.385973
v -0.006480 0.088485 0.347397
v -0.025017 0.102891 0.350008
v -0.021947 0.074328 0.466742
v -0.024216 0.106405 0.447660
v -0.018711 0.075157 0.442899
v -0.020983 0.070098 0.388643
v -0.016770 0.061377 0.436117
v -0.011721 0.069719 0.397123
v -0.011765 0.056888 0.430625
v -0.023414 0.052774 0.377175
v -0.029826 0.105142 0.416364
v -0.024690 0.097858 0.408476
v -0.021466 0.086166 0.411473
v -0.028695 0.113858 0.380072
v -0.011401 0.081247 0.405543
v -0.003998 0.120864 0.494203
v -0.009224 0.122709 0.451188
v -0.006614 0.080422 0.386339
v -0.013119 0.079135 0.422856
v -0.005215 0.133020 0.416237
v -0.001804 0.148029 0.384916
v -0.009494 0.138635 0.433686
v 0.005677 0.134825 0.452713
v -0.065336 0.042490 0.321431
v -0.044636 0.033716 0.367578
v -0.036879 0.099373 0.469116
v -0.028192 0.049329 0.415597
v -0.022641 0.093060 0.387942
v -0.024626 0.095436 0.358694
v -0.053517 0.068509 0.289571
v -0.033129 0.097252 0.316850
v -0.047250 0.041911 0.291794
v -0.013290 0.098830 0.305354
v -0.021493 0.084173 0.312101
v -0.028007 0.124638 0.300798
v -0.022630 0.124778 0.289599
v -0.022541 0.120625 0.332659
v -0.024378 0.104439 0.336432
v -0.019153 0.105460 0.329359
v -0.012793 0.137926 0.342008
v -0.026781 0.129453 0.258522
v -0.007701 0.081770 0.317169
v -0.011301 0.145648 0.324113
v -0.021142 0.131565 0.248038
v -0.000044 0.089455 0.318122
v -0.003628 0.165629 0.323908
v -0.002829 0.095873 0.271636
v 0.001968 0.167161 0.305657
v 0.003311 0.259402 0.342749
v 0.011330 0.169180 0.237874
v 0.003473 0.272213 0.246380
v 0.007706 0.096536 0.329344
v 0.009079 0.147641 0.367584
v 0.011374 0.168296 0.281105
v 0.007245 0.146702 0.338347
v 0.011961 0.147944 0.324193
v 0.013251 0.149322 0.281176
v 0.010874 0.090423 0.309316
v 0.011032 0.277663 0.194278
v 0.008554 0.327350 0.225615
v 0.024772 0.105862 0.307551
v 0.030809 0.060881 0.294600
v 0.017560 0.083461 0.320254
v 0.025588 0.109202 0.280563
v 0.034773 0.096594 0.316644
v 0.026927 0.108017 0.296823
v 0.027184 0.107599 0.313308
v 0.029874 0.122769 0.302575
v 0.024577 0.109375 0.268768
v 0.060281 0.064530 0.290089
v 0.047487 0.070262 0.328154
v 0.088880 0.014979 0.274835
v 0.063470 0.042843 0.322647
v 0.081555 -0.002983 0.305723
v -0.026183 0.105813 0.308915
v -0.017897 0.102441 0.288438
v -0.037127 0.053789 0.289190
v -0.010242 0.162685 0.324507
v -0.006353 0.169736 0.271551
v -0.002555 0.157446 0.349879
v 0.003493 0.170768 0.277949
v 0.002980 0.167195 0.260827
v 0.001899 0.167020 0.294446
v 0.008101 0.165481 0.321902
v 0.017548 0.102045 0.289724
v 0.008927 0.169701 0.271764
v 0.024312 0.128164 0.291877
v 0.010930 0.156093 0.232836
v 0.032996 0.056974 0.300893
v 0.066417 0.039619 0.315954
v -0.040976 0.046663 0.175153
v -0.085615 0.025691 0.200608
v -0.091036 -0.027518 0.263619
v -0.075888 0.019005 0.271352
v -0.058287 0.065164 0.293320
v -0.023623 0.065848 0.261303
v -0.047790 0.036604 0.255317
v -0.059404 0.014295 0.277643
v -0.024421 0.108877 0.278607
v -0.002573 0.092440 0.234879
v -0.019197 0.090126 0.194816
v -0.009430 0.083971 0.281035
v -0.008191 0.094236 0.201034
v -0.030066 0.097633 0.240313
v -0.015941 0.106449 0.249356
v -0.021305 0.137661 0.217063
v -0.015230 0.102270 0.266903
v -0.017025 0.109669 0.206538
v 0.009533 0.103304 0.224635
v 0.001796 0.094089 0.238121
v 0.010574 0.083026 0.237024
v 0.031701 0.096866 0.239678
v 0.010685 0.086158 0.267340
v 0.021044 0.113167 0.248961
v 0.024469 0.107176 0.239241
v 0.022792 0.132604 0.248267
v 0.026868 0.132914 0.260832
v 0.047111 0.033929 0.211244
v 0.052397 0.070021 0.259328
v 0.031530 0.100523 0.280872
v 0.054904 0.028106 0.248664
v 0.056530 0.026011 0.169043
v 0.064988 0.014088 0.282381
v 0.066856 0.004141 0.152829
v 0.062630 0.007910 0.234514
v 0.065852 0.058365 0.169639
v -0.054980 0.028906 0.214192
v -0.052280 0.072209 0.222314
v -0.021588 0.110275 0.227686
v -0.011303 0.079878 0.236783
v -0.024906 0.114486 0.254593
v -0.024394 0.108728 0.270548
v -0.003244 0.103954 0.253067
v 0.002693 0.094416 0.231407
v 0.014432 0.103586 0.265533
v 0.008134 0.086212 0.280777
v 0.024555 0.109349 0.227457
v 0.038461 0.093698 0.228708
v 0.095506 0.008175 0.148349
v -0.073462 0.044074 0.160498
v -0.072943 0.050022 0.165816
v -0.024702 0.112290 0.189742
v -0.091696 0.034048 0.125660
v -0.034427 0.103001 0.156115
v -0.020874 0.116987 0.148028
v -0.031833 0.102411 0.198733
v -0.020791 0.090596 0.155083
v -0.002685 0.098595 0.159599
v -0.015913 0.081809 0.144490
v -0.027400 0.129531 0.175906
v -0.009961 0.105857 0.168086
v -0.024672 0.118146 0.212448
v -0.024903 0.125200 0.134998
v -0.009415 0.157602 0.159665
v -0.010856 0.151597 0.238113
v -0.015174 0.107741 0.144783
v -0.011070 0.152591 0.197115
v -0.008714 0.103634 0.181635
v 0.001443 0.165256 0.132171
v -0.001866 0.104272 0.208834
v -0.009591 0.169530 0.198325
v -0.007415 0.169926 0.228707
v -0.007288 0.199171 0.174569
v -0.004405 0.171371 0.123544
v 0.016798 0.108498 0.167479
v 0.005909 0.103179 0.144812
v -0.000237 0.173379 0.217411
v -0.005715 0.263515 0.148910
v 0.011171 0.170078 0.155608
v 0.002212 0.094377 0.195044
v 0.020518 0.110076 0.204500
v 0.007905 0.169899 0.204972
v 0.015282 0.088325 0.156252
v 0.015722 0.092877 0.198772
v 0.022805 0.136585 0.166148
v 0.001619 0.166598 0.251887
v 0.024602 0.111253 0.184476
v 0.026357 0.072693 0.187174
v 0.023635 0.108236 0.157996
v 0.026648 0.131410 0.135475
v 0.029536 0.124991 0.214786
v 0.028657 0.132792 0.176005
v 0.033833 0.103129 0.156137
v 0.032716 0.108722 0.148673
v 0.035302 0.099435 0.193187
v 0.046533 0.083022 0.172761
v 0.047047 0.087124 0.143653
v -0.041314 0.055427 0.142662
v -0.022762 0.130618 0.166382
v -0.022782 0.110844 0.157298
v -0.010221 0.096087 0.185370
v -0.007478 0.170291 0.189425
v 0.000351 0.165723 0.177954
v -0.007513 0.170905 0.160633
v -0.000393 0.166189 0.212684
v 0.009364 0.169953 0.190684
v -0.004269 0.098232 0.150672
v 0.001653 0.172148 0.137720
v 0.009346 0.108273 0.130244
v 0.013117 0.152758 0.199228
v 0.018299 0.112065 0.143683
v 0.024426 0.107307 0.196225
v 0.026843 0.116984 0.171550
v 0.008591 0.096128 0.184506
v -0.007239 0.099325 0.105795
v -0.030095 0.104501 0.112244
v -0.032376 0.099459 0.077826
v -0.051367 0.046936 0.046794
v -0.018714 0.103503 0.118134
v -0.023813 0.134395 0.120557
v -0.022912 0.127075 0.094379
v -0.030930 0.124620 0.067199
v -0.008769 0.106332 0.091328
v -0.021453 0.144888 0.078631
v -0.028691 0.099203 0.031001
v 0.009076 0.107049 0.100227
v 0.005413 0.171088 0.124714
v 0.010350 0.094128 0.113077
v 0.013326 0.096547 0.105753
v 0.011446 0.157141 0.117186
v 0.028638 0.105782 0.076218
v 0.020946 0.115177 0.106046
v 0.044903 0.062224 0.045394
v 0.018768 0.084090 0.113323
v 0.018088 0.132778 0.085936
v 0.020032 0.146834 0.081051
v 0.024784 0.135300 0.099021
v 0.024091 0.119917 0.133349
v 0.034304 0.068451 0.089965
v 0.030261 0.103100 0.114185
v 0.033146 0.107132 0.101596
v 0.053743 0.046247 0.089347
v 0.052737 0.069433 0.002324
v 0.050091 0.085323 0.051617
v 0.049210 0.078973 0.008380
v 0.030825 0.097636 0.027145
v 0.053553 0.035229 0.124599
v 0.066138 0.011466 0.124789
v 0.090227 0.023057 0.038296
v 0.085239 0.038393 0.077812
v 0.067668 0.063527 0.080053
v 0.075893 0.052776 0.041094
v 0.097411 -0.013604 -0.011803
v 0.087948 -0.030970 0.065377
v 0.095351 0.001537 0.113470
v 0.084311 -0.032903 0.109491
v 0.099033 0.006401 0.072495
v -0.019066 0.114363 0.105259
v -0.009653 0.097368 0.084590
v -0.007873 0.098334 0.122243
v -0.015118 0.111853 0.129226
v 0.013777 0.090267 0.075920
v 0.015573 0.111508 0.083768
v 0.008185 0.096445 0.065881
v 0.002301 0.091336 0.036516
v 0.025076 0.117780 0.068655
v 0.022981 0.113523 0.113312
v 0.030716 0.123726 0.066450
v 0.034700 0.070442 0.057063
v 0.069536 0.028452 0.041300
v 0.072125 0.052833 0.124958
v -0.106694 -0.036707 0.068162
v -0.064646 0.060633 0.084506
v -0.071532 0.040229 0.002230
v -0.042188 0.053621 0.007305
v -0.082700 -0.029943 -0.005021
v -0.087332 0.000540 0.040098
v -0.068072 0.038596 0.044555
v -0.082100 -0.008372 0.122318
v -0.063413 0.064061 0.092389
v -0.033483 0.068093 0.064233
v -0.027489 0.107225 0.068555
v -0.020414 0.111415 0.027439
v -0.007845 0.092065 0.019218
v -0.011299 0.095543 0.068677
v 0.043864 0.055071 0.002081
v 0.080263 -0.015127 -0.015330
v 0.054363 0.042801 0.005318
v -0.042169 0.054349 0.013832
v -0.015409 0.082418 0.030612
v -0.019044 0.354459 0.327558
v -0.016825 0.361643 0.333950
v -0.011481 0.369710 0.317766
v -0.002426 0.509920 0.206779
v -0.004738 0.460396 0.291831
v -0.003544 0.373261 0.324301
v 0.005161 0.357043 0.355495
v 0.000054 0.535741 0.227749
v 0.001209 0.369188 0.361963
v -0.003441 0.366691 0.383587
v 0.002493 0.457202 0.353049
v 0.002926 0.442872 0.342412
v 0.002151 0.425987 0.431078
v -0.001725 0.472180 0.400017
v 0.005574 0.483812 0.383953
v 0.010115 0.373911 0.323711
v 0.009091 0.516900 0.258818
v 0.009279 0.484568 0.388339
v 0.006469 0.513920 0.309174
v 0.007902 0.535234 0.234021
v 0.011405 0.364586 0.307156
v 0.016326 0.361574 0.371231
v 0.019487 0.359599 0.329957
v -0.003542 0.517348 0.257671
v 0.002393 0.511895 0.308772
v -0.006350 0.472816 0.277767
v -0.004453 0.430172 0.290941
v 0.010787 0.468987 0.336788
v 0.004828 0.434937 0.287611
v 0.011530 0.507574 0.253147
v 0.004042 0.500937 0.325194
v 0.005595 0.463671 0.292677
v 0.013082 0.457054 0.289309
v 0.007857 0.449328 0.243552
v -0.031261 0.351230 0.232759
v -0.030320 0.355865 0.240458
v -0.027815 0.365146 0.230339
v -0.026734 0.365363 0.238709
v -0.015366 0.359027 0.247589
v -0.023115 0.334320 0.282297
v -0.023063 0.327507 0.280857
v -0.019633 0.324413 0.284267
v -0.021635 0.328922 0.240130
v -0.015425 0.341816 0.236158
v -0.022925 0.332078 0.234302
v -0.016976 0.366373 0.281449
v -0.014472 0.353948 0.271756
v -0.015245 0.340298 0.282503
v -0.013424 0.330091 0.279890
v -0.013678 0.328854 0.233924
v -0.006855 0.366616 0.305294
v -0.007656 0.366748 0.273173
v -0.003393 0.324183 0.281308
v 0.005987 0.368607 0.275959
v -0.010469 0.371623 0.260374
v -0.005617 0.260936 0.238545
v 0.010971 0.367457 0.256547
v 0.010079 0.510762 0.204045
v 0.011949 0.326189 0.284797
v 0.020652 0.362544 0.241778
v 0.014600 0.334266 0.288342
v 0.012917 0.326647 0.238299
v 0.021472 0.349869 0.236312
v 0.016990 0.354533 0.267749
v 0.023567 0.333995 0.232793
v 0.022960 0.358415 0.277089
v 0.033122 0.363531 0.230987
v 0.023998 0.333368 0.239244
v 0.033683 0.354176 0.237162
v 0.033435 0.350105 0.231669
v -0.017378 0.356439 0.288749
v -0.006134 0.328834 0.270295
v -0.006073 0.419404 0.253950
v -0.008700 0.328892 0.241414
v -0.003244 0.368776 0.252735
v -0.006761 0.327115 0.226764
v 0.006925 0.331188 0.248821
v 0.012202 0.367374 0.269133
v 0.023459 0.324470 0.237054
v -0.030955 0.355666 0.183205
v -0.015492 0.355047 0.185312
v -0.019457 0.357544 0.227081
v -0.007812 0.330598 0.168525
v -0.016711 0.346405 0.137816
v -0.009364 0.368890 0.205242
v 0.001824 0.326883 0.201278
v 0.011434 0.333712 0.187861
v 0.009288 0.370444 0.219623
v 0.001458 0.275521 0.180368
v 0.007629 0.326762 0.181973
v -0.004090 0.368602 0.164306
v 0.013465 0.364846 0.157916
v 0.019855 0.349622 0.173355
v 0.022883 0.325707 0.179421
v 0.017937 0.371433 0.209276
v 0.028696 0.365102 0.175947
v 0.025013 0.332612 0.179534
v 0.023022 0.328335 0.187427
v 0.020495 0.354864 0.136311
v 0.032072 0.349877 0.177461
v 0.034262 0.357191 0.174500
v 0.032555 0.358768 0.181091
v -0.032009 0.352160 0.177758
v -0.027905 0.365096 0.176268
v -0.018648 0.348913 0.180822
v -0.007053 0.370234 0.219712
v 0.008912 0.330819 0.168458
v 0.012780 0.369058 0.202128
v 0.018670 0.360518 0.185109
v 0.023007 0.361078 0.226310
v -0.027128 0.359085 0.126519
v -0.028620 0.345869 0.132647
v -0.026074 0.355932 0.134735
v -0.021771 0.345971 0.115833
v -0.014896 0.359561 0.134040
v -0.006658 0.365815 0.102849
v -0.010976 0.365364 0.168749
v -0.007518 0.367103 0.150339
v -0.005936 0.328351 0.133699
v -0.006885 0.330576 0.151770
v -0.011588 0.371362 0.156243
v -0.007253 0.456619 0.175390
v -0.004492 0.449876 0.171647
v -0.006794 0.439678 0.070827
v -0.007052 0.435018 0.132376
v -0.003108 0.465596 0.220529
v -0.007646 0.519807 0.127168
v -0.003614 0.542888 0.097759
v -0.004976 0.498008 0.027412
v 0.006571 0.470249 -0.004170
v 0.003678 0.525917 0.170338
v 0.000116 0.476535 0.096092
v 0.001147 0.533563 0.027306
v 0.007258 0.527482 0.130049
v -0.001454 0.462113 0.178247
v -0.001359 0.526159 0.065436
v 0.000616 0.541094 0.026316
v 0.007116 0.485286 0.150254
v 0.007210 0.442095 0.173954
v 0.010536 0.456578 0.015059
v 0.001077 0.523135 0.002534
v 0.007499 0.535475 0.156825
v 0.002242 0.533188 0.241145
v 0.003895 0.531682 0.225694
v 0.009364 0.467165 0.104124
v 0.011165 0.470470 0.112886
v 0.013264 0.522678 0.128213
v 0.012630 0.395029 0.091113
v 0.011198 0.363019 0.101113
v 0.010476 0.523875 -0.011538
v 0.030932 0.358775 0.128699
v 0.018915 0.359179 0.168823
v 0.020307 0.348742 0.090791
v 0.031368 0.345111 0.132010
v -0.006959 0.507760 0.199378
v -0.002717 0.531470 0.179217
v -0.002951 0.494642 0.095998
v -0.006632 0.523058 0.060287
v -0.000320 0.536236 0.156374
v -0.005620 0.498681 0.082682
v -0.001488 0.516463 0.057337
v -0.004096 0.465497 0.060829
v 0.001093 0.541894 0.090422
v 0.010969 0.465497 0.053090
v 0.012713 0.523385 0.058691
v 0.005611 0.539467 0.027160
v 0.011509 0.527781 0.183025
v 0.009449 0.541249 0.160816
v 0.003740 0.364357 0.131145
v -0.005284 0.366575 0.114754
v 0.007390 0.541805 0.096514
v 0.007275 0.473820 0.171112
v 0.010913 0.367185 0.149312
v 0.007136 0.510916 0.004764
v 0.008792 0.496850 0.035941
v 0.013351 0.420492 0.086073
v 0.017157 0.373099 0.159734
v -0.010609 0.328669 0.104951
v -0.006897 0.323621 0.124252
v -0.003178 0.310142 0.135700
v -0.007558 0.268752 0.158121
v -0.013379 0.339352 0.184917
v 0.006667 0.259576 0.161710
v -0.003631 0.275057 0.101725
v -0.003603 0.292912 0.095114
v -0.009530 0.328637 0.196117
v 0.009212 0.324764 0.123571
v 0.003580 0.259697 0.145607
v -0.005576 0.299826 0.175644
v 0.001135 0.207083 0.203490
v 0.007393 0.326361 0.134409
v 0.020043 0.337577 0.124701
v 0.014524 0.320462 0.094810
v 0.015813 0.326020 0.142576
v 0.009720 0.326273 0.091015
v -0.015123 0.326321 0.140549
v -0.003218 0.275304 0.182263
v -0.001322 0.266618 0.094795
v 0.003889 0.303010 0.093502
v 0.005446 0.284312 0.141747
v 0.010858 0.330665 0.149804
v -0.022780 0.351210 0.078377
v -0.026063 0.340001 0.081940
v -0.013433 0.353071 0.091808
v -0.022736 0.336705 0.034288
v -0.015039 0.326438 0.001856
v -0.017146 0.316313 0.026469
v -0.007870 0.320345 0.046556
v -0.016032 0.339582 0.046414
v -0.012620 0.346448 0.044263
v -0.003878 0.322328 0.087596
v -0.006766 0.339480 -0.000034
v -0.003303 0.357206 0.055740
v -0.003591 0.358038 0.029226
v -0.003937 0.311621 0.005655
v -0.014727 0.318386 0.052688
v -0.006169 0.347281 0.017728
v -0.013666 0.308268 0.007509
v 0.007647 0.318319 0.044606
v -0.000028 0.288983 0.006464
v -0.002269 0.261346 0.008158
v -0.004303 0.413437 0.033391
v 0.003475 0.323790 0.095932
v -0.008528 0.300883 -0.003506
v -0.003774 0.268504 0.048711
v 0.011332 0.349468 0.017059
v 0.009585 0.358414 0.056947
v 0.011590 0.361038 0.069783
v 0.006343 0.289256 0.048525
v 0.015385 0.318281 0.049615
v 0.029807 0.340176 0.080238
v 0.008277 0.326439 0.107821
v 0.019392 0.316086 0.029729
v 0.026823 0.340505 0.036023
v 0.016533 0.360357 0.109698
v 0.007902 0.318384 0.093815
v 0.003051 0.299101 0.021481
v 0.005367 0.305373 0.047991
v -0.011307 0.352503 0.025844
v -0.009187 0.272669 0.060215
v -0.010212 0.314742 0.015434
v -0.005364 0.362840 0.069912
v -0.010362 0.326564 0.092252
v -0.010789 0.313197 0.036246
v 0.002190 0.297680 0.047463
v -0.008977 0.316743 0.080793
v -0.010142 0.323046 0.059897
v 0.013224 0.323279 0.054979
v 0.011744 0.316264 0.081817
v 0.003062 0.412435 0.046251
v 0.008305 0.308675 0.035234
v 0.017786 0.334618 0.002030
v 0.019054 0.334249 0.047621
v 0.017741 0.352337 0.027434
v 0.016001 0.347570 0.045101
v 0.027096 0.351417 0.080985
v -0.003752 0.287211 0.050282
v -0.009384 0.108950 0.049105
v -0.026212 0.126806 0.024035
v -0.018233 0.144427 0.044432
v -0.017036 0.135177 0.086704
v -0.007865 0.151801 0.032911
v -0.011192 0.131426 0.004856
v -0.007505 0.168069 0.075238
v -0.009903 0.157650 0.115351
v -0.008315 0.157686 0.016033
v 0.001160 0.164418 0.041109
v -0.005208 0.168075 0.052983
v 0.004159 0.171494 0.109364
v 0.000362 0.160153 0.047976
v 0.001875 0.159720 0.006572
v 0.001729 0.257814 0.055093
v -0.001204 0.178954 0.056093
v -0.008643 0.253967 0.114947
v -0.006065 0.169982 0.145059
v 0.001714 0.175153 0.152391
v 0.006084 0.167757 0.062904
v 0.005718 0.168609 0.079767
v 0.010415 0.090153 0.019294
v 0.009443 0.246853 0.072449
v 0.008049 0.161989 0.102841
v 0.010137 0.257927 0.113229
v 0.011140 0.091096 -0.012486
v 0.005353 0.090345 0.005869
v 0.011249 0.158802 0.014719
v 0.009669 0.232934 -0.016893
v 0.007494 0.152436 0.035628
v 0.016975 0.109307 0.018771
v 0.013498 0.142727 0.019424
v 0.017663 0.146635 0.042469
v 0.031235 0.131390 0.062600
v 0.019353 0.109949 0.024657
v 0.015747 0.081720 0.027644
v 0.027528 0.131600 0.019832
v -0.013393 0.140516 0.047222
v -0.005501 0.152785 0.084023
v 0.001476 0.149856 0.046913
v -0.000086 0.162409 0.091608
v -0.005924 0.169365 0.103654
v -0.007213 0.243366 0.072502
v -0.005429 0.222371 0.034784
v 0.005465 0.152170 0.087641
v 0.008834 0.271314 0.023056
v 0.010974 0.153687 0.077600
v 0.011497 0.133277 0.005016
v 0.001312 0.100561 0.050240
v 0.013282 0.138826 0.045139
v 0.039257 -0.270251 0.385032
v 0.035018 -0.111830 0.422050
v 0.038429 -0.126409 0.412938
v 0.040701 -0.123363 0.437166
v 0.048122 -0.093024 0.428823
v 0.043474 -0.152376 0.351923
v 0.069661 -0.069999 0.434660
v 0.031552 0.038096 0.472740
v 0.059769 -0.125603 0.413991
v 0.055582 -0.112113 0.440799
v 0.055160 -0.079663 0.398480
v 0.052665 -0.125514 0.404543
v 0.041205 0.033942 0.370159
v 0.059647 -0.119885 0.434304
v 0.045837 0.031145 0.419469
v 0.056267 0.017667 0.406530
v 0.049737 -0.166494 0.365057
v 0.053907 -0.140111 0.406503
v 0.039584 -0.052888 0.462626
v 0.050686 -0.142658 0.414221
v 0.061704 -0.094943 0.363498
v 0.060128 -0.070241 0.459348
v 0.071247 0.028920 0.437014
v 0.074236 -0.101158 0.417980
v 0.084074 -0.051060 0.465048
v 0.099757 0.041000 0.418539
v 0.046816 0.068760 0.375038
v 0.075815 -0.109638 0.387299
v 0.078453 -0.082423 0.431203
v 0.095468 -0.161456 0.428107
v 0.102901 -0.160931 0.414191
v 0.072676 -0.082900 0.411021
v 0.087437 -0.070761 0.431765
v 0.085062 -0.044776 0.394576
v 0.081651 -0.076603 0.330835
v 0.090979 -0.084673 0.350421
v 0.081371 -0.077169 0.387041
v 0.107968 -0.076480 0.427336
v 0.079629 0.007825 0.399178
v 0.095569 -0.025203 0.428028
v 0.097270 -0.036250 0.390253
v 0.108187 -0.088333 0.371698
v 0.088570 -0.044648 0.382954
v 0.105427 -0.075543 0.384874
v 0.108454 -0.073245 0.446289
v 0.112088 -0.072810 0.432970
v 0.118360 -0.144244 0.456361
v 0.117702 -0.080674 0.382280
v 0.118557 -0.141443 0.410127
v 0.123209 -0.134244 0.376522
v 0.128310 -0.097348 0.418509
v 0.137144 -0.053342 0.316548
v 0.135076 -0.065057 0.346719
v 0.130841 -0.119944 0.463874
v 0.134108 -0.097999 0.355483
v 0.131430 -0.113309 0.414586
v 0.134595 0.007045 0.433655
v 0.149862 -0.021783 0.454081
v 0.068956 -0.001745 0.405488
v 0.066946 -0.110947 0.422325
v 0.058639 -0.160004 0.411284
v 0.076967 -0.165223 0.394535
v 0.083164 -0.059255 0.380210
v 0.090079 -0.039677 0.387292
v 0.090195 -0.074161 0.428287
v 0.093532 -0.063766 0.458699
v 0.098915 -0.071077 0.393106
v 0.076533 -0.026834 0.231549
v 0.066490 0.011726 0.273924
v 0.077553 -0.018354 0.273075
v 0.081396 -0.064427 0.257972
v 0.081497 -0.107209 0.294098
v 0.071979 0.039301 0.241951
v 0.078749 -0.084391 0.357625
v 0.087485 -0.056916 0.300388
v 0.085009 -0.085700 0.288958
v 0.082780 -0.115787 0.297508
v 0.096720 -0.078400 0.336888
v 0.101147 -0.024879 0.265706
v 0.097156 -0.077289 0.324967
v 0.099023 -0.092626 0.302385
v 0.102172 -0.066522 0.332193
v 0.160437 -0.045323 0.293218
v 0.130456 -0.075122 0.351539
v 0.152008 -0.084997 0.305165
v 0.171706 -0.060153 0.273748
v 0.165318 -0.046315 0.264078
v 0.188171 -0.041147 0.223245
v 0.089097 -0.081651 0.306528
v 0.093488 0.002388 0.267526
v 0.104635 -0.072175 0.252392
v 0.127413 -0.100497 0.338927
v 0.138919 -0.091133 0.322090
v 0.138380 -0.064473 0.318236
v 0.142636 -0.072415 0.313609
v 0.163839 -0.058961 0.260332
v 0.150156 -0.085078 0.304947
v 0.148564 -0.097374 0.298598
v 0.070776 -0.089467 0.327366
v 0.078021 -0.115756 0.311278
v 0.079102 -0.105970 0.246966
v 0.076298 -0.087116 0.290828
v 0.117579 -0.119310 0.363181
v 0.107779 -0.138432 0.371059
v 0.136277 -0.165048 0.317224
v 0.121410 -0.161598 0.328110
v 0.129034 -0.144719 0.326118
v 0.127793 -0.180155 0.289800
v 0.115862 -0.176009 0.322625
v 0.128451 -0.171181 0.307959
v 0.135151 -0.128314 0.318418
v 0.127234 -0.121258 0.341407
v 0.136803 -0.161304 0.301078
v 0.130559 -0.119363 0.361620
v 0.126153 -0.122058 0.406084
v 0.124570 -0.189322 0.293601
v 0.138455 -0.204814 0.267428
v 0.139195 -0.149105 0.293229
v 0.144988 -0.121372 0.287119
v 0.140692 -0.178680 0.277137
v 0.140786 -0.118465 0.316553
v 0.141286 -0.212107 0.244445
v 0.132989 -0.172120 0.304902
v 0.162786 -0.103399 0.251735
v 0.144698 -0.175842 0.259205
v 0.146379 -0.105638 0.320721
v 0.148718 -0.162668 0.258443
v 0.152970 -0.185470 0.230387
v 0.144043 -0.152906 0.291550
v 0.152288 -0.203449 0.233998
v 0.166335 -0.143082 0.261454
v 0.159594 -0.093105 0.301632
v 0.171894 -0.180439 0.199340
v 0.171644 -0.096479 0.251862
v 0.149609 -0.156356 0.294478
v 0.176418 -0.175746 0.201061
v 0.192890 -0.073969 0.196459
v 0.061752 -0.190126 0.230148
v 0.074064 -0.143089 0.279386
v 0.088641 -0.110868 0.283202
v 0.083371 -0.154664 0.279059
v 0.092895 -0.140246 0.238242
v 0.093949 -0.108165 0.293843
v 0.100502 -0.083663 0.328276
v 0.130807 -0.211042 0.267200
v 0.134571 -0.132243 0.344119
v 0.133406 -0.168062 0.291060
v 0.129454 -0.110496 0.329719
v 0.145308 -0.093315 0.297619
v 0.150525 -0.140503 0.306086
v 0.144277 -0.132372 0.306601
v 0.142321 -0.124908 0.335188
v 0.171413 -0.122426 0.256589
v 0.144155 -0.117581 0.318296
v 0.142485 -0.165620 0.288689
v 0.138166 -0.105177 0.345604
v 0.140240 -0.193893 0.256585
v 0.144050 -0.202389 0.254322
v 0.150239 -0.186307 0.253838
v 0.140045 -0.190258 0.272502
v 0.161144 -0.189328 0.226583
v 0.148582 -0.171047 0.267760
v 0.145652 -0.139392 0.285800
v 0.171527 -0.108281 0.252157
v 0.176846 -0.101738 0.255121
v 0.146245 -0.146339 0.294898
v 0.019478 -0.248474 0.421919
v 0.018855 -0.217812 0.461899
v 0.027946 -0.186842 0.335063
v 0.030544 -0.194875 0.321972
v 0.035300 -0.283559 0.403903
v 0.041251 -0.189296 0.288711
v 0.031581 -0.215694 0.259704
v 0.046606 -0.191514 0.293046
v 0.041655 -0.171526 0.327077
v 0.041783 -0.266287 0.357385
v 0.042203 -0.173904 0.301099
v 0.051182 -0.140935 0.338091
v 0.049113 -0.138588 0.381158
v 0.066711 -0.183363 0.270595
v 0.050525 -0.211262 0.217718
v 0.083712 -0.160013 0.233865
v 0.068293 -0.176984 0.265663
v 0.060025 -0.142442 0.398356
v 0.088248 -0.183538 0.358413
v 0.108796 -0.152426 0.384296
v 0.126895 -0.184579 0.313333
v 0.110087 -0.198031 0.310835
v 0.114857 -0.203215 0.298939
v 0.020201 -0.283164 0.392548
v 0.037587 -0.187060 0.350106
v 0.037398 -0.218227 0.262370
v 0.049069 -0.188849 0.283295
v 0.063007 -0.170438 0.264031
v 0.057408 0.015579 0.196679
v 0.069253 -0.164306 0.192929
v 0.083315 -0.074759 0.220023
v 0.093121 -0.024870 0.223905
v 0.091167 -0.001230 0.190301
v 0.085152 -0.111981 0.175124
v 0.097234 -0.088406 0.206933
v 0.104893 -0.082348 0.129069
v 0.099463 -0.093623 0.173282
v 0.112895 -0.050829 0.099902
v 0.095529 -0.105690 0.096919
v 0.083532 -0.187396 0.148099
v 0.095557 0.007405 0.152935
v 0.163044 -0.195926 0.203365
v 0.167633 -0.175761 0.196470
v 0.165759 -0.150550 0.247511
v 0.158183 -0.144700 0.246451
v 0.180114 -0.157715 0.196163
v 0.164252 -0.130921 0.244387
v 0.161574 -0.124959 0.242649
v 0.189875 -0.129065 0.155434
v 0.172310 -0.127387 0.247796
v 0.185191 -0.103177 0.202038
v 0.180101 -0.155289 0.156933
v 0.183487 -0.152545 0.178206
v 0.181037 -0.161636 0.157828
v 0.168887 -0.036138 0.256167
v 0.189530 -0.029178 0.210034
v 0.172018 -0.052094 0.259592
v 0.162013 -0.118645 0.265533
v 0.192866 -0.125557 0.155691
v 0.199102 -0.132810 0.156973
v 0.208654 -0.097669 0.169460
v 0.190325 -0.056086 0.221351
v 0.198587 -0.093370 0.189016
v 0.207300 -0.035257 0.169129
v 0.168435 -0.076102 0.249688
v 0.191240 -0.067237 0.197741
v 0.216867 -0.042591 0.169825
v 0.199608 -0.043908 0.213960
v 0.205923 -0.065323 0.190719
v 0.184022 -0.072248 0.241122
v 0.211184 -0.101443 0.144428
v 0.206340 -0.066076 0.156801
v 0.209002 -0.094454 0.144853
v 0.233786 -0.033025 0.128494
v 0.228279 -0.061911 0.128966
v 0.223243 -0.033631 0.124628
v 0.234474 -0.025257 0.107396
v 0.238455 -0.028430 0.087590
v 0.243550 -0.029909 0.088891
v 0.179492 -0.037546 0.238161
v 0.084174 -0.060324 0.185167
v 0.081994 -0.111399 0.171817
v 0.074311 -0.168750 0.196328
v 0.083565 -0.165916 0.187432
v 0.091880 -0.124535 0.203618
v 0.094609 -0.053837 0.213422
v 0.097560 -0.063684 0.218619
v 0.098243 -0.097882 0.167666
v 0.079613 0.027105 0.195793
v 0.103069 -0.016038 0.143897
v 0.105265 -0.089096 0.134729
v 0.164091 -0.141430 0.240399
v 0.186968 -0.160182 0.162247
v 0.185814 -0.034151 0.247142
v 0.199907 -0.127624 0.159935
v 0.202777 -0.072511 0.199299
v 0.203558 -0.097010 0.147723
v 0.194233 -0.038554 0.222364
v 0.227962 -0.065157 0.133250
v 0.212818 -0.060264 0.158292
v 0.218849 -0.063008 0.126444
v 0.211450 -0.019598 0.188812
v 0.207179 -0.017938 0.177243
v 0.235456 -0.015521 0.125807
v 0.219151 -0.018369 0.137549
v 0.192290 -0.049399 0.229748
v 0.039459 -0.218901 0.212174
v 0.037163 -0.216367 0.217262
v 0.068794 -0.166493 0.228538
v 0.055077 -0.236042 0.150445
v 0.058633 -0.242127 0.151969
v 0.056726 -0.228613 0.167542
v 0.073582 -0.183870 0.178639
v 0.062342 -0.161186 -0.003047
v 0.090083 -0.095573 0.017151
v 0.059965 -0.242296 0.117012
v 0.073267 -0.214376 0.129394
v 0.066531 -0.244486 0.111855
v 0.073901 -0.177458 -0.005816
v 0.079138 -0.174442 0.155725
v 0.070261 -0.243808 0.039255
v 0.071114 -0.249779 0.072773
v 0.095153 -0.180127 0.035519
v 0.090066 -0.085725 0.139873
v 0.109000 -0.079868 0.012077
v 0.101130 -0.127289 0.007744
v 0.088656 -0.025300 0.025823
v 0.094204 0.014409 0.068775
v 0.096460 -0.065727 0.056696
v 0.102018 -0.020706 0.023864
v 0.109429 -0.079837 0.016531
v 0.116314 -0.052164 0.103080
v 0.069821 -0.205068 0.177684
v 0.065316 -0.177345 -0.002890
v 0.087979 -0.163634 -0.005766
v 0.084358 -0.181078 0.113345
v 0.079892 -0.217253 0.062026
v 0.097080 -0.068999 0.063801
v 0.097465 -0.178168 0.074255
v 0.083445 -0.219199 0.092448
v 0.086092 -0.148283 0.123667
v 0.078088 -0.234498 0.016962
v 0.088597 -0.096162 0.009759
v 0.085834 -0.154781 0.116503
v 0.105254 -0.040779 0.026691
v 0.099809 -0.149904 0.120319
v 0.111735 -0.085984 0.054712
v 0.100920 -0.156553 0.074169
v 0.109061 -0.118061 0.089984
v -0.150125 -0.023511 0.453598
v -0.136917 0.027234 0.429901
v -0.133388 0.003731 0.437220
v -0.148873 -0.054090 0.469636
v -0.147781 -0.051908 0.317408
v -0.106879 -0.076212 0.377554
v -0.137213 -0.056860 0.315216
v -0.132343 -0.122529 0.464903
v -0.130353 -0.122087 0.411621
v -0.140062 -0.115553 0.348055
v -0.128164 -0.118504 0.376349
v -0.134167 -0.095417 0.360182
v -0.128474 -0.099297 0.413763
v -0.136266 -0.067549 0.346070
v -0.122347 -0.082051 0.372716
v -0.115707 -0.112972 0.365364
v -0.117882 0.024597 0.423736
v -0.113057 0.009563 0.419962
v -0.095054 -0.035997 0.435528
v -0.109773 -0.136297 0.369221
v -0.091697 -0.027325 0.424559
v -0.095049 -0.063102 0.390895
v -0.079014 -0.096512 0.387563
v -0.070418 -0.048597 0.432354
v -0.085181 -0.099665 0.361765
v -0.075255 -0.093478 0.361684
v -0.091845 -0.053052 0.335146
v -0.077132 -0.164966 0.392515
v -0.070093 -0.088147 0.415704
v -0.068186 -0.013826 0.344523
v -0.062327 -0.161698 0.409495
v -0.080306 -0.063018 0.390644
v -0.074103 -0.093734 0.332489
v -0.052433 0.062476 0.368260
v -0.076842 -0.099242 0.421731
v -0.019463 0.062767 0.374772
v -0.070273 -0.108015 0.427226
v -0.066605 0.001983 0.278643
v -0.056391 0.045859 0.316961
v -0.068271 -0.078764 0.440885
v -0.053902 -0.143870 0.406644
v -0.053250 -0.101515 0.389715
v -0.054500 -0.126249 0.437270
v -0.058995 -0.108796 0.439317
v -0.061342 -0.070465 0.459285
v -0.083051 -0.142027 0.337518
v -0.050980 0.026449 0.320439
v -0.053981 -0.048450 0.450433
v -0.054018 -0.158398 0.343811
v -0.051496 -0.123278 0.442798
v -0.052337 -0.149824 0.417803
v -0.046594 -0.103240 0.432841
v -0.052762 -0.148354 0.373810
v -0.057798 -0.128123 0.412864
v -0.052832 -0.141157 0.387126
v -0.041020 -0.137687 0.390525
v -0.030634 -0.231785 0.470545
v -0.026434 -0.243877 0.432316
v -0.139267 0.017418 0.447728
v -0.091263 -0.071804 0.385105
v -0.117358 -0.076278 0.427089
v -0.083817 -0.074112 0.430327
v -0.095319 -0.067496 0.440294
v -0.092927 -0.090132 0.335099
v -0.086006 -0.060491 0.379345
v -0.099372 -0.162399 0.421793
v -0.078700 -0.082303 0.432031
v -0.070371 -0.063596 0.382312
v -0.067532 -0.139863 0.395989
v -0.065290 -0.063518 0.391914
v -0.071146 -0.012944 0.398560
v -0.082785 -0.086131 0.289655
v -0.039653 -0.128406 0.394107
v -0.036899 -0.122766 0.433075
v -0.014400 -0.257991 0.422314
v -0.218174 -0.065427 0.160618
v -0.171915 -0.052661 0.259719
v -0.191299 -0.055879 0.221098
v -0.161918 -0.062362 0.266296
v -0.148555 -0.092251 0.293163
v -0.163466 -0.072759 0.293447
v -0.187113 -0.029640 0.217372
v -0.139264 -0.063957 0.319217
v -0.195152 -0.094219 0.199756
v -0.179177 -0.102562 0.252411
v -0.155954 -0.100682 0.291045
v -0.190214 -0.097812 0.185688
v -0.146105 -0.070280 0.319854
v -0.167024 -0.169615 0.237520
v -0.152607 -0.127504 0.304233
v -0.144389 -0.145655 0.290043
v -0.136079 -0.143761 0.333676
v -0.148471 -0.088764 0.317073
v -0.149601 -0.154833 0.296706
v -0.160160 -0.191284 0.234876
v -0.147869 -0.186674 0.268072
v -0.163862 -0.119497 0.245412
v -0.148479 -0.170577 0.267873
v -0.139309 -0.141018 0.298366
v -0.148580 -0.101617 0.302771
v -0.156137 -0.185796 0.228607
v -0.150269 -0.103605 0.310892
v -0.142331 -0.154853 0.286965
v -0.142629 -0.131736 0.316671
v -0.137003 -0.157932 0.311014
v -0.142889 -0.088648 0.316520
v -0.140697 -0.166464 0.285272
v -0.127300 -0.121058 0.343658
v -0.134205 -0.132530 0.347608
v -0.138677 -0.149216 0.305201
v -0.136762 -0.158052 0.299803
v -0.083412 -0.166304 0.282636
v -0.090434 -0.091475 0.326426
v -0.092678 -0.063992 0.258647
v -0.095553 -0.113818 0.289866
v -0.084614 0.001523 0.234306
v -0.086551 -0.018977 0.225187
v -0.081967 -0.140288 0.290959
v -0.077558 -0.169439 0.235595
v -0.066353 -0.009053 0.238791
v -0.070118 0.038895 0.247924
v -0.069435 0.037942 0.240602
v -0.082346 -0.091404 0.218884
v -0.077190 -0.056461 0.259709
v -0.059265 -0.189711 0.232076
v -0.080840 -0.161995 0.231462
v -0.056675 -0.169215 0.302231
v -0.194106 -0.050842 0.230037
v -0.157731 -0.081148 0.298904
v -0.159165 -0.075730 0.288336
v -0.169347 -0.104440 0.242935
v -0.167417 -0.143805 0.262378
v -0.146302 -0.131452 0.292773
v -0.165692 -0.130274 0.246633
v -0.146371 -0.115013 0.308183
v -0.167179 -0.089261 0.286717
v -0.174839 -0.123547 0.245534
v -0.140761 -0.073652 0.316213
v -0.123186 -0.136015 0.376554
v -0.148651 -0.103412 0.287039
v -0.103617 -0.101517 0.310283
v -0.093085 -0.129707 0.239450
v -0.144620 -0.193642 0.254443
v -0.152594 -0.199653 0.234047
v -0.146382 -0.176265 0.257663
v -0.140543 -0.205090 0.254203
v -0.144939 -0.210809 0.237796
v -0.142630 -0.215871 0.238586
v -0.131506 -0.208098 0.261099
v -0.146863 -0.175681 0.280564
v -0.123001 -0.181527 0.301060
v -0.134620 -0.172869 0.301171
v -0.123825 -0.166724 0.314901
v -0.124559 -0.152488 0.347812
v -0.101274 -0.190126 0.342408
v -0.091346 -0.163543 0.390251
v -0.117498 -0.210582 0.283867
v -0.074139 -0.173739 0.279338
v -0.066067 -0.187235 0.274183
v -0.072987 -0.153227 0.285581
v -0.100932 -0.100447 0.299624
v -0.046631 -0.181881 0.357759
v -0.041433 -0.183637 0.302374
v -0.031752 -0.216630 0.218758
v -0.037299 -0.220116 0.214831
v -0.034627 -0.191122 0.341062
v -0.039489 -0.178658 0.347420
v -0.036322 -0.270284 0.377630
v -0.056443 -0.179503 0.300497
v -0.147525 -0.198825 0.259220
v -0.136363 -0.202165 0.270293
v -0.128529 -0.179671 0.312444
v -0.133464 -0.168818 0.315613
v -0.134390 -0.156104 0.324242
v -0.128857 -0.187162 0.308824
v -0.118171 -0.198915 0.298730
v -0.090194 -0.183642 0.350818
v -0.237710 -0.014932 0.121887
v -0.226283 -0.019368 0.129848
v -0.219432 -0.039064 0.171547
v -0.230434 -0.026716 0.123135
v -0.230744 -0.033456 0.108861
v -0.228882 -0.066006 0.128980
v -0.222025 -0.062228 0.125255
v -0.221936 -0.066874 0.125166
v -0.207953 -0.035469 0.170701
v -0.208767 -0.069719 0.157389
v -0.213210 -0.022910 0.160209
v -0.211130 -0.060483 0.160360
v -0.212872 -0.103007 0.145889
v -0.207036 -0.099540 0.143010
v -0.192675 -0.077613 0.214905
v -0.197164 -0.103572 0.185531
v -0.195264 -0.041692 0.219053
v -0.189040 -0.038196 0.246817
v -0.193540 -0.070091 0.192919
v -0.185853 -0.046511 0.221959
v -0.184564 -0.131224 0.184161
v -0.194979 -0.129451 0.184730
v -0.149412 -0.084456 0.298904
v -0.183352 -0.154408 0.157536
v -0.177052 -0.173525 0.201460
v -0.169554 -0.172231 0.196851
v -0.173422 -0.177051 0.194804
v -0.161040 -0.164587 0.232762
v -0.148292 -0.168336 0.271481
v -0.165886 -0.196819 0.207374
v -0.149057 -0.186746 0.250377
v -0.101133 0.017885 0.118543
v -0.098804 -0.015798 0.193131
v -0.105620 -0.062917 0.176660
v -0.104138 -0.049100 0.140766
v -0.100441 -0.128484 0.127972
v -0.088365 -0.145997 0.125990
v -0.095135 -0.031020 0.150482
v -0.085387 -0.023492 0.110957
v -0.094213 -0.060335 0.222912
v -0.094775 -0.101332 0.207535
v -0.081515 -0.168525 0.187171
v -0.077734 -0.169478 0.194672
v -0.091415 0.021885 0.078785
v -0.089893 -0.055530 0.070154
v -0.068120 0.011156 0.082120
v -0.075591 -0.018323 0.155970
v -0.054220 0.024221 0.164201
v -0.058003 0.035294 0.127149
v -0.242110 -0.027477 0.087263
v -0.220457 -0.014495 0.137188
v -0.243630 -0.016328 0.083095
v -0.224113 -0.019566 0.162936
v -0.216990 -0.042353 0.162005
v -0.212888 -0.095682 0.148387
v -0.193163 -0.037048 0.226353
v -0.191809 -0.126637 0.155627
v -0.185807 -0.161601 0.159584
v -0.178245 -0.158859 0.159425
v -0.179463 -0.158517 0.195052
v -0.165229 -0.139636 0.245685
v -0.161642 -0.151752 0.242303
v -0.104043 -0.068033 0.181651
v -0.110673 -0.018626 0.112215
v -0.092870 -0.149838 0.162399
v -0.086661 -0.050278 0.188565
v -0.088907 -0.068622 0.177460
v -0.052595 0.027967 0.207778
v -0.078595 -0.058391 0.220597
v -0.106803 -0.110160 0.055540
v -0.103196 -0.102893 0.061687
v -0.093205 -0.182610 0.069849
v -0.096958 -0.153685 0.084980
v -0.111893 -0.060533 0.101675
v -0.083689 -0.166479 0.039856
v -0.090095 -0.114052 0.058447
v -0.097740 -0.088383 0.026944
v -0.092116 -0.019594 0.039309
v -0.099383 -0.146463 0.117675
v -0.077946 -0.230275 0.089472
v -0.089777 -0.132183 0.121461
v -0.082732 -0.017660 0.070298
v -0.075903 -0.234439 0.018611
v -0.081601 -0.163939 0.007696
v -0.091231 -0.168362 0.153007
v -0.070707 0.007528 0.002384
v -0.078177 -0.195437 0.104995
v -0.078205 -0.212970 0.063897
v -0.070840 -0.231068 0.014239
v -0.082305 -0.135238 0.194951
v -0.070412 -0.182483 0.177958
v -0.067910 -0.230484 0.019246
v -0.069942 -0.243710 0.114303
v -0.066535 -0.224483 0.131659
v -0.068839 -0.168048 0.195087
v -0.058560 -0.223634 -0.008997
v -0.059251 -0.221868 0.171207
v -0.054158 -0.243882 0.155176
v -0.092138 -0.100358 0.093636
v -0.093654 -0.088750 0.101186
v -0.097729 -0.067477 0.023884
v -0.086819 -0.007014 0.035714
v -0.077728 -0.104051 0.016475
v -0.082939 -0.019103 0.038500
v -0.078515 -0.200696 0.034725
v -0.080074 -0.198710 0.062608
v -0.075693 -0.244604 0.042441
v -0.086545 -0.150967 0.154009
v -0.081757 -0.159134 0.161790
v -0.081124 -0.213601 0.091002
v -0.060787 -0.160354 0.005571
v -0.082632 -0.158549 0.004070
v -0.057082 -0.222248 -0.015567
v -0.057262 -0.216100 0.168957
v -0.065453 -0.171547 0.006616
v 0.022108 -0.300371 0.384182
v 0.021911 -0.288190 0.353844
v 0.027590 -0.286647 0.390876
v 0.027588 -0.288417 0.400447
v 0.030259 -0.273264 0.369883
v 0.038892 -0.316188 0.384493
v 0.031632 -0.269448 0.351007
v 0.023608 -0.267088 0.431582
v 0.039036 -0.318003 0.371739
v 0.039056 -0.311065 0.365113
v 0.042413 -0.269082 0.399524
v 0.040592 -0.341521 0.355743
v 0.050439 -0.272930 0.331911
v 0.051013 -0.269568 0.341703
v 0.050985 -0.360093 0.341028
v 0.059407 -0.309791 0.375997
v 0.056234 -0.290721 0.318429
v 0.057035 -0.394437 0.332140
v 0.059143 -0.324698 0.265964
v 0.059103 -0.304128 0.297163
v 0.052410 -0.308841 0.357135
v 0.057132 -0.326555 0.337570
v 0.054637 -0.349595 0.283461
v 0.052327 -0.330380 0.355380
v 0.067916 -0.293483 0.358914
v 0.057353 -0.350341 0.262775
v 0.063845 -0.340834 0.315094
v 0.067630 -0.300584 0.355715
v 0.071444 -0.345680 0.269445
v 0.058645 -0.349165 0.331353
v 0.067071 -0.357536 0.315965
v 0.072975 -0.431167 0.288829
v 0.066306 -0.370906 0.292677
v 0.066532 -0.374131 0.268911
v 0.060685 -0.372074 0.313028
v 0.064970 -0.326792 0.209438
v 0.071995 -0.400171 0.300822
v 0.066061 -0.397147 0.274995
v 0.070435 -0.371380 0.242582
v 0.066328 -0.386342 0.327001
v 0.072787 -0.347825 0.247801
v 0.074358 -0.409222 0.310720
v 0.022243 -0.311474 0.363805
v 0.020359 -0.273519 0.385430
v 0.035557 -0.298683 0.319325
v 0.041078 -0.306454 0.327021
v 0.052324 -0.367234 0.303380
v 0.056614 -0.352688 0.290855
v 0.045128 -0.302444 0.312705
v 0.051512 -0.317457 0.367404
v 0.056192 -0.312066 0.293454
v 0.042878 -0.311145 0.388054
v 0.060115 -0.368854 0.275099
v 0.056742 -0.381327 0.329363
v 0.066327 -0.404912 0.312996
v 0.060649 -0.390345 0.267573
v 0.054644 -0.360851 0.324450
v 0.055159 -0.311857 0.260761
v 0.065307 -0.313113 0.229766
v 0.066909 -0.329439 0.218527
v 0.061817 -0.363527 0.337438
v 0.066274 -0.401420 0.330714
v 0.072413 -0.426923 0.301297
v 0.073990 -0.382854 0.273849
v 0.064082 -0.325524 0.264039
v 0.065912 -0.309320 0.259748
v 0.083917 -0.427835 0.309132
v -0.068135 -0.366979 0.296757
v -0.082683 -0.428207 0.295875
v -0.076380 -0.413724 0.309122
v -0.073589 -0.345537 0.247823
v -0.072087 -0.357073 0.263078
v -0.065325 -0.358099 0.330385
v -0.075163 -0.399053 0.303661
v -0.071677 -0.343771 0.272047
v -0.062811 -0.375559 0.329852
v -0.073979 -0.330854 0.215284
v -0.071242 -0.316643 0.224178
v -0.076106 -0.413965 0.284916
v -0.084215 -0.441922 0.287440
v -0.068459 -0.410736 0.312426
v -0.072956 -0.427672 0.308288
v -0.056856 -0.387925 0.317889
v -0.062130 -0.385060 0.264298
v -0.064230 -0.325744 0.266460
v -0.052633 -0.379603 0.340625
v -0.064187 -0.324621 0.218145
v -0.060409 -0.363470 0.340202
v -0.061229 -0.356128 0.249309
v -0.058465 -0.315781 0.248144
v -0.051275 -0.310846 0.347531
v -0.059203 -0.367661 0.262724
v -0.058684 -0.357481 0.287228
v -0.067893 -0.299736 0.357230
v -0.062050 -0.308928 0.371807
v -0.068366 -0.293346 0.358888
v -0.054293 -0.295015 0.315118
v -0.045872 -0.302856 0.313162
v -0.057251 -0.376534 0.330373
v -0.055044 -0.278990 0.328793
v -0.042972 -0.268228 0.363359
v -0.053826 -0.362716 0.294648
v -0.056767 -0.363962 0.300193
v -0.050076 -0.333843 0.310922
v -0.058794 -0.238998 0.150617
v -0.052976 -0.237827 0.152175
v -0.039647 -0.313981 0.386362
v -0.045205 -0.283790 0.320600
v -0.052526 -0.360206 0.341521
v -0.035452 -0.316008 0.371007
v -0.034316 -0.266239 0.355041
v -0.026970 -0.287279 0.388980
v -0.030080 -0.273430 0.369975
v -0.035398 -0.298279 0.320231
v -0.031131 -0.288446 0.400152
v -0.022439 -0.290242 0.353832
v -0.023696 -0.288333 0.394943
v -0.067810 -0.352013 0.316510
v -0.073649 -0.315674 0.239157
v -0.081930 -0.336026 0.202693
v -0.068762 -0.349955 0.299343
v -0.089691 -0.439153 0.302654
v -0.066233 -0.366780 0.275171
v -0.061989 -0.304722 0.297065
v -0.056343 -0.306882 0.296756
v -0.053215 -0.365541 0.304866
v -0.059676 -0.365076 0.348635
v -0.048760 -0.320938 0.368701
v -0.048634 -0.279068 0.383174
v -0.046532 -0.335920 0.340436
v -0.058447 -0.368989 0.316347
v -0.041371 -0.308589 0.357257
v -0.042446 -0.273848 0.399404
v -0.019905 -0.309364 0.370917
v -0.022977 -0.275949 0.377283
v 0.066606 -0.247577 0.115918
v 0.070043 -0.359810 0.225914
v 0.081995 -0.434693 0.270845
v 0.073230 -0.249470 0.040589
v 0.076197 -0.245851 0.046466
v 0.074281 -0.400097 0.271197
v 0.080332 -0.374401 0.193209
v 0.082529 -0.339782 0.204993
v 0.070287 -0.337119 0.241390
v 0.074940 -0.390759 0.292425
v 0.094895 -0.441743 0.251812
v 0.064526 -0.362680 0.255244
v 0.082631 -0.207892 0.057495
v 0.073297 -0.328663 0.221263
v 0.079254 -0.335624 0.201982
v 0.072478 -0.386787 0.251995
v 0.072738 -0.233803 0.013495
v 0.081104 -0.207685 0.030662
v 0.084146 -0.443714 0.286103
v 0.088416 -0.410709 0.143768
v 0.086687 -0.363768 0.196906
v 0.080077 -0.398865 0.244553
v 0.089746 -0.429966 0.228737
v 0.101631 -0.457437 0.169901
v 0.099613 -0.472454 0.169592
v 0.098759 -0.428956 0.161351
v 0.094587 -0.418382 0.157961
v 0.080109 -0.425969 0.279274
v 0.097085 -0.480449 0.273976
v 0.097666 -0.385520 0.128790
v 0.101838 -0.393450 0.107777
v 0.089309 -0.429102 0.285848
v 0.082380 -0.431409 0.296827
v 0.089141 -0.443192 0.284453
v 0.104011 -0.500005 0.197796
v 0.101608 -0.479601 0.269858
v 0.106898 -0.392626 0.113192
v 0.108913 -0.483834 0.202320
v 0.107992 -0.488862 0.136381
v 0.105293 -0.411666 0.120451
v 0.098882 -0.415236 0.117577
v 0.105205 -0.417548 0.123019
v 0.112925 -0.492263 0.243937
v 0.108561 -0.444114 0.104403
v 0.114680 -0.446090 0.113941
v 0.116799 -0.491671 0.104007
v 0.117686 -0.484748 0.106726
v 0.126177 -0.532739 0.159250
v 0.124641 -0.531695 0.209836
v 0.137629 -0.539033 0.128534
v 0.071850 -0.363444 0.197710
v 0.076117 -0.365706 0.214018
v 0.070438 -0.342486 0.229103
v 0.086531 -0.353079 0.152166
v 0.090165 -0.459541 0.176886
v 0.062611 -0.382080 0.249436
v 0.086376 -0.426005 0.161270
v 0.078311 -0.373652 0.203731
v 0.079641 -0.387264 0.240560
v 0.101498 -0.422022 0.162099
v 0.098630 -0.481387 0.204946
v 0.099858 -0.409995 0.145646
v 0.082482 -0.371276 0.220488
v 0.117673 -0.532787 0.205630
v 0.090257 -0.470202 0.232195
v 0.099785 -0.448618 0.111342
v 0.095616 -0.400519 0.148772
v 0.089856 -0.453288 0.281942
v 0.117728 -0.497978 0.200350
v 0.105750 -0.462963 0.173311
v 0.111909 -0.488522 0.105511
v 0.111835 -0.448944 0.118261
v 0.107302 -0.488014 0.236479
v 0.114988 -0.484652 0.141146
v 0.132561 -0.527065 0.164274
v 0.122442 -0.524139 0.156956
v 0.141016 -0.535396 0.136662
v -0.139419 -0.537514 0.127517
v -0.132699 -0.529234 0.163921
v -0.123434 -0.527303 0.154574
v -0.120513 -0.503489 0.195123
v -0.117037 -0.504205 0.224879
v -0.117801 -0.532523 0.207483
v -0.125539 -0.531041 0.208941
v -0.121456 -0.488408 0.113967
v -0.118117 -0.493647 0.106576
v -0.105841 -0.495401 0.245572
v -0.115366 -0.488071 0.135278
v -0.103578 -0.457426 0.169707
v -0.114687 -0.447840 0.113382
v -0.103159 -0.449593 0.105185
v -0.099037 -0.457397 0.192436
v -0.101383 -0.419768 0.161082
v -0.089119 -0.427049 0.233476
v -0.083801 -0.416480 0.300165
v -0.101205 -0.425731 0.166545
v -0.070367 -0.402913 0.269295
v -0.087107 -0.424035 0.271766
v -0.106792 -0.413186 0.124236
v -0.098872 -0.404175 0.156236
v -0.087659 -0.442405 0.288079
v -0.103052 -0.479599 0.271041
v -0.098240 -0.480053 0.269629
v -0.100549 -0.480593 0.275240
v -0.090997 -0.378087 0.175276
v -0.081911 -0.374696 0.193276
v -0.077449 -0.383991 0.268301
v -0.078262 -0.429285 0.230660
v -0.077737 -0.403724 0.218985
v -0.076006 -0.433727 0.250897
v -0.076858 -0.386810 0.193499
v -0.067843 -0.355299 0.219050
v -0.069320 -0.339475 0.205728
v -0.070809 -0.421853 0.291593
v -0.070559 -0.249524 0.076328
v -0.061086 -0.387115 0.272125
v -0.069056 -0.340695 0.231510
v -0.062868 -0.358255 0.259285
v -0.141900 -0.537257 0.133107
v -0.124707 -0.531031 0.161188
v -0.108394 -0.484541 0.199396
v -0.115044 -0.489929 0.103556
v -0.101465 -0.493556 0.238824
v -0.108088 -0.487250 0.140013
v -0.106326 -0.443312 0.103915
v -0.102183 -0.469981 0.265585
v -0.081874 -0.429276 0.275538
v -0.108997 -0.503736 0.197816
v -0.077768 -0.437798 0.264706
v -0.095814 -0.410301 0.122736
v -0.091967 -0.457719 0.278538
v -0.107311 -0.394498 0.114333
v -0.102215 -0.392491 0.107676
v -0.095127 -0.413552 0.144762
v -0.093223 -0.433470 0.157236
v -0.092088 -0.459394 0.170614
v -0.104533 -0.496135 0.195648
v -0.089609 -0.419743 0.159589
v -0.086466 -0.401649 0.151875
v -0.076760 -0.405114 0.198691
v -0.082167 -0.372444 0.223924
v -0.080961 -0.386045 0.241295
v -0.077686 -0.365071 0.217333
v -0.073928 -0.341989 0.232769
v -0.083791 -0.358754 0.214374
v -0.071823 -0.379903 0.258778
v -0.088725 -0.351970 0.152760
v -0.084532 -0.441783 0.270607
v -0.064874 -0.246766 0.076711
v -0.069997 -0.246182 0.070717
v -0.072132 -0.368452 0.244349
v -0.013544 0.333570 -0.058473
v -0.008037 0.331731 -0.041626
v -0.005681 0.318119 -0.111060
v -0.005046 0.395656 -0.096949
v -0.006464 0.421811 -0.070272
v -0.003746 0.441165 -0.132960
v -0.001369 0.448102 -0.028669
v -0.005645 0.448089 0.021879
v 0.004791 0.478554 0.001882
v -0.002410 0.496964 -0.032519
v 0.000281 0.504939 -0.091076
v 0.006322 0.511688 -0.038545
v -0.004890 0.515525 -0.058242
v 0.008029 0.333432 -0.044744
v 0.017660 0.332345 -0.060178
v 0.003943 0.327258 -0.079446
v 0.016836 0.321823 -0.099509
v 0.007715 0.464910 -0.113327
v -0.001685 0.527068 -0.012129
v 0.003871 0.521228 -0.014303
v 0.003640 0.520787 -0.055155
v 0.011157 0.331989 -0.070658
v 0.007761 0.496001 -0.031526
v 0.009123 0.515623 -0.058657
v 0.023680 0.336213 -0.015166
v 0.027178 0.330032 -0.051067
v 0.019286 0.324665 0.003566
v 0.023222 0.304006 -0.101436
v 0.012319 0.305104 -0.027957
v 0.028948 0.316051 -0.047917
v -0.008926 0.324359 -0.077510
v -0.011501 0.339570 -0.021521
v -0.005252 0.344635 -0.016584
v -0.003440 0.470330 -0.051009
v -0.002074 0.488818 -0.087886
v -0.008578 0.332278 -0.068668
v -0.001060 0.423914 -0.064933
v 0.007122 0.405385 -0.052550
v 0.001873 0.445359 -0.041264
v 0.001996 0.515768 -0.063883
v 0.007866 0.453018 -0.033498
v 0.009411 0.344755 -0.015905
v 0.009654 0.458575 -0.098195
v 0.013403 0.341000 -0.025083
v 0.003790 0.323228 -0.112274
v -0.005517 0.399871 -0.250420
v -0.013323 0.288767 -0.219932
v -0.007957 0.398254 -0.203253
v -0.004296 0.435357 -0.183457
v -0.005459 0.391400 -0.104871
v -0.000060 0.448279 -0.284826
v 0.001773 0.430732 -0.231503
v -0.007101 0.452691 -0.275856
v 0.001146 0.451397 -0.226910
v -0.000018 0.472253 -0.245602
v 0.009062 0.449482 -0.146290
v -0.003721 0.496015 -0.147853
v 0.007019 0.492640 -0.155469
v 0.007686 0.482044 -0.200041
v 0.005312 0.498477 -0.153710
v 0.007236 0.457819 -0.225199
v 0.005609 0.314399 -0.151742
v 0.003704 0.432285 -0.122112
v 0.002924 0.482058 -0.121048
v 0.007790 0.425017 -0.174551
v 0.006663 0.397486 -0.198324
v 0.010708 0.397837 -0.100578
v -0.003377 0.508358 -0.109980
v 0.007284 0.508295 -0.111614
v 0.005682 0.296205 -0.212949
v 0.014973 0.312306 -0.140694
v 0.007691 0.502314 -0.090882
v 0.011819 0.291427 -0.221817
v -0.007612 0.375952 -0.190032
v -0.007773 0.429595 -0.183620
v -0.004541 0.416171 -0.214552
v -0.007539 0.458885 -0.220422
v -0.001968 0.466496 -0.249839
v -0.010704 0.351388 -0.121247
v -0.005668 0.445425 -0.144388
v -0.006284 0.481895 -0.198961
v 0.005130 0.415269 -0.175465
v 0.003424 0.474442 -0.175086
v -0.004837 0.468501 -0.111463
v -0.006324 0.387120 -0.140538
v -0.013545 0.311170 -0.074782
v -0.010978 0.325396 -0.097926
v -0.013550 0.296560 -0.099107
v -0.003983 0.295921 -0.080137
v -0.025035 0.319401 -0.054930
v -0.025191 0.316119 -0.046543
v -0.024685 0.326951 -0.012551
v -0.021306 0.331525 -0.047404
v -0.005646 0.289087 -0.086585
v -0.015272 0.291313 -0.079587
v -0.011655 0.304381 -0.033658
v -0.001724 0.278816 -0.036536
v -0.015973 0.283171 -0.122898
v -0.008452 0.280261 -0.114018
v -0.011489 0.289394 -0.123143
v -0.000123 0.289246 -0.117672
v 0.000476 0.249015 -0.033302
v -0.007164 0.237020 -0.014868
v -0.005938 0.303235 -0.074080
v -0.009649 0.298636 -0.053183
v 0.003874 0.281721 -0.039039
v 0.010726 0.301597 -0.005190
v 0.005266 0.284677 -0.093880
v 0.007814 0.304700 -0.038165
v 0.013809 0.293936 -0.074296
v 0.008484 0.312706 -0.120869
v 0.011152 0.297113 -0.048997
v 0.009674 0.292652 -0.087742
v 0.008096 0.308350 0.002513
v 0.008931 0.302983 -0.069677
v 0.018969 0.303204 -0.056760
v 0.028694 0.323691 -0.009009
v 0.020906 0.322242 -0.040610
v -0.020947 0.307581 -0.102523
v -0.005385 0.303527 -0.038924
v -0.002386 0.241469 -0.076203
v 0.003375 0.296106 -0.113318
v 0.000283 0.302821 -0.027482
v 0.015701 0.300902 -0.038478
v 0.007620 0.266932 -0.032949
v 0.017100 0.319861 -0.080047
v -0.022835 0.276189 -0.207570
v -0.022982 0.284715 -0.212366
v -0.022409 0.280966 -0.215776
v -0.011377 0.269307 -0.197341
v -0.022019 0.300923 -0.136610
v -0.009844 0.302228 -0.161938
v -0.012575 0.293725 -0.153811
v -0.012012 0.293896 -0.215631
v -0.013878 0.311186 -0.142216
v -0.011117 0.304717 -0.115240
v -0.009926 0.293849 -0.193589
v -0.010212 0.271484 -0.173761
v -0.006976 0.312532 -0.121473
v -0.006510 0.258256 -0.209946
v -0.011014 0.265010 -0.186298
v -0.013347 0.273277 -0.158405
v -0.010754 0.305217 -0.188457
v -0.009462 0.225048 -0.175205
v -0.003683 0.224198 -0.129409
v -0.007737 0.261867 -0.199605
v -0.006273 0.197983 -0.195680
v 0.008370 0.277094 -0.229976
v 0.001748 0.276099 -0.132239
v 0.007775 0.273577 -0.164421
v 0.004728 0.225800 -0.129361
v 0.013064 0.302643 -0.183264
v 0.005843 0.358616 -0.269723
v 0.007445 0.281353 -0.152778
v 0.005543 0.211815 -0.160528
v 0.011295 0.300267 -0.162041
v 0.005966 0.246457 -0.244854
v 0.023082 0.297222 -0.169417
v 0.012090 0.289297 -0.126146
v 0.014734 0.278198 -0.154904
v 0.020415 0.283093 -0.207227
v 0.011692 0.283578 -0.193310
v 0.024760 0.298237 -0.133862
v 0.013214 0.304614 -0.118496
v -0.023626 0.300478 -0.168878
v -0.025099 0.291802 -0.164013
v -0.009408 0.267090 -0.225780
v -0.004160 0.281295 -0.147984
v -0.006055 0.315761 -0.136104
v -0.014530 0.250110 -0.230000
v -0.009235 0.193018 -0.199871
v -0.002575 0.271233 -0.187382
v -0.012682 0.303716 -0.179690
v 0.005324 0.257340 -0.223530
v 0.004743 0.271962 -0.188201
v 0.008113 0.197223 -0.205313
v 0.009035 0.262323 -0.201183
v 0.008824 0.250483 -0.235569
v 0.008278 0.293080 -0.198969
v -0.035284 0.111410 -0.056971
v -0.018481 0.139591 -0.047275
v -0.034718 0.115687 -0.065137
v -0.031528 0.116993 -0.103985
v -0.018704 0.124245 -0.065333
v -0.017635 0.112619 -0.062516
v -0.030733 0.121199 -0.018035
v -0.019069 0.136402 -0.004357
v -0.005756 0.138435 -0.040532
v -0.011879 0.126865 -0.082150
v -0.015931 0.132375 -0.089212
v -0.023067 0.113047 -0.017135
v -0.009472 0.113269 -0.037411
v -0.005583 0.116977 -0.079845
v -0.009332 0.144534 -0.011219
v -0.009201 0.137204 -0.070328
v 0.001622 0.136389 -0.083708
v -0.007227 0.144028 -0.050866
v -0.015526 0.123757 -0.119599
v 0.000151 0.140414 0.003051
v 0.000248 0.148780 -0.042828
v -0.009159 0.153308 -0.020029
v -0.005902 0.152971 -0.052948
v -0.000812 0.156561 -0.066594
v 0.001483 0.157104 -0.004769
v -0.007362 0.223003 -0.100960
v 0.001806 0.156350 -0.037741
v -0.009483 0.307541 -0.029157
v 0.003572 0.162004 0.020990
v 0.004355 0.156098 -0.048990
v 0.001301 0.149945 -0.057145
v 0.002905 0.221442 -0.049242
v 0.006949 0.229043 -0.110476
v 0.007821 0.136449 -0.095525
v 0.009110 0.231101 -0.058701
v 0.015453 0.132208 -0.041242
v 0.009075 0.145777 -0.006409
v 0.013981 0.134239 -0.091908
v 0.020804 0.118254 -0.106479
v 0.019565 0.136973 -0.043310
v 0.002907 0.108524 -0.076703
v 0.019246 0.104198 -0.098091
v 0.030563 0.124810 -0.018941
v 0.021406 0.124812 -0.094478
v 0.018427 0.124484 -0.067165
v 0.021746 0.140165 -0.002034
v 0.022589 0.130227 -0.053973
v 0.019022 0.110598 -0.021890
v 0.033205 0.111531 -0.057854
v 0.034158 0.114771 -0.096797
v 0.033946 0.118665 -0.066262
v -0.011209 0.135792 -0.041927
v -0.001815 0.146240 -0.078073
v -0.007159 0.225747 -0.056042
v 0.009824 0.153954 -0.017600
v -0.005517 0.157877 -0.029332
v 0.003133 0.177214 -0.110941
v -0.008237 0.140575 -0.111215
v -0.001076 0.144516 -0.104692
v 0.009945 0.144014 -0.028340
v 0.010945 0.134104 -0.058274
v 0.010273 0.128909 -0.082662
v 0.005385 0.202550 -0.090413
v -0.027962 0.101222 -0.151158
v -0.022848 0.119914 -0.133780
v -0.006865 0.129160 -0.135505
v -0.022945 0.104772 -0.186305
v -0.011773 0.110700 -0.169307
v -0.011224 0.120429 -0.125371
v -0.007345 0.119374 -0.202913
v -0.028624 0.094440 -0.222021
v 0.001532 0.123085 -0.210566
v -0.003370 0.138159 -0.142074
v -0.006311 0.135962 -0.095795
v -0.006850 0.129985 -0.195346
v -0.005287 0.136610 -0.127081
v -0.000890 0.148191 -0.122713
v -0.007210 0.176126 -0.228535
v 0.004211 0.130266 -0.193350
v 0.001807 0.136792 -0.155994
v 0.001899 0.183307 -0.227320
v 0.000385 0.209522 -0.136324
v 0.011349 0.125187 -0.227784
v 0.011094 0.126970 -0.197520
v 0.011593 0.109379 -0.205813
v 0.011323 0.122930 -0.160107
v 0.013030 0.109072 -0.169687
v 0.013586 0.119241 -0.125108
v 0.013187 0.265455 -0.197096
v 0.022121 0.123212 -0.132008
v 0.007902 0.129044 -0.137804
v 0.007299 0.107605 -0.120443
v 0.029334 0.102624 -0.143131
v 0.003524 0.130169 -0.144886
v -0.006501 0.134460 -0.165493
v -0.000038 0.123921 -0.128452
v 0.000129 0.133261 -0.172788
v 0.003633 0.140319 -0.138706
v 0.009011 0.132625 -0.118821
v -0.011143 0.272494 -0.283867
v -0.014978 0.253089 -0.309219
v -0.008079 0.317650 -0.363835
v -0.008625 0.347615 -0.302691
v -0.010759 0.279191 -0.258479
v -0.007743 0.408176 -0.323147
v -0.002985 0.421970 -0.362976
v -0.008605 0.384402 -0.291279
v -0.009188 0.425767 -0.292916
v -0.007148 0.436153 -0.321073
v -0.000151 0.419778 -0.301451
v -0.006127 0.370859 -0.380169
v -0.001194 0.437891 -0.326177
v 0.001554 0.455309 -0.275781
v -0.009108 0.395750 -0.375757
v -0.003820 0.402610 -0.403227
v -0.008804 0.371140 -0.328122
v 0.004954 0.379841 -0.332559
v 0.005499 0.258926 -0.312993
v -0.005765 0.286234 -0.248873
v 0.000741 0.417274 -0.360283
v 0.005629 0.344149 -0.341228
v -0.000444 0.423988 -0.351892
v 0.001644 0.405162 -0.398059
v 0.005634 0.326154 -0.331953
v 0.006652 0.404552 -0.324255
v 0.002425 0.397902 -0.364772
v 0.002160 0.409491 -0.322100
v 0.005133 0.377815 -0.241476
v 0.000986 0.380714 -0.404721
v 0.003207 0.385871 -0.236081
v 0.003841 0.453222 -0.283289
v 0.007111 0.417992 -0.220712
v 0.012987 0.253060 -0.317816
v 0.007312 0.310161 -0.358110
v -0.008798 0.335768 -0.336039
v -0.006776 0.401538 -0.327188
v -0.008379 0.403991 -0.396459
v -0.003495 0.382742 -0.283144
v 0.001602 0.430186 -0.293751
v 0.000608 0.391026 -0.374746
v 0.005736 0.362810 -0.320894
v 0.006568 0.335173 -0.288014
v 0.007220 0.425645 -0.298939
v 0.003241 0.360182 -0.261019
v -0.000129 0.321946 -0.316948
v 0.005725 0.369566 -0.381674
v -0.015499 0.253616 -0.316666
v -0.009073 0.295100 -0.349391
v -0.011338 0.210688 -0.421745
v -0.009069 0.283869 -0.374301
v -0.006802 0.288083 -0.387752
v -0.003841 0.220054 -0.403767
v -0.005116 0.252409 -0.377810
v -0.009203 0.265763 -0.451429
v -0.007529 0.314218 -0.408779
v -0.005111 0.337625 -0.459661
v -0.008791 0.339976 -0.497969
v -0.009271 0.360039 -0.465105
v -0.009060 0.365090 -0.382782
v -0.005716 0.326252 -0.570062
v -0.005059 0.362298 -0.441752
v -0.003344 0.335721 -0.383533
v 0.002620 0.291007 -0.349325
v -0.003673 0.381192 -0.442099
v -0.001939 0.301956 -0.523524
v 0.009784 0.240392 -0.348836
v -0.004472 0.342436 -0.537442
v 0.004367 0.363238 -0.384376
v 0.001501 0.259960 -0.451773
v 0.001473 0.281988 -0.428994
v 0.001385 0.264026 -0.404884
v 0.003689 0.267227 -0.392864
v 0.003223 0.341163 -0.514414
v 0.003218 0.291930 -0.377896
v 0.007414 0.285341 -0.420924
v 0.001516 0.224514 -0.386578
v 0.004169 0.353637 -0.420452
v 0.004150 0.257827 -0.511512
v 0.002287 0.322724 -0.568284
v -0.006886 0.249234 -0.428813
v -0.010593 0.283054 -0.420023
v -0.005216 0.307389 -0.415297
v -0.009150 0.339219 -0.403495
v -0.001771 0.332542 -0.400366
v -0.001915 0.346221 -0.496100
v -0.001939 0.334492 -0.495972
v -0.004548 0.386483 -0.441909
v -0.007678 0.365171 -0.468476
v 0.003917 0.308532 -0.414796
v -0.002853 0.360401 -0.491954
v -0.002130 0.209085 -0.431051
v 0.007562 0.268417 -0.447401
v 0.000522 0.356072 -0.465857
v 0.005722 0.316039 -0.416170
v 0.007193 0.312640 -0.489889
v 0.002968 0.365050 -0.466697
v 0.005951 0.298051 -0.523611
v -0.026744 0.266734 -0.275765
v -0.028935 0.261108 -0.281599
v -0.027514 0.253875 -0.274650
v -0.018768 0.258097 -0.285394
v -0.019067 0.254603 -0.273189
v -0.025666 0.245388 -0.307094
v -0.025295 0.224997 -0.353163
v -0.021363 0.277315 -0.241341
v -0.015357 0.278854 -0.248006
v -0.022852 0.272183 -0.246481
v -0.007302 0.228538 -0.325859
v -0.009864 0.226529 -0.312622
v -0.009138 0.239145 -0.269302
v -0.009297 0.236494 -0.281284
v -0.005513 0.211371 -0.337686
v -0.015244 0.230871 -0.297477
v -0.001908 0.234372 -0.291207
v -0.007372 0.280648 -0.232483
v -0.003226 0.161266 -0.299415
v -0.009773 0.178047 -0.273354
v -0.008312 0.160343 -0.304908
v -0.011480 0.253999 -0.323846
v 0.003066 0.227218 -0.324230
v 0.011399 0.217978 -0.335940
v 0.001379 0.245851 -0.335525
v 0.001788 0.271492 -0.266930
v 0.003655 0.272813 -0.283506
v 0.005337 0.210916 -0.358789
v 0.012709 0.278491 -0.253207
v 0.021178 0.258513 -0.281105
v 0.007730 0.243961 -0.341932
v 0.021596 0.274341 -0.249772
v 0.020760 0.242671 -0.319507
v 0.019541 0.250344 -0.288867
v 0.022725 0.249603 -0.312899
v 0.023104 0.241744 -0.311802
v 0.019815 0.268109 -0.255388
v 0.021120 0.258506 -0.289198
v -0.025595 0.253364 -0.314867
v -0.025384 0.240723 -0.314776
v -0.010752 0.239771 -0.332521
v -0.012986 0.220758 -0.337651
v -0.012719 0.233601 -0.300643
v -0.007246 0.257200 -0.301989
v -0.004005 0.247528 -0.259858
v -0.014993 0.241042 -0.262748
v -0.013015 0.238506 -0.349464
v 0.009753 0.239435 -0.267630
v -0.008353 0.268509 -0.266825
v 0.002114 0.220045 -0.327511
v 0.008956 0.261404 -0.268248
v 0.012124 0.267081 -0.287086
v 0.004973 0.256941 -0.302141
v 0.003160 0.248430 -0.258059
v 0.021386 0.262159 -0.247674
v -0.011071 0.111297 -0.226428
v -0.009186 0.122976 -0.236680
v -0.005297 0.111172 -0.314634
v -0.021042 0.097768 -0.257755
v -0.007847 0.125125 -0.223609
v -0.003162 0.105929 -0.325417
v -0.006535 0.117092 -0.260766
v 0.003709 0.126369 -0.234999
v 0.007405 0.228669 -0.304694
v 0.002314 0.115934 -0.268167
v 0.001576 0.184831 -0.267646
v 0.004704 0.106595 -0.291257
v 0.011262 0.116649 -0.271191
v 0.006201 0.116939 -0.257885
v -0.003129 0.167292 -0.232166
v 0.007966 0.164284 -0.306877
v 0.003346 0.237265 -0.292860
v 0.019206 0.109410 -0.211004
v 0.027221 0.084419 -0.268231
v -0.008735 0.116332 -0.277027
v 0.000654 0.168693 -0.340388
v 0.009096 0.122948 -0.240264
v 0.001535 0.137126 -0.257010
v 0.000221 0.109235 -0.248060
v -0.023293 0.209367 -0.384775
v -0.021973 0.222111 -0.382201
v -0.015286 0.214687 -0.389828
v -0.021173 0.200929 -0.414047
v -0.008753 0.164843 -0.440852
v -0.011122 0.187522 -0.445549
v -0.008889 0.223609 -0.389511
v -0.009691 0.161636 -0.453006
v -0.009882 0.204334 -0.427052
v -0.020842 0.186878 -0.436468
v -0.009331 0.212541 -0.356802
v -0.023638 0.234197 -0.354035
v -0.009742 0.230836 -0.365367
v -0.011349 0.226381 -0.373587
v -0.010620 0.171975 -0.437621
v -0.007499 0.196367 -0.372821
v -0.008212 0.138747 -0.336018
v -0.009265 0.195389 -0.468742
v -0.006202 0.270912 -0.444642
v -0.009666 0.234218 -0.505933
v -0.004615 0.132278 -0.367324
v 0.003184 0.196150 -0.372436
v 0.003164 0.135461 -0.381069
v -0.002028 0.091412 -0.386313
v 0.003064 0.217698 -0.414869
v 0.008642 0.083366 -0.397443
v 0.007380 0.206720 -0.447465
v 0.007933 0.226500 -0.374661
v 0.005791 0.172135 -0.421376
v 0.002559 0.205903 -0.438439
v 0.003805 0.184034 -0.416261
v 0.006948 0.200819 -0.423758
v 0.003214 0.162387 -0.423401
v 0.005584 0.234350 -0.497659
v 0.017307 0.234842 -0.355299
v 0.007859 0.249809 -0.472825
v 0.009666 0.204543 -0.380935
v 0.013295 0.177606 -0.455997
v 0.006523 0.186929 -0.462628
v 0.016933 0.200410 -0.411045
v 0.015146 0.185288 -0.434295
v 0.006240 0.179655 -0.443208
v 0.012788 0.216605 -0.376207
v 0.011294 0.219543 -0.353374
v 0.017489 0.220326 -0.385389
v 0.019126 0.212503 -0.378935
v 0.017888 0.226128 -0.358873
v 0.019229 0.222936 -0.351552
v -0.011374 0.186597 -0.406035
v -0.015416 0.205635 -0.382511
v -0.007384 0.197514 -0.388371
v -0.006422 0.217518 -0.414965
v -0.006902 0.169968 -0.421147
v -0.004303 0.191143 -0.453800
v 0.007499 0.196228 -0.441756
v 0.005505 0.233552 -0.365715
v 0.006067 0.185976 -0.406102
v 0.004035 0.191001 -0.390935
v 0.015531 0.207329 -0.409330
v 0.009258 0.217308 -0.393010
v 0.004549 0.165250 -0.445428
v -0.102606 -0.031589 -0.007302
v -0.105118 -0.055927 -0.008431
v -0.083972 -0.089788 -0.015502
v -0.095319 -0.000666 -0.000291
v -0.085697 -0.087414 -0.021048
v -0.007510 0.099167 0.005863
v -0.004364 0.086507 0.000457
v -0.006486 0.080536 -0.066429
v 0.002192 0.088346 -0.027130
v -0.005659 0.084496 -0.048846
v -0.019035 0.110098 -0.053415
v 0.000688 0.015500 -0.095202
v 0.007571 0.084402 -0.034912
v 0.011294 0.084542 -0.020346
v 0.009421 0.114996 -0.037399
v 0.016730 0.107119 -0.028010
v 0.017149 0.107591 -0.052813
v 0.029545 0.064126 -0.033413
v 0.019208 0.102821 -0.016201
v 0.030645 0.119483 -0.015727
v 0.055387 0.032347 -0.044018
v 0.074253 0.032765 -0.046637
v 0.074663 0.027723 -0.054142
v 0.082687 -0.078740 -0.071233
v 0.085785 -0.031452 -0.012429
v 0.091557 -0.004343 -0.016401
v 0.091752 -0.015713 -0.057555
v 0.065351 -0.152721 -0.044630
v 0.102786 -0.064525 -0.027422
v 0.099159 -0.016351 -0.015495
v 0.104810 -0.067474 -0.023864
v 0.001070 0.078495 -0.073596
v 0.003428 0.084981 -0.057407
v 0.005975 0.080242 -0.069529
v 0.033816 0.060563 -0.043516
v 0.087956 0.015010 -0.009356
v -0.020465 0.117959 -0.106248
v -0.031781 0.105621 -0.097084
v -0.003154 0.082707 -0.121621
v -0.015042 0.076918 -0.190781
v -0.004346 0.069907 -0.187565
v 0.001968 0.070345 -0.152283
v -0.004529 0.068472 -0.172980
v 0.000186 0.073650 -0.081000
v -0.004034 -0.115432 -0.202911
v 0.004918 0.084966 -0.096756
v 0.001458 -0.118663 -0.196541
v -0.001372 0.074519 -0.126648
v 0.000368 -0.085550 -0.151836
v 0.009311 0.083873 -0.113355
v 0.004037 -0.044163 -0.175899
v 0.003506 0.082797 -0.120616
v 0.004997 0.002368 -0.194989
v 0.009353 0.042992 -0.153943
v 0.011260 0.079772 -0.136018
v 0.011465 0.074116 -0.175992
v 0.003540 -0.141182 -0.167406
v 0.005835 0.069266 -0.187945
v 0.021156 0.107123 -0.189299
v 0.034583 0.113403 -0.105008
v 0.031614 0.107817 -0.097373
v -0.008728 0.076878 -0.135628
v -0.003158 0.069018 -0.161955
v -0.020303 0.103888 -0.097798
v -0.011559 0.090128 -0.107370
v -0.008259 0.088525 -0.096155
v 0.000169 -0.001834 -0.176977
v 0.004051 -0.022046 -0.137174
v 0.003168 -0.037516 -0.149346
v 0.007468 0.051264 -0.189552
v 0.010732 0.068030 -0.193753
v 0.003962 0.067028 -0.160277
v 0.003890 0.069799 -0.153501
v 0.014996 0.082951 -0.106513
v -0.020545 0.086662 -0.225876
v -0.019537 0.087809 -0.217021
v -0.013117 0.086239 -0.286755
v -0.013297 0.061104 -0.293438
v -0.025849 0.080545 -0.268518
v -0.012839 0.101544 -0.202379
v -0.013069 0.063963 -0.260450
v -0.005181 0.047182 -0.302490
v -0.007429 0.061970 -0.243279
v -0.003527 0.107018 -0.288975
v -0.005598 0.028709 -0.233738
v -0.005325 -0.003054 -0.269658
v -0.005331 -0.070305 -0.252289
v -0.005849 0.008109 -0.194665
v -0.006785 -0.110904 -0.229852
v 0.001412 0.114132 -0.286047
v 0.004039 -0.021689 -0.272158
v 0.004475 0.057374 -0.235721
v -0.006784 -0.089385 -0.331035
v 0.008169 0.056954 -0.275409
v 0.013502 0.062933 -0.247855
v 0.005916 0.042503 -0.269008
v 0.009055 0.025510 -0.265658
v 0.009908 -0.195454 -0.269557
v 0.003019 0.055800 -0.230009
v 0.011332 -0.182430 -0.303857
v 0.022360 0.096169 -0.231312
v 0.013542 0.072353 -0.217137
v 0.005510 0.054426 -0.267503
v 0.015108 0.055607 -0.292299
v 0.012447 0.100434 -0.250937
v 0.013015 0.087453 -0.287098
v 0.011801 0.097390 -0.308432
v 0.021434 0.069493 -0.308209
v 0.020879 0.086441 -0.222857
v 0.023000 0.096773 -0.258736
v 0.031015 0.097970 -0.226801
v 0.031174 0.089958 -0.224486
v -0.009480 0.097838 -0.247414
v -0.011395 0.068547 -0.214463
v -0.007101 0.063108 -0.232809
v -0.005446 0.068085 -0.195183
v 0.000057 0.055580 -0.267002
v -0.004550 0.051318 -0.274955
v 0.005768 0.052741 -0.287520
v -0.000381 -0.051274 -0.294414
v 0.001064 -0.034297 -0.218172
v 0.001954 0.056889 -0.248689
v 0.007194 0.063322 -0.212088
v 0.007264 -0.045685 -0.245804
v 0.003030 0.007589 -0.245082
v -0.023445 0.085928 -0.294155
v -0.011524 0.079854 -0.325895
v -0.013028 0.055024 -0.312327
v -0.012349 0.043230 -0.375426
v -0.005496 0.085552 -0.364878
v -0.021105 0.065770 -0.353545
v -0.020937 0.060320 -0.348047
v -0.019285 0.078507 -0.335582
v -0.007398 0.052058 -0.361839
v -0.014691 0.048494 -0.355620
v -0.014132 0.039663 -0.406380
v -0.009068 0.091036 -0.392370
v 0.001554 0.085216 -0.403423
v -0.005833 0.040738 -0.341589
v -0.005586 0.033068 -0.365392
v -0.012258 0.052775 -0.319899
v -0.014497 0.054965 -0.411432
v -0.011915 0.105097 -0.312375
v 0.005370 0.041996 -0.350717
v -0.005869 0.031855 -0.334441
v -0.006104 -0.069097 -0.357664
v -0.006268 0.054731 -0.287211
v 0.004994 0.011937 -0.341331
v -0.004066 -0.090612 -0.295493
v 0.007707 0.099149 -0.355156
v 0.007512 -0.059639 -0.355261
v 0.003737 0.029617 -0.374828
v 0.003993 0.077974 -0.410373
v 0.006179 -0.090366 -0.340094
v 0.005652 -0.058481 -0.362828
v 0.004660 -0.091202 -0.330390
v 0.009206 0.092479 -0.394486
v 0.012593 0.036052 -0.395680
v 0.008679 0.037926 -0.365457
v 0.005852 0.046353 -0.329862
v 0.017919 0.054394 -0.313658
v 0.012605 0.059416 -0.298675
v 0.010556 0.089059 -0.342096
v 0.022838 0.077285 -0.337463
v 0.009779 0.060305 -0.316412
v 0.006245 0.109052 -0.309102
v 0.019055 0.044930 -0.393184
v 0.024901 0.086756 -0.294304
v 0.017130 0.051035 -0.404063
v -0.008254 0.099215 -0.355420
v -0.004528 -0.030343 -0.373275
v -0.008021 -0.000156 -0.307923
v 0.008186 -0.035294 -0.317875
v 0.004212 -0.017951 -0.305310
v 0.003312 0.089110 -0.364597
v 0.009164 0.047311 -0.319119
v 0.004064 -0.014092 -0.378818
v 0.011267 0.054512 -0.323768
v 0.010616 0.081593 -0.328507
v 0.013911 0.054828 -0.355982
v 0.000021 0.095579 -0.326342
v 0.021964 0.068174 -0.351361
v 0.011060 0.070026 -0.364902
v 0.006218 0.043412 -0.344140
v 0.017736 0.044785 -0.355944
v -0.101085 -0.103703 -0.024554
v -0.098823 -0.116736 -0.020434
v -0.072083 -0.166435 -0.042226
v -0.063541 -0.154351 -0.035370
v -0.053503 -0.214614 -0.050645
v -0.048046 -0.209182 -0.052540
v 0.001631 -0.140424 -0.172114
v -0.001788 -0.141093 -0.167582
v 0.043405 -0.207492 -0.109614
v 0.048574 -0.208435 -0.111825
v 0.046429 -0.204784 -0.101831
v 0.048529 -0.218506 -0.056442
v 0.054258 -0.217154 -0.060751
v 0.062494 -0.186159 -0.096832
v 0.052937 -0.223759 -0.015760
v 0.051376 -0.222645 -0.023422
v 0.055292 -0.225258 -0.023214
v 0.081654 -0.144367 -0.091990
v 0.088430 -0.147342 -0.037333
v 0.072109 -0.164146 -0.048383
v 0.085659 -0.144708 -0.088606
v 0.098998 -0.105669 -0.076194
v 0.084352 -0.114844 -0.074766
v 0.093235 -0.141195 -0.039964
v -0.053554 -0.211038 -0.056177
v -0.078149 -0.164999 -0.037051
v 0.046082 -0.214702 -0.058408
v 0.070809 -0.144870 -0.087719
v 0.064840 -0.155782 -0.037800
v 0.085814 -0.093506 -0.024141
v 0.073452 -0.151153 -0.084615
v 0.100990 -0.064491 -0.070219
v -0.010945 -0.195918 -0.270665
v -0.002945 -0.177402 -0.212948
v -0.004095 -0.120579 -0.210737
v -0.014400 -0.207212 -0.306677
v 0.006734 -0.209772 -0.258816
v -0.005323 -0.149093 -0.200567
v 0.007621 -0.119572 -0.269772
v 0.008974 -0.225392 -0.202360
v 0.006758 -0.148066 -0.199791
v 0.001183 -0.073392 -0.194759
v 0.012567 -0.195909 -0.262677
v 0.007352 -0.059357 -0.214686
v -0.001391 -0.043235 -0.255068
v 0.007415 -0.198860 -0.295947
v 0.007433 -0.120365 -0.207784
v 0.007817 -0.099674 -0.300383
v 0.020515 -0.208304 -0.279540
v 0.007348 -0.152925 -0.210920
v -0.033945 -0.240690 -0.246408
v -0.020378 -0.243262 -0.253076
v -0.024996 -0.227282 -0.246988
v -0.023464 -0.222879 -0.261914
v -0.014747 -0.204842 -0.262641
v -0.030975 -0.216569 -0.285262
v -0.021604 -0.246465 -0.208953
v -0.023182 -0.248727 -0.228172
v -0.021693 -0.254091 -0.210157
v -0.016427 -0.224397 -0.269938
v -0.018854 -0.243773 -0.239741
v -0.013594 -0.207381 -0.232167
v -0.020495 -0.230675 -0.222914
v -0.015189 -0.244652 -0.207615
v -0.010380 -0.223485 -0.214202
v -0.003861 -0.259304 -0.252451
v -0.005759 -0.263782 -0.220097
v -0.007665 -0.252885 -0.235899
v -0.007325 -0.273202 -0.226967
v -0.008039 -0.254290 -0.195815
v -0.005477 -0.296460 -0.237312
v -0.008944 -0.221160 -0.201415
v -0.001843 -0.309733 -0.245947
v -0.001519 -0.313283 -0.241899
v -0.000109 -0.257612 -0.233920
v -0.004062 -0.249913 -0.257547
v 0.003592 -0.265484 -0.209488
v 0.007434 -0.239588 -0.269177
v -0.000617 -0.216378 -0.227064
v 0.010097 -0.254277 -0.235904
v 0.005673 -0.257607 -0.195749
v 0.001712 -0.213245 -0.234545
v 0.007439 -0.234221 -0.194458
v 0.005075 -0.286851 -0.224947
v 0.007910 -0.209683 -0.235931
v 0.013695 -0.219453 -0.225416
v 0.003633 -0.275239 -0.228985
v 0.009412 -0.257364 -0.214380
v 0.020339 -0.256054 -0.210413
v 0.015325 -0.222836 -0.267511
v 0.011212 -0.245585 -0.211489
v 0.009800 -0.305090 -0.291013
v 0.024467 -0.224735 -0.259673
v 0.022951 -0.245643 -0.225726
v 0.019347 -0.225665 -0.281051
v 0.030517 -0.217340 -0.277865
v 0.035514 -0.238078 -0.246152
v 0.035670 -0.231835 -0.251652
v 0.035303 -0.240459 -0.253927
v -0.035256 -0.231858 -0.250187
v -0.011125 -0.219022 -0.225023
v -0.015510 -0.257189 -0.226843
v 0.010881 -0.252064 -0.245101
v -0.008982 -0.209797 -0.258218
v -0.005494 -0.263303 -0.204107
v -0.011395 -0.228109 -0.197135
v 0.009227 -0.222900 -0.214456
v 0.022927 -0.239416 -0.245334
v 0.023995 -0.225817 -0.247057
v 0.013388 -0.258142 -0.226231
v -0.026788 0.049715 -0.440366
v -0.008870 0.082913 -0.427881
v -0.019125 0.050948 -0.473113
v -0.013377 0.044328 -0.480974
v -0.020843 0.040547 -0.470770
v -0.015138 0.054228 -0.446406
v -0.011704 0.032375 -0.437591
v -0.007776 0.077635 -0.460982
v -0.015577 0.024648 -0.445169
v -0.004118 0.019256 -0.439639
v -0.024938 0.057696 -0.404339
v -0.003835 0.024181 -0.420447
v -0.001290 -0.093473 -0.470105
v 0.000049 0.026958 -0.404692
v -0.012055 0.031425 -0.394743
v 0.000042 0.072697 -0.449234
v -0.001603 0.078828 -0.469783
v -0.000387 0.129852 -0.485377
v -0.003799 0.115153 -0.439965
v 0.003878 0.011972 -0.486657
v 0.004025 0.064582 -0.478060
v 0.007131 0.031999 -0.387767
v 0.008524 0.027848 -0.422339
v 0.005716 -0.037304 -0.410652
v 0.011698 0.068425 -0.477912
v 0.009264 0.066073 -0.487761
v 0.009280 0.035012 -0.479375
v 0.011761 0.077988 -0.425868
v 0.013544 0.023590 -0.441813
v 0.011161 0.046377 -0.450504
v 0.011360 0.056553 -0.412488
v 0.021899 0.041039 -0.496417
v 0.022951 0.043546 -0.469826
v 0.019036 0.041742 -0.475710
v 0.027026 0.043085 -0.476565
v 0.028011 0.058880 -0.406306
v -0.008068 0.069458 -0.490615
v -0.003885 0.064433 -0.476927
v -0.009610 0.019630 -0.475655
v -0.003678 0.079999 -0.436926
v 0.005399 0.082696 -0.428962
v 0.002420 0.078887 -0.437440
v 0.009428 0.024919 -0.462083
v 0.026216 0.048995 -0.437788
v -0.020903 0.038008 -0.497178
v -0.016482 0.040580 -0.538286
v -0.005640 0.018225 -0.502231
v -0.016996 0.018347 -0.509299
v -0.010674 0.016301 -0.547621
v 0.001940 0.005661 -0.530465
v 0.007842 0.062547 -0.505457
v 0.001726 -0.029873 -0.579069
v 0.002072 0.013225 -0.469405
v 0.000682 -0.042639 -0.520835
v 0.009506 0.021084 -0.484346
v 0.013208 0.040076 -0.510276
v 0.015278 0.021128 -0.475825
v 0.023188 0.034395 -0.527702
v 0.025646 0.050606 -0.494825
v -0.016243 0.039212 -0.511397
v -0.013119 0.023490 -0.513670
v -0.001856 0.009513 -0.547313
v 0.002754 -0.001816 -0.552587
v -0.002098 -0.032746 -0.564619
v 0.002111 -0.034004 -0.547248
v -0.006155 0.012898 -0.487430
v 0.003933 0.017272 -0.498544
v 0.015564 0.020377 -0.508920
v -0.001844 0.014930 -0.526056
v 0.015220 0.036953 -0.532783
v -0.017098 -0.114791 -0.461499
v -0.015760 -0.123173 -0.460649
v -0.019190 -0.130409 -0.435466
v -0.013024 -0.140911 -0.431838
v -0.008279 -0.130479 -0.421537
v -0.006318 -0.120446 -0.474128
v -0.011381 -0.108853 -0.476671
v -0.012119 -0.101976 -0.472529
v -0.004162 -0.091239 -0.493656
v -0.007073 -0.121524 -0.429119
v 0.001828 -0.141739 -0.457007
v -0.009648 0.022065 -0.451865
v -0.008056 -0.031552 -0.484580
v -0.004038 -0.086377 -0.487489
v -0.000968 -0.060227 -0.397884
v -0.006030 -0.033060 -0.410348
v -0.011688 0.023923 -0.462608
v -0.003450 -0.054476 -0.495834
v 0.003472 -0.091389 -0.474975
v -0.000014 -0.111020 -0.488632
v -0.004152 -0.132248 -0.555123
v -0.002002 -0.155922 -0.598244
v 0.007208 -0.046801 -0.449406
v 0.000427 -0.038612 -0.524800
v 0.010423 -0.036775 -0.482344
v 0.007711 0.022772 -0.449402
v 0.000131 -0.120218 -0.507349
v 0.003291 -0.157236 -0.596436
v -0.004045 -0.137215 -0.403172
v 0.001905 -0.056248 -0.488467
v 0.003977 -0.161767 -0.528140
v 0.009666 -0.113686 -0.451643
v 0.008857 -0.108226 -0.466457
v 0.003860 -0.048601 -0.458361
v 0.015701 -0.121289 -0.456792
v 0.006331 -0.127524 -0.505806
v 0.011690 -0.097433 -0.475792
v 0.007377 -0.006811 -0.366890
v 0.011260 -0.105487 -0.478769
v 0.010203 0.029555 -0.427571
v 0.019014 -0.128716 -0.439710
v 0.016929 -0.114735 -0.458519
v 0.012923 -0.140063 -0.432456
v 0.019230 -0.133761 -0.433576
v -0.011295 -0.124145 -0.449018
v -0.013380 -0.139546 -0.450273
v -0.010530 -0.112327 -0.453780
v -0.004036 -0.161728 -0.530025
v -0.006457 -0.128707 -0.502008
v -0.003734 -0.054749 -0.488312
v -0.004350 -0.125292 -0.559315
v -0.006385 -0.084643 -0.373842
v 0.004353 -0.127978 -0.570189
v 0.002671 -0.132333 -0.568689
v 0.001038 -0.163460 -0.579422
v -0.001988 -0.129898 -0.468600
v 0.006509 -0.143727 -0.471051
v 0.008117 -0.082019 -0.400485
v 0.006856 -0.132675 -0.464234
v 0.001683 -0.055411 -0.428105
v 0.011848 -0.128138 -0.430449
v 0.004143 -0.094403 -0.493752
v 0.009210 -0.123259 -0.420044
v 0.005104 -0.114737 -0.443870
v -0.026706 -0.199241 -0.316801
v -0.023014 -0.194237 -0.333409
v -0.024434 -0.204866 -0.322600
v -0.017324 -0.189584 -0.314392
v -0.025414 -0.191423 -0.351493
v -0.017172 -0.201318 -0.330844
v -0.008303 -0.198831 -0.291014
v -0.020572 -0.214839 -0.290189
v -0.020933 -0.208770 -0.297952
v -0.004590 -0.179355 -0.305994
v -0.005232 -0.177451 -0.330430
v -0.007919 -0.226270 -0.302045
v -0.014125 -0.207106 -0.353133
v -0.005622 -0.232323 -0.313857
v -0.008983 -0.206161 -0.363883
v 0.001760 -0.218857 -0.339820
v -0.000758 -0.214988 -0.353528
v 0.009507 -0.190131 -0.297543
v 0.007706 -0.170095 -0.362348
v 0.009347 -0.166074 -0.337560
v 0.019850 -0.187864 -0.334701
v 0.010578 -0.246201 -0.382569
v 0.017713 -0.194902 -0.355682
v 0.011019 -0.226676 -0.398061
v 0.026966 -0.183369 -0.350908
v 0.023325 -0.191710 -0.318086
v 0.008077 -0.261448 -0.357481
v 0.017372 -0.206454 -0.322086
v 0.020412 -0.209333 -0.297128
v 0.024324 -0.205072 -0.317851
v 0.019151 -0.193684 -0.327807
v 0.027174 -0.192094 -0.350874
v 0.024427 -0.192039 -0.359062
v -0.016875 -0.194390 -0.359126
v -0.014709 -0.188403 -0.337874
v -0.015384 -0.209460 -0.335726
v -0.004061 -0.222539 -0.324429
v -0.007800 -0.166213 -0.339392
v 0.012844 -0.175626 -0.334459
v 0.010897 -0.215540 -0.358727
v 0.014264 -0.208523 -0.339681
v 0.013899 -0.193339 -0.343677
v 0.009438 -0.222584 -0.327585
v 0.016113 -0.222524 -0.318242
v 0.013064 -0.205706 -0.304680
v 0.009898 -0.224721 -0.300552
v -0.021372 -0.144279 -0.415146
v -0.015274 -0.151383 -0.428655
v -0.014757 -0.157168 -0.408649
v -0.022967 -0.171897 -0.390479
v -0.021963 -0.169847 -0.382958
v -0.021681 -0.179772 -0.367100
v -0.007882 -0.170293 -0.359375
v -0.013279 -0.187237 -0.376887
v -0.008046 -0.152670 -0.371308
v -0.007988 -0.230354 -0.431494
v -0.008278 -0.200851 -0.376979
v 0.005097 -0.182295 -0.401601
v 0.003744 -0.215146 -0.450051
v 0.005625 -0.188189 -0.399197
v 0.005753 -0.201241 -0.380314
v 0.004836 -0.256207 -0.443475
v 0.010254 -0.163356 -0.427829
v 0.005159 -0.161451 -0.438326
v 0.008995 -0.152856 -0.370438
v 0.009380 -0.292912 -0.445618
v 0.009366 -0.206341 -0.360514
v 0.015343 -0.152294 -0.424012
v 0.010044 -0.284594 -0.476803
v 0.019294 -0.142939 -0.412076
v 0.023235 -0.172245 -0.386175
v 0.015274 -0.169134 -0.398716
v 0.020962 -0.177748 -0.365527
v 0.014955 -0.173251 -0.381871
v 0.021056 -0.154736 -0.414957
v 0.023234 -0.172399 -0.391061
v -0.011188 -0.176504 -0.409239
v -0.011157 -0.189769 -0.394225
v -0.008353 -0.180603 -0.404956
v -0.011382 -0.155815 -0.398440
v 0.002674 -0.149810 -0.387676
v -0.012979 -0.160004 -0.366956
v 0.002420 -0.153790 -0.440147
v 0.006669 -0.135789 -0.418170
v 0.008459 -0.153147 -0.396641
v 0.008295 -0.193650 -0.385304
v 0.006138 -0.235959 -0.437551
v -0.030964 -0.224960 -0.278618
v -0.019550 -0.226188 -0.283290
v -0.011847 -0.248506 -0.262417
v -0.010418 -0.304608 -0.285327
v -0.010013 -0.234630 -0.296275
v -0.011427 -0.272201 -0.276443
v -0.016802 -0.222716 -0.316909
v -0.008115 -0.280941 -0.361574
v -0.009551 -0.353476 -0.396283
v -0.008481 -0.322222 -0.259484
v -0.009599 -0.349883 -0.464907
v -0.006733 -0.383591 -0.378468
v -0.012176 -0.225287 -0.328205
v -0.009581 -0.362811 -0.420952
v -0.004364 -0.256118 -0.306474
v 0.000196 -0.238693 -0.335417
v -0.007222 -0.343806 -0.292759
v -0.005574 -0.363657 -0.298154
v -0.003584 -0.388236 -0.375605
v 0.000680 -0.355346 -0.345775
v 0.009464 -0.299903 -0.295037
v 0.004119 -0.327839 -0.424241
v -0.009738 -0.277215 -0.409861
v -0.007769 -0.306201 -0.451155
v 0.004678 -0.280925 -0.412131
v -0.003542 -0.372112 -0.420575
v -0.003529 -0.377378 -0.444288
v 0.001657 -0.354734 -0.395051
v 0.004815 -0.287082 -0.337834
v 0.006275 -0.236363 -0.294617
v 0.000857 -0.372529 -0.317868
v 0.006801 -0.320550 -0.257907
v 0.007944 -0.273480 -0.355327
v 0.006150 -0.369576 -0.423646
v 0.002721 -0.297481 -0.239400
v 0.007841 -0.248362 -0.261878
v 0.020723 -0.213393 -0.288155
v 0.027759 -0.226006 -0.278996
v -0.016028 -0.302534 -0.291151
v -0.013641 -0.289053 -0.323998
v -0.013794 -0.284216 -0.331870
v -0.012111 -0.235671 -0.269637
v -0.008242 -0.382718 -0.361033
v -0.009390 -0.340228 -0.390413
v -0.011320 -0.315595 -0.265770
v 0.009542 -0.315390 -0.267500
v -0.011569 -0.355867 -0.345510
v -0.002616 -0.375214 -0.314455
v 0.001996 -0.364940 -0.297126
v 0.003677 -0.361803 -0.339251
v -0.001695 -0.243533 -0.283108
v 0.005394 -0.288825 -0.320678
v 0.011596 -0.286796 -0.328019
v 0.006888 -0.330194 -0.374759
v -0.007924 -0.304821 -0.469142
v -0.009525 -0.255491 -0.423918
v -0.008240 -0.244414 -0.425906
v -0.003591 -0.271874 -0.366903
v -0.006980 -0.237710 -0.460038
v -0.009665 -0.281502 -0.552245
v -0.006053 -0.239698 -0.509312
v -0.010448 -0.161985 -0.431351
v -0.008971 -0.193524 -0.487924
v 0.001954 -0.188902 -0.454908
v -0.009295 -0.148235 -0.441182
v -0.007920 -0.179838 -0.500840
v -0.005774 -0.161653 -0.455048
v -0.005808 -0.189654 -0.572548
v 0.002930 -0.208416 -0.503148
v 0.004153 -0.310044 -0.526958
v 0.004724 -0.274996 -0.450999
v -0.003900 -0.327579 -0.493976
v -0.000956 -0.356855 -0.470487
v -0.005328 -0.295890 -0.600019
v 0.003506 -0.249730 -0.623326
v -0.003641 -0.253052 -0.623416
v 0.000128 -0.220276 -0.564541
v 0.000832 -0.209348 -0.623018
v 0.003900 -0.263197 -0.482196
v 0.004269 -0.246658 -0.590407
v 0.008783 -0.195301 -0.484340
v 0.003557 -0.315924 -0.562390
v 0.002305 -0.335324 -0.538492
v 0.007320 -0.302982 -0.527580
v 0.005109 -0.299865 -0.401579
v 0.004154 -0.297446 -0.605026
v 0.005967 -0.312178 -0.481143
v 0.009172 -0.174300 -0.503919
v 0.005801 -0.300255 -0.595652
v 0.007978 -0.281603 -0.552265
v 0.010370 -0.280747 -0.535377
v -0.007090 -0.265614 -0.489066
v -0.003825 -0.338473 -0.532992
v -0.002278 -0.298396 -0.580101
v -0.007949 -0.284808 -0.538458
v -0.000557 -0.218286 -0.621351
v -0.007395 -0.216326 -0.455205
v -0.008150 -0.214613 -0.568129
v -0.007156 -0.306975 -0.528691
v -0.001699 -0.313373 -0.568394
v -0.007292 -0.252161 -0.577086
v -0.007983 -0.344023 -0.468716
v -0.002539 -0.361945 -0.506192
v 0.007426 -0.253993 -0.588597
v 0.006035 -0.237730 -0.501592
v 0.001085 -0.292800 -0.605056
v -0.005214 -0.170094 -0.505392
v 0.007969 -0.184005 -0.562257
v 0.006612 -0.236182 -0.534711
v 0.004082 -0.145521 -0.452971
v 0.008301 -0.213317 -0.578014
v 0.006950 -0.353184 -0.474669
v 0.004748 -0.306444 -0.450525
v 0.000589 -0.339453 -0.537153
v 0.007281 -0.215347 -0.613746
v -0.007807 -0.222867 -0.494697
v 0.005197 -0.176485 -0.419016
v 0.009154 -0.293939 -0.598453
v 0.009393 -0.177480 -0.408208
v 0.007062 -0.239079 -0.462147
v 0.007691 -0.179599 -0.501186
v -0.016333 0.177830 -0.462939
v -0.009290 0.166400 -0.472711
v -0.007693 0.154838 -0.466206
v -0.006085 0.200542 -0.538081
v -0.005924 0.195444 -0.566186
v -0.004833 0.222346 -0.535455
v -0.007760 0.222757 -0.589647
v -0.008941 0.187335 -0.486491
v -0.009422 0.252115 -0.473297
v -0.003524 0.276949 -0.533604
v -0.004450 0.282909 -0.604149
v -0.004202 0.196244 -0.495003
v -0.010542 0.315985 -0.488439
v -0.002974 0.320471 -0.574298
v -0.000094 0.154250 -0.479889
v -0.004722 0.242614 -0.476927
v -0.003962 0.305917 -0.576153
v -0.005500 0.301217 -0.596251
v -0.004947 0.247525 -0.601412
v -0.001745 0.180045 -0.487833
v 0.001492 0.212511 -0.496729
v -0.008046 0.103536 -0.507257
v 0.000376 0.228002 -0.590523
v 0.000462 0.221932 -0.595201
v -0.003348 0.233230 -0.485190
v -0.002044 0.140722 -0.501455
v 0.003542 0.154372 -0.466248
v 0.003708 0.254097 -0.602321
v -0.006468 0.308993 -0.493159
v -0.002295 0.127515 -0.521474
v -0.002188 0.128626 -0.517136
v 0.005580 0.158268 -0.477381
v 0.000060 0.194320 -0.566197
v 0.001294 0.291135 -0.530747
v -0.001960 0.321001 -0.486666
v 0.000455 0.196919 -0.462832
v -0.009215 0.207316 -0.454461
v -0.006312 0.095954 -0.525821
v 0.003181 0.138764 -0.496343
v -0.001770 0.071308 -0.486350
v 0.007655 0.076145 -0.460927
v -0.001761 0.256337 -0.473110
v -0.009464 0.292709 -0.526496
v -0.005263 0.190535 -0.540183
v -0.000972 0.249422 -0.534469
v 0.000028 0.072384 -0.501587
v -0.001925 0.200946 -0.509570
v 0.000637 0.281518 -0.605646
v -0.002969 0.189399 -0.566012
v 0.000405 0.195808 -0.494595
v -0.009294 0.155695 -0.475166
v 0.005372 0.194377 -0.538378
v -0.000460 0.301355 -0.596211
v 0.005829 0.204939 -0.492265
v 0.003800 0.228840 -0.506323
v 0.003451 0.176097 -0.469110
v 0.005692 0.105860 -0.503961
v 0.003524 0.279157 -0.559553
v -0.023760 0.029313 -0.595760
v -0.005608 0.056917 -0.584852
v -0.017652 0.029104 -0.605163
v -0.021034 0.032271 -0.551060
v -0.014829 0.036821 -0.561285
v -0.015111 0.033376 -0.583803
v -0.013023 0.049249 -0.568138
v -0.021611 0.031356 -0.572194
v -0.011779 0.015264 -0.576013
v -0.007715 0.009058 -0.555883
v -0.011284 0.011632 -0.535101
v -0.004180 0.007655 -0.581154
v -0.021101 0.037058 -0.529002
v -0.013517 0.009839 -0.576143
v -0.004165 0.009555 -0.565436
v -0.004451 0.056133 -0.576217
v -0.004334 0.067452 -0.565504
v -0.007220 0.084367 -0.550528
v -0.006477 0.093862 -0.564525
v -0.006858 0.094384 -0.535750
v 0.000457 0.101260 -0.563508
v -0.003474 0.060927 -0.507559
v -0.001049 -0.032840 -0.592861
v -0.001292 0.094641 -0.595217
v -0.000298 0.063758 -0.582609
v -0.000034 -0.012650 -0.577150
v -0.002028 0.114738 -0.541743
v -0.000219 0.096616 -0.590184
v 0.004750 0.102015 -0.529304
v -0.000218 0.095175 -0.609261
v 0.001565 0.066104 -0.564732
v 0.005102 0.085599 -0.548246
v 0.008134 0.097632 -0.535919
v 0.006674 0.056249 -0.509794
v 0.004965 0.097087 -0.620449
v 0.003774 0.007547 -0.564629
v 0.006633 0.004153 -0.574252
v 0.013988 0.058625 -0.533479
v 0.008917 0.056209 -0.538778
v 0.003546 0.011758 -0.548504
v 0.008715 0.053888 -0.571398
v 0.013309 0.031241 -0.558231
v 0.015359 0.033149 -0.580925
v 0.012512 0.017200 -0.574762
v 0.003924 0.003820 -0.597822
v 0.013202 0.011464 -0.606707
v 0.015282 0.015009 -0.555561
v 0.012398 0.019696 -0.560652
v 0.010011 0.020972 -0.550667
v 0.015047 0.025816 -0.602880
v 0.011333 0.015291 -0.533048
v 0.021410 0.042977 -0.519947
v 0.017926 0.043325 -0.567109
v 0.022868 0.033374 -0.589856
v 0.021807 0.033266 -0.546816
v 0.022928 0.035556 -0.597747
v 0.021891 0.024831 -0.592132
v 0.020959 0.028852 -0.574519
v -0.009483 0.057136 -0.537842
v 0.003110 0.062559 -0.552276
v -0.008900 0.060019 -0.522812
v -0.000076 -0.025141 -0.597874
v 0.001686 0.060069 -0.534127
v 0.004295 0.059760 -0.527016
v -0.023073 0.028217 -0.623687
v -0.016833 0.028763 -0.629933
v -0.021093 0.017660 -0.623295
v -0.016680 0.008948 -0.609695
v -0.003585 0.045021 -0.656390
v -0.015313 0.045698 -0.616058
v -0.013349 0.074059 -0.693198
v -0.012923 0.104912 -0.633676
v -0.004679 0.068489 -0.674114
v -0.009142 0.041669 -0.630242
v -0.015221 0.014414 -0.691196
v -0.013847 -0.051142 -0.646602
v -0.001812 -0.043264 -0.635252
v -0.002391 0.000515 -0.597164
v -0.009511 0.099180 -0.625124
v -0.008032 0.107503 -0.625183
v -0.000745 -0.031272 -0.664282
v -0.003205 -0.001088 -0.652243
v -0.001877 -0.005887 -0.613711
v -0.001867 0.077834 -0.665853
v -0.002788 0.096142 -0.621808
v -0.003594 0.003735 -0.682034
v -0.003378 0.056007 -0.596039
v -0.004949 -0.015178 -0.624535
v 0.011508 0.111156 -0.629068
v 0.000235 -0.013674 -0.616331
v -0.001710 0.056601 -0.664139
v 0.000106 -0.028924 -0.635307
v -0.002409 -0.035830 -0.619603
v -0.000122 -0.024199 -0.606242
v 0.001754 -0.035703 -0.618181
v 0.003952 -0.005900 -0.611675
v 0.009026 0.010469 -0.581984
v 0.003409 0.039680 -0.664954
v 0.001567 0.050924 -0.661977
v 0.006630 0.048167 -0.636295
v 0.003746 0.063756 -0.669195
v 0.005890 0.077914 -0.664252
v 0.007388 0.049229 -0.591271
v 0.005389 0.051389 -0.619901
v 0.005732 0.091712 -0.638301
v 0.003602 -0.004574 -0.633176
v 0.005233 -0.027656 -0.646193
v 0.012691 0.048642 -0.633581
v 0.011204 0.021014 -0.685325
v 0.013005 0.003622 -0.626564
v 0.017282 0.023522 -0.630720
v 0.007354 -0.007669 -0.679533
v 0.023038 0.019300 -0.643243
v 0.012487 0.047970 -0.615334
v 0.023009 0.028746 -0.644618
v 0.014237 0.062020 -0.675943
v 0.023161 0.035336 -0.616285
v 0.024463 0.025677 -0.619070
v -0.022299 0.023312 -0.648310
v -0.007622 0.046735 -0.648155
v -0.001617 -0.007151 -0.635466
v 0.005444 -0.046228 -0.631632
v 0.017485 0.005290 -0.617602
v -0.011363 0.083700 -0.698594
v -0.016369 0.054657 -0.689698
v -0.013568 0.058618 -0.710141
v -0.008721 0.112708 -0.662027
v -0.008806 0.124791 -0.667929
v -0.003714 0.109690 -0.684138
v -0.002285 0.097801 -0.690572
v -0.003707 0.148582 -0.712358
v -0.002162 0.066479 -0.705238
v 0.003169 0.192837 -0.767683
v -0.004380 0.131351 -0.735966
v -0.001401 0.107900 -0.711614
v 0.002424 0.160591 -0.745609
v 0.001890 0.180634 -0.772911
v -0.009076 0.166661 -0.779980
v 0.003539 0.133007 -0.707070
v 0.001893 0.181374 -0.782855
v -0.000431 0.212724 -0.809643
v 0.005810 0.153022 -0.703651
v 0.011327 0.179679 -0.769424
v 0.016004 0.105221 -0.633741
v 0.017104 0.084082 -0.697509
v 0.001860 0.136354 -0.756426
v 0.009554 0.099490 -0.697220
v 0.011614 0.062620 -0.713030
v 0.016918 0.113628 -0.673937
v 0.020155 0.068171 -0.688190
v -0.012109 0.113264 -0.673685
v -0.004763 0.138031 -0.695746
v -0.001312 0.127192 -0.704954
v -0.002824 0.089289 -0.694609
v -0.008899 0.173932 -0.757785
v 0.001166 0.109479 -0.749871
v 0.000298 0.125126 -0.739796
v -0.005354 0.075257 -0.706841
v 0.003765 0.139293 -0.724647
v -0.000015 0.120493 -0.640581
v 0.009311 0.116805 -0.693736
v 0.013436 0.111502 -0.664051
v -0.003355 0.136878 -0.797861
v -0.003761 0.151874 -0.796828
v -0.009329 0.095460 -0.804993
v -0.003489 0.113103 -0.800208
v 0.002038 0.074282 -0.781510
v -0.001882 0.081364 -0.810115
v -0.002229 0.156233 -0.787140
v 0.000030 0.118983 -0.775088
v 0.000279 0.092120 -0.722474
v -0.002322 0.136247 -0.889971
v 0.003171 0.135965 -0.804077
v 0.005938 0.091900 -0.899309
v 0.001066 0.068854 -0.814957
v -0.004597 0.095613 -0.894539
v -0.000481 0.178160 -0.784362
v 0.006358 0.051916 -0.814196
v 0.013304 0.146983 -0.792945
v 0.013034 0.123595 -0.797901
v 0.011732 0.067617 -0.808822
v 0.008586 0.102666 -0.807865
v 0.003636 0.120709 -0.771851
v 0.003785 0.058786 -0.728136
v 0.007494 0.129402 -0.796196
v 0.007377 0.070855 -0.710531
v 0.001898 0.145127 -0.773245
v 0.009508 0.088072 -0.702785
v 0.010829 0.046996 -0.717782
v 0.001452 0.072232 -0.797558
v -0.009195 0.123220 -0.795174
v -0.009247 0.146751 -0.788535
v 0.000120 0.086186 -0.742482
v -0.005427 0.058589 -0.896418
v -0.009219 0.068470 -0.808717
v -0.005155 0.044993 -0.815485
v 0.000521 0.061500 -0.869473
v 0.001826 0.095950 -0.811939
v 0.005026 0.081562 -0.806736
v 0.000391 0.110871 -0.810674
v 0.013079 0.098494 -0.803632
v 0.010650 0.075677 -0.708097
v 0.011538 0.073944 -0.802448
v 0.003831 0.107807 -0.749831
v -0.004783 0.099785 -0.809411
v -0.002830 0.199301 -0.892684
v -0.005145 0.124776 -0.803973
v -0.004967 0.185775 -0.774576
v 0.004522 0.215178 -0.871325
v 0.004442 0.162174 -0.792746
v -0.002925 0.228107 -0.882889
v 0.000212 0.119359 -0.807979
v 0.003627 0.106068 -0.947103
v 0.004415 0.152648 -0.944748
v 0.005825 0.186884 -0.931407
v 0.004055 0.066346 -0.949780
v 0.003625 0.021877 -0.949046
v 0.003749 0.243666 -0.921569
v 0.009672 0.171525 -0.786631
v 0.007892 0.062122 -0.910259
v 0.006329 0.156268 -0.799383
v 0.008370 0.021281 -0.910189
v 0.011360 0.185311 -0.765478
v 0.008882 0.171813 -0.898568
v -0.004985 0.181647 -0.800856
v 0.002132 0.215172 -0.843802
v -0.000258 0.067009 -0.950876
v 0.001947 0.112710 -0.949291
v 0.004235 0.148193 -0.945590
v 0.003703 0.176067 -0.897229
v 0.005294 0.196499 -0.873585
v -0.003296 0.169603 -0.899510
v -0.000034 0.181372 -0.934824
v -0.000796 0.241654 -0.917883
v 0.003753 0.241635 -0.907441
v 0.000576 0.144910 -0.802316
v 0.002269 0.231732 -0.907620
v -0.003469 0.126998 -0.888383
v 0.006460 0.132769 -0.903917
v 0.000333 0.211255 -0.929501
v 0.007642 0.191550 -0.883261
v 0.001662 0.224230 -0.845689
v 0.001833 0.189801 -0.788873
v 0.000599 0.055337 -0.911529
v 0.002970 0.104947 -0.909210
v 0.009206 0.223066 -0.868250
v 0.005244 0.217008 -0.929308
v 0.007438 0.182835 -0.934381
v -0.012175 -0.004180 -0.712738
v -0.015073 -0.000032 -0.687755
v -0.014690 0.037879 -0.691932
v -0.013533 0.026782 -0.713227
v -0.009230 -0.013266 -0.710266
v -0.014847 -0.019664 -0.703524
v -0.016037 0.044848 -0.704879
v -0.009658 0.037930 -0.714589
v -0.001963 -0.009492 -0.679910
v 0.000164 0.039779 -0.720696
v -0.005582 0.048727 -0.717393
v -0.005359 0.031556 -0.683707
v -0.005246 0.062601 -0.716183
v 0.003447 0.041748 -0.728593
v 0.001904 -0.022936 -0.744807
v -0.001892 0.031228 -0.812797
v 0.001968 0.029146 -0.776563
v 0.001138 -0.012442 -0.696890
v -0.001151 -0.027108 -0.810730
v -0.009068 0.014170 -0.808570
v -0.001747 0.005933 -0.752547
v 0.000071 0.058062 -0.719066
v -0.004690 0.021159 -0.910179
v 0.007971 -0.019020 -0.814240
v 0.007472 -0.037912 -0.809839
v 0.005782 -0.029088 -0.809275
v 0.007863 0.005823 -0.809856
v 0.003885 -0.021647 -0.732611
v 0.002006 0.014895 -0.908577
v 0.013049 -0.016801 -0.807452
v 0.006876 -0.014904 -0.707192
v 0.005435 0.005355 -0.715001
v 0.011590 0.032843 -0.718336
v 0.011291 -0.023243 -0.709989
v 0.003688 0.085690 -0.751531
v 0.008056 0.054542 -0.712769
v 0.005432 0.023203 -0.716884
v 0.010134 0.001922 -0.711691
v 0.017335 0.028830 -0.714577
v 0.019155 -0.003004 -0.709544
v 0.014966 0.019163 -0.712407
v 0.017291 0.009749 -0.714570
v 0.017897 0.011724 -0.689246
v -0.003773 -0.002281 -0.712361
v -0.001069 0.021173 -0.714991
v 0.000427 -0.012926 -0.707230
v -0.006534 -0.024614 -0.710350
v 0.004135 0.021006 -0.817027
v 0.011645 0.017525 -0.811012
v 0.002071 0.067319 -0.754858
v 0.017703 0.035344 -0.690004
v 0.004476 0.038393 -0.814129
v 0.002073 0.050853 -0.788403
v -0.014832 -0.012175 -0.693373
v -0.013192 -0.045350 -0.695726
v -0.012002 -0.062040 -0.660207
v -0.007968 -0.066044 -0.645991
v -0.005638 -0.067468 -0.683714
v -0.003499 -0.050725 -0.632313
v -0.007738 -0.099349 -0.733292
v -0.002779 -0.085481 -0.676014
v -0.000482 -0.117031 -0.731915
v -0.003942 -0.079304 -0.703373
v -0.000001 -0.116017 -0.767587
v -0.003650 -0.077574 -0.802554
v -0.001795 -0.044971 -0.703211
v 0.004617 -0.075812 -0.652047
v 0.003402 -0.113627 -0.756222
v -0.004025 -0.124769 -0.783208
v 0.003921 -0.093385 -0.732371
v -0.003248 -0.037231 -0.810318
v -0.005367 -0.062903 -0.721449
v 0.002214 -0.070772 -0.769543
v -0.002379 -0.062450 -0.706994
v 0.003440 -0.100058 -0.732279
v 0.000363 -0.090560 -0.804175
v 0.000366 -0.069409 -0.719163
v 0.002279 -0.083197 -0.746777
v 0.002014 -0.090566 -0.762949
v 0.002260 -0.060305 -0.744103
v 0.008636 -0.046006 -0.811657
v 0.005469 -0.000230 -0.654731
v 0.006390 -0.036170 -0.663520
v 0.009896 -0.078320 -0.672991
v 0.017579 -0.068392 -0.660594
v 0.013076 -0.096643 -0.795851
v 0.003834 -0.083065 -0.746665
v 0.014284 -0.072871 -0.714664
v 0.007853 -0.068941 -0.721731
v 0.005934 -0.116928 -0.767411
v 0.009574 -0.088421 -0.723547
v 0.017820 -0.087968 -0.706990
v 0.013605 -0.056700 -0.691259
v 0.020601 -0.045528 -0.652859
v 0.006078 -0.104070 -0.748361
v 0.011475 -0.052351 -0.757368
v -0.001834 -0.031019 -0.706754
v -0.009182 -0.045704 -0.807216
v -0.008003 -0.072106 -0.707162
v 0.002015 -0.050485 -0.773435
v -0.003566 -0.038366 -0.707386
v -0.002761 -0.052497 -0.722432
v 0.003930 -0.086188 -0.711043
v 0.006000 -0.108113 -0.754404
v 0.008458 -0.097856 -0.739258
v 0.013019 -0.111047 -0.750483
v 0.009325 -0.048406 -0.703126
v 0.013173 -0.132944 -0.779754
v 0.015269 -0.051078 -0.637032
v 0.003917 -0.079949 -0.798738
v 0.019103 -0.026680 -0.683057
v 0.017362 -0.042976 -0.698822
v -0.009336 -0.097591 -0.794992
v 0.000544 -0.103445 -0.801139
v -0.009173 -0.133569 -0.783812
v -0.004853 -0.067267 -0.806273
v -0.003528 -0.068391 -0.909196
v -0.003084 -0.047836 -0.812319
v -0.003653 -0.101044 -0.900218
v -0.000375 -0.104894 -0.886199
v 0.001014 -0.166383 -0.853751
v -0.003260 -0.132689 -0.879267
v -0.000375 -0.113422 -0.936050
v 0.002993 -0.069895 -0.947108
v -0.003677 -0.030056 -0.912495
v -0.000115 -0.020155 -0.900745
v -0.002830 -0.033160 -0.951010
v 0.001912 -0.140284 -0.883825
v 0.003982 -0.136310 -0.771141
v -0.005870 -0.014116 -0.811894
v -0.009069 -0.017178 -0.807056
v -0.000300 -0.179363 -0.906580
v -0.003799 -0.154298 -0.863112
v 0.002876 -0.154874 -0.875452
v 0.001671 -0.159497 -0.928156
v -0.003139 0.006237 -0.811610
v -0.002544 0.019976 -0.945060
v 0.004161 -0.036658 -0.953676
v 0.013093 -0.069348 -0.805231
v 0.006993 -0.100564 -0.896613
v 0.009151 -0.028045 -0.913284
v 0.008607 -0.064590 -0.908249
v 0.007228 -0.134712 -0.784897
v 0.011042 -0.122694 -0.781727
v -0.000251 -0.123568 -0.873279
v -0.003774 -0.174072 -0.903945
v -0.001562 -0.153637 -0.928042
v -0.004980 -0.112192 -0.788444
v -0.003648 -0.172210 -0.847130
v -0.000407 -0.107617 -0.796705
v 0.002008 -0.174227 -0.909174
v 0.001173 -0.163600 -0.869030
v -0.000159 -0.186784 -0.886431
v -0.000176 -0.029571 -0.953582
v 0.000429 -0.189981 -0.882940
v 0.001754 -0.077947 -0.808599
v 0.007505 -0.152754 -0.925384
v 0.001929 -0.127644 -0.794999
v 0.007714 -0.156507 -0.861191
v 0.008339 -0.133121 -0.883023
v 0.000371 0.024565 -0.946958
v 0.003940 -0.119055 -0.937765
v 0.001935 -0.075114 -0.944959
v 0.007617 -0.172567 -0.849615
v 0.007915 -0.175572 -0.904042
v 0.004956 -0.010935 -0.815574
v 0.006060 -0.107331 -0.791083
vn -0.9671 0.2287 0.1112
vn -0.1680 -0.1614 -0.9725
vn -0.0114 -0.9952 -0.0972
vn -0.3673 0.0747 -0.9271
vn -0.0359 -0.9937 0.1058
vn -0.9872 0.1499 0.0548
vn -0.2298 0.9150 -0.3316
vn 0.7436 -0.6557 -0.1305
vn -0.9376 0.1187 0.3269
vn 0.7071 0.6317 -0.3178
vn -0.6630 -0.7418 0.1006
vn -0.2822 0.9593 -0.0092
vn 0.8482 -0.3172 -0.4241
vn 0.3028 0.6013 -0.7395
vn -0.9525 -0.1758 0.2488
vn 0.3264 -0.9142 -0.2404
vn 0.1931 -0.9390 -0.2845
vn 0.2502 0.9681 -0.0130
vn -0.6714 0.3688 -0.6428
vn -0.7672 -0.5797 0.2744
vn -0.9197 0.2218 0.3240
vn -0.5497 0.2685 -0.7910
vn -0.1452 -0.8220 -0.5506
vn 0.0150 -0.9879 -0.1541
vn -0.1450 -0.9190 0.3667
vn -0.1879 -0.9819 0.0234
vn 0.6929 0.6135 -0.3788
vn 0.8611 -0.3695 -0.3492
vn -0.8890 -0.1677 -0.4262
vn -0.8245 0.1011 -0.5568
vn 0.9040 -0.0273 -0.4267
vn 0.9097 0.2148 -0.3554
vn 0.9867 0.0129 -0.1621
vn -0.3100 0.9386 0.1514
vn -0.9369 0.3258 0.1265
vn 0.1822 -0.2571 -0.9491
vn 0.3691 -0.9245 -0.0954
vn -0.9866 -0.1546 0.0528
vn -0.9345 -0.3425 -0.0973
vn 0.8799 -0.0023 -0.4751
vn -0.9067 -0.3939 0.1507
vn -0.9776 0.1286 0.1667
vn -0.8589 -0.4119 0.3043
vn -0.6681 0.7434 -0.0299
vn -0.7526 -0.6460 -0.1273
vn -0.7365 -0.6371 -0.2273
vn 0.6573 0.7528 -0.0362
vn 0.2233 0.9648 0.1392
vn 0.2949 -0.8972 -0.3287
vn -0.4024 -0.9025 -0.1537
vn 0.5738 -0.4634 -0.6753
vn -0.0471 0.8276 -0.5593
vn 0.3759 0.9209 -0.1033
vn 0.3695 0.9292 -0.0038
vn 0.8665 -0.1312 -0.4817
vn -0.9763 -0.0863 0.1986
vn 0.2020 -0.9635 -0.1758
vn 0.7715 -0.4095 -0.4870
vn -0.7071 0.7071 -0.0015
vn 0.8771 0.2915 -0.3818
vn -0.8633 -0.3393 -0.3736
vn -0.9002 -0.1226 0.4178
vn -0.0059 -0.3043 -0.9526
vn -0.9682 -0.2473 -0.0368
vn 0.6567 -0.6893 0.3059
vn -0.4610 0.6731 -0.5783
vn 0.8247 0.3421 -0.4504
vn -0.8650 0.4955 0.0792
vn -0.0698 0.8259 -0.5595
vn 0.3586 -0.9312 -0.0651
vn -0.9291 -0.3645 0.0630
vn -0.9878 -0.1398 0.0682
vn -0.9554 -0.2773 -0.1018
vn -0.9275 -0.3545 0.1182
vn -0.9908 0.0416 -0.1290
vn -0.9644 -0.1295 -0.2304
vn -0.9611 0.1944 -0.1962
vn -0.9792 0.0692 0.1905
vn 0.6332 -0.7365 -0.2380
vn -0.9150 -0.3279 -0.2351
vn 0.0070 0.3667 -0.9303
vn 0.6988 -0.5116 -0.5000
vn -0.9319 -0.1563 0.3273
vn 0.4718 -0.4974 -0.7280
vn -0.9785 -0.1970 0.0605
vn 0.8350 -0.2473 -0.4916
vn -0.7751 -0.5491 0.3125
vn 0.0289 -0.5361 -0.8437
vn 0.7431 0.2621 -0.6157
vn 0.9713 0.0629 -0.2296
vn -0.9785 0.1847 0.0913
vn -0.7350 -0.6076 -0.3011
vn 0.7366 0.3719 -0.5648
vn -0.9215 -0.3884 -0.0000
vn -0.8873 0.3717 0.2730
vn -0.8790 0.2132 0.4265
vn -0.9919 -0.1095 -0.0652
vn -0.9792 -0.0682 0.1909
vn -0.8879 -0.4350 -0.1495
vn -0.9684 -0.0360 0.2468
vn -0.9878 -0.1131 -0.1068
vn -0.7601 0.6498 -0.0082
vn -0.9964 0.0759 0.0370
vn -0.9745 0.2217 -0.0341
vn 0.9053 0.2087 -0.3700
vn 0.7888 -0.1167 -0.6035
vn 0.8711 0.2305 -0.4336
vn -0.7365 -0.4520 -0.5032
vn -0.8032 -0.3252 -0.4991
vn -0.9722 -0.1903 -0.1361
vn -0.9960 0.0035 0.0897
vn -0.9995 0.0305 -0.0121
vn 0.6089 0.4859 -0.6270
vn -0.9452 0.3230 -0.0474
vn -0.3479 -0.5606 -0.7515
vn -0.9225 -0.2320 0.3084
vn -0.6314 0.6306 -0.4514
vn 0.4899 0.5629 -0.6657
vn -0.9928 0.0451 0.1111
vn -0.8364 -0.0084 -0.5481
vn -0.6334 -0.2926 -0.7163
vn -0.9527 -0.1772 0.2469
vn -0.9613 0.2597 0.0917
vn -0.8499 0.5003 -0.1655
vn -0.9668 0.1693 -0.1916
vn -0.9342 -0.3325 0.1294
vn -0.2229 0.0254 -0.9745
vn -0.6971 -0.2340 -0.6777
vn -0.6707 -0.6284 -0.3940
vn -0.9511 -0.1454 -0.2724
vn -0.9627 -0.2573 -0.0838
vn -0.9822 -0.0668 0.1757
vn -0.5731 -0.7468 0.3374
vn 0.6850 -0.3339 -0.6475
vn -0.9776 0.1712 0.1226
vn -0.5442 -0.2399 -0.8039
vn -0.9816 0.1238 0.1453
vn -0.8457 -0.4509 0.2856
vn -0.8803 -0.3953 0.2622
vn 0.9054 0.1238 -0.4061
vn -0.8112 -0.4089 0.4181
vn 0.6504 0.5655 -0.5072
vn -0.9458 0.0826 0.3142
vn -0.9649 -0.2035 -0.1662
vn -0.9437 0.2373 0.2302
vn -0.9590 0.2829 0.0191
vn -0.3388 -0.3203 -0.8846
vn -0.8300 0.5535 0.0686
vn -0.8483 0.0764 0.5240
vn -0.9822 -0.1843 0.0362
vn 0.5471 -0.3775 -0.7471
vn -0.4104 -0.0362 -0.9112
vn -0.3789 0.0530 0.9239
vn -0.9480 0.0042 -0.3183
vn -0.9285 -0.2504 0.2743
vn 0.5766 -0.4268 -0.6967
vn -0.7337 0.1549 -0.6616
vn -0.6846 0.1053 -0.7213
vn 0.9065 0.1150 -0.4063
vn 0.3181 -0.4048 -0.8573
vn -0.0885 0.6389 0.7642
vn 0.1181 0.8926 -0.4350
vn -0.3353 0.7986 -0.4997
vn 0.2736 -0.9561 -0.1051
vn -0.6255 0.0698 0.7771
vn 0.5951 0.6219 -0.5089
vn 0.2175 -0.7250 0.6535
vn -0.9329 -0.0221 -0.3594
vn -0.8488 -0.5199 0.0965
vn -0.9375 -0.1088 0.3305
vn -0.8678 -0.4846 0.1104
vn 0.9897 -0.0429 -0.1363
vn 0.6707 -0.6526 -0.3526
vn -0.1610 0.8775 0.4517
vn 0.6932 0.7196 -0.0395
vn -0.8947 -0.4039 0.1910
vn -0.0803 -0.5098 -0.8565
vn -0.9782 -0.1781 0.1064
vn -0.8656 -0.3361 0.3712
vn -0.8172 0.3110 0.4853
vn -0.9338 -0.3483 0.0819
vn 0.2577 -0.9646 0.0562
vn -0.7399 -0.6263 0.2457
vn 0.7914 0.1207 -0.5992
vn 0.9762 -0.0198 -0.2160
vn -0.7879 -0.4733 0.3939
vn -0.8047 -0.5912 0.0548
vn 0.7579 0.2981 -0.5803
vn -0.5332 0.8365 -0.1261
vn 0.8923 0.2235 -0.3922
vn -0.8234 -0.3723 0.4282
vn 0.7846 -0.3595 -0.5051
vn 0.9488 0.2585 -0.1816
vn -0.8626 -0.4449 0.2409
vn -0.3839 0.8576 0.3421
vn 0.7896 0.4242 -0.4433
vn 0.3907 -0.8861 0.2494
vn -0.9115 -0.2348 0.3376
vn -0.8780 -0.3243 0.3522
vn -0.7142 -0.6996 0.0204
vn -0.8441 0.5098 -0.1664
vn 0.5529 -0.8229 0.1308
vn 0.6646 0.1579 -0.7303
vn 0.2361 -0.5192 -0.8214
vn -0.1795 0.6092 -0.7724
vn 0.6173 -0.1120 -0.7787
vn -0.3922 -0.6880 -0.6106
vn -0.9188 -0.3911 -0.0533
vn -0.4552 -0.3132 0.8335
vn -0.7512 -0.0402 0.6588
vn -0.9260 -0.2480 -0.2848
vn 0.5678 -0.2519 -0.7837
vn -0.2292 0.1105 -0.9671
vn -0.9351 -0.3458 -0.0773
vn 0.8740 0.3698 0.3151
vn 0.6629 0.6786 0.3164
vn -0.1431 -0.6444 -0.7512
vn 0.7761 0.0235 -0.6302
vn 0.9788 -0.0779 -0.1896
vn -0.7796 -0.5101 0.3634
vn -0.9415 -0.0243 0.3362
vn 0.7064 0.0563 -0.7056
vn -0.9389 0.3440 -0.0124
vn -0.5231 -0.6864 0.5052
vn 0.7838 0.4090 -0.4674
vn -0.6257 -0.7794 0.0331
vn -0.3618 0.9278 0.0906
vn 0.5853 -0.8108 0.0065
vn 0.8872 0.4244 -0.1808
vn 0.4182 -0.2136 -0.8829
vn 0.1530 0.9781 -0.1414
vn 0.9495 -0.0186 -0.3133
vn -0.7901 -0.5640 0.2401
vn -0.7426 0.6604 -0.1113
vn -0.6021 0.7798 0.1712
vn 0.4055 -0.8377 -0.3659
vn -0.3115 0.4142 0.8553
vn -0.7571 -0.5151 0.4018
vn 0.9592 -0.2040 0.1957
vn -0.3503 0.9344 0.0647
vn -0.4713 0.3344 -0.8161
vn -0.5047 0.8405 -0.1972
vn -0.3640 -0.8921 0.2678
vn -0.3987 0.8911 -0.2166
vn 0.9458 -0.0618 -0.3187
vn -0.5228 0.2428 0.8172
vn -0.7239 -0.0668 0.6867
vn 0.7249 0.6336 -0.2704
vn -0.5861 0.7872 0.1918
vn 0.1060 0.0330 0.9938
vn -0.9237 -0.2366 0.3012
vn -0.5462 -0.4718 0.6921
vn 0.4492 0.8378 -0.3103
vn 0.7906 0.5850 -0.1810
vn 0.3448 0.2496 -0.9049
vn -0.0542 0.5228 -0.8507
vn -0.7055 0.6028 0.3728
vn 0.1303 0.9787 0.1588
vn 0.8033 -0.5395 0.2522
vn -0.8533 0.0292 -0.5205
vn -0.7716 -0.4247 0.4736
vn -0.8450 0.3371 0.4150
vn -0.3447 -0.9343 0.0904
vn 0.3700 -0.4256 0.8258
vn -0.1063 -0.7215 0.6842
vn 0.4910 -0.6648 0.5630
vn -0.5759 0.4629 -0.6738
vn 0.6235 -0.5737 0.5311
vn -0.3274 -0.1801 -0.9276
vn -0.2284 0.4264 0.8752
vn 0.4300 -0.1369 -0.8924
vn -0.0892 -0.2102 0.9736
vn -0.3975 -0.8178 0.4161
vn 0.4093 -0.6622 0.6277
vn 0.8119 0.2927 -0.5052
vn 0.7688 0.6176 0.1659
vn 0.4022 -0.8357 0.3740
vn -0.9034 0.2981 0.3082
vn 0.9338 -0.1613 -0.3193
vn -0.5561 0.2513 -0.7922
vn 0.3194 0.1742 -0.9315
vn -0.9017 0.3928 -0.1806
vn 0.8237 0.3401 -0.4537
vn -0.4066 -0.1739 0.8969
vn -0.9189 -0.1841 -0.3490
vn -0.3746 -0.6041 -0.7034
vn 0.7296 0.2388 -0.6408
vn -0.5949 -0.6550 0.4659
vn -0.8162 -0.2657 0.5131
vn 0.3735 0.6966 -0.6125
vn 0.0073 -0.6816 0.7317
vn -0.4363 -0.8839 0.1683
vn -0.9628 -0.1774 -0.2038
vn -0.8952 0.1062 -0.4328
vn -0.1606 -0.5251 -0.8357
vn -0.0267 -0.9979 0.0583
vn 0.3517 0.6172 0.7038
vn -0.4125 0.8622 -0.2941
vn 0.4066 0.5418 -0.7356
vn 0.5196 0.5342 0.6668
vn -0.3921 0.9129 -0.1134
vn -0.3370 -0.2878 0.8965
vn -0.5093 0.8604 0.0180
vn -0.9060 0.4233 0.0002
vn -0.6205 -0.5973 -0.5082
vn 0.7955 0.1699 -0.5817
vn 0.9204 0.0153 -0.3906
vn 0.9719 0.1714 -0.1612
vn 0.0312 0.5158 0.8562
vn -0.0162 -0.9696 -0.2440
vn -0.7418 -0.6139 0.2700
vn -0.3908 -0.6156 -0.6843
vn 0.8961 0.2038 0.3943
vn 0.0962 -0.9613 -0.2581
vn 0.2172 0.0476 -0.9750
vn -0.0398 -0.0409 -0.9984
vn 0.3046 0.4820 0.8215
vn 0.9170 0.3213 -0.2362
vn 0.0333 -0.4659 0.8842
vn -0.7360 0.6300 0.2480
vn -0.6896 -0.0513 0.7224
vn -0.3441 0.1375 -0.9288
vn -0.5358 -0.7228 0.4365
vn 0.2450 -0.7436 -0.6221
vn 0.5932 0.7055 -0.3878
vn -0.7076 -0.6381 0.3036
vn -0.7897 -0.5710 0.2245
vn 0.8933 0.4048 -0.1954
vn -0.5611 0.6931 -0.4525
vn -0.7014 0.6723 0.2366
vn -0.2587 0.4567 0.8512
vn -0.9982 -0.0154 -0.0575
vn 0.8036 -0.2689 0.5310
vn -0.9438 -0.2292 0.2380
vn -0.3128 0.5731 -0.7574
vn -0.7297 -0.3423 -0.5919
vn -0.9127 -0.3992 0.0876
vn -0.4046 -0.8950 0.1880
vn -0.0339 0.6737 -0.7382
vn -0.6299 0.4943 -0.5991
vn 0.0631 -0.4478 -0.8919
vn -0.4826 -0.1416 -0.8643
vn 0.6543 0.7417 0.1477
vn -0.8891 -0.4554 0.0464
vn 0.5101 0.1178 0.8520
vn -0.6367 0.0816 0.7667
vn -0.7263 0.2181 0.6518
vn 0.1198 -0.7109 0.6930
vn -0.9958 0.0912 -0.0120
vn 0.5954 -0.5351 -0.5993
vn -0.3401 -0.2032 0.9182
vn -0.9763 -0.2063 -0.0650
vn -0.9731 -0.1332 0.1882
vn -0.9710 -0.2327 -0.0548
vn -0.9480 -0.1313 0.2899
vn -0.9200 0.3763 0.1093
vn -0.9540 -0.0316 -0.2983
vn 0.0517 -0.7992 -0.5988
vn 0.9361 -0.2842 -0.2074
vn 0.4721 0.8697 -0.1441
vn -0.8760 0.4822 0.0116
vn -0.9194 -0.3900 0.0511
vn -0.2380 -0.9091 0.3419
vn 0.8789 0.0011 -0.4770
vn -0.1203 -0.9927 -0.0030
vn -0.0938 -0.3490 -0.9324
vn -0.8957 0.0856 0.4363
vn 0.1725 -0.9846 0.0282
vn -0.0473 -0.5025 0.8633
vn 0.8074 -0.1369 -0.5739
vn 0.2685 -0.9140 0.3042
vn 0.7230 0.1193 -0.6804
vn 0.5267 0.0533 -0.8484
vn -0.2341 0.9241 -0.3022
vn -0.3780 -0.0728 -0.9229
vn -0.2927 0.6505 -0.7008
vn 0.5131 -0.7667 0.3859
vn -0.5783 -0.7876 -0.2129
vn -0.8028 0.5961 0.0161
vn -0.8697 -0.4895 0.0629
vn -0.5160 -0.7042 -0.4878
vn 0.1797 -0.0214 -0.9835
vn 0.8152 -0.5714 -0.0947
vn -0.7840 -0.5881 -0.1987
vn -0.3966 0.2016 -0.8956
vn -0.9752 -0.1752 0.1356
vn -0.0684 -0.8280 -0.5566
vn -0.6693 0.7422 -0.0341
vn 0.9614 0.0678 0.2666
vn 0.7026 0.7029 0.1109
vn -0.6036 0.7664 -0.2198
vn 0.5318 -0.8377 0.1246
vn 0.1786 -0.1609 -0.9707
vn -0.4592 0.7357 0.4979
vn -0.7269 -0.6177 0.3002
vn -0.8450 -0.4533 0.2837
vn -0.7951 -0.1622 -0.5844
vn 0.3873 0.0406 -0.9211
vn -0.0430 0.7593 0.6493
vn -0.1184 -0.8424 -0.5257
vn -0.4611 -0.8663 -0.1920
vn -0.3687 -0.9260 -0.0804
vn -0.0587 0.8695 -0.4904
vn 0.6695 -0.4519 -0.5896
vn -0.9708 0.0408 0.2364
vn -0.6398 -0.3323 0.6930
vn 0.0602 -0.1401 -0.9883
vn 0.7303 0.6441 -0.2276
vn 0.8588 0.2005 0.4714
vn -0.8618 -0.4739 -0.1809
vn 0.3114 -0.9477 -0.0702
vn 0.8905 -0.4459 -0.0902
vn -0.0218 0.3268 -0.9448
vn -0.4639 0.1010 0.8801
vn -0.6692 0.4703 -0.5753
vn -0.1426 0.8068 0.5734
vn 0.5525 0.1559 -0.8188
vn -0.2478 -0.5808 0.7754
vn 0.0630 0.1958 0.9786
vn 0.8572 0.5045 -0.1033
vn -0.8313 -0.5261 0.1794
vn -0.3302 -0.6005 -0.7282
vn 0.8299 -0.0481 -0.5559
vn -0.2529 0.8697 -0.4238
vn 0.2184 -0.7075 0.6721
vn -0.7673 -0.5373 -0.3500
vn -0.6269 0.6704 -0.3970
vn -0.8108 -0.0147 -0.5851
vn -0.2452 -0.1915 0.9504
vn 0.9887 0.0510 0.1409
vn -0.5635 -0.4274 0.7070
vn -0.8213 0.2633 -0.5061
vn -0.8579 0.1566 0.4894
vn -0.6898 -0.4901 0.5329
vn -0.8031 -0.4784 -0.3552
vn -0.5804 0.0729 0.8110
vn -0.8867 -0.3859 -0.2545
vn -0.9652 0.2615 0.0101
vn -0.8667 -0.1184 0.4846
vn -0.2177 -0.6438 0.7335
vn 0.4665 -0.1885 0.8642
vn 0.8990 -0.1251 0.4196
vn 0.8686 -0.4432 -0.2215
vn 0.8402 -0.3367 -0.4252
vn -0.2112 -0.8807 0.4239
vn 0.3788 0.1218 0.9174
vn -0.6363 0.7091 0.3037
vn -0.9957 0.0918 0.0092
vn 0.0142 0.2137 -0.9768
vn -0.5925 0.3059 -0.7452
vn -0.4592 -0.0527 -0.8868
vn -0.6373 0.0331 0.7699
vn -0.0352 0.1504 -0.9880
vn -0.7794 0.1238 -0.6142
vn -0.8627 -0.0282 0.5050
vn -0.9677 -0.0229 0.2512
vn -0.5840 0.7022 -0.4073
vn -0.6988 -0.2019 0.6862
vn -0.1500 -0.8986 -0.4123
vn -0.5335 -0.8412 -0.0878
vn -0.8745 0.1783 -0.4511
vn -0.6925 0.2208 -0.6868
vn -0.7390 -0.0429 0.6723
vn -0.8449 -0.2131 -0.4907
vn -0.3239 -0.6820 0.6557
vn -0.8992 -0.3048 0.3140
vn -0.4563 0.3176 -0.8312
vn -0.7541 0.5981 -0.2714
vn -0.7985 0.5603 -0.2199
vn -0.9742 0.1118 0.1962
vn -0.2456 -0.2772 -0.9289
vn -0.8156 -0.3987 0.4193
vn 0.4518 0.8378 -0.3066
vn 0.8647 0.4372 0.2471
vn -0.2022 -0.6285 -0.7510
vn -0.6541 -0.1221 0.7465
vn -0.8935 -0.1924 -0.4057
vn 0.5066 0.8622 0.0050
vn 0.1825 0.7174 0.6723
vn -0.7007 0.5921 -0.3981
vn -0.9470 -0.1498 -0.2842
vn 0.1214 0.5448 -0.8298
vn -0.6708 -0.2306 0.7049
vn -0.7296 -0.6435 -0.2315
vn -0.4794 -0.8279 0.2912
vn -0.2108 0.9742 -0.0810
vn -0.2423 -0.3018 0.9221
vn -0.8549 0.1644 -0.4921
vn 0.0351 0.9831 0.1799
vn 0.5443 -0.0521 -0.8373
vn -0.8375 -0.3967 -0.3758
vn 0.0724 -0.8421 0.5345
vn -0.9686 0.0011 -0.2487
vn -0.4706 -0.3554 0.8076
vn 0.8691 -0.4887 0.0760
vn -0.0128 -0.5512 0.8343
vn 0.6778 -0.6169 0.4001
vn -0.7201 0.3920 0.5725
vn 0.4978 0.6508 -0.5733
vn -0.8755 0.4712 -0.1071
vn -0.8736 0.3077 -0.3770
vn -0.9336 0.3103 0.1790
vn -0.9102 0.3682 0.1895
vn -0.9141 0.3865 0.1225
vn -0.9353 -0.3537 -0.0136
vn -0.8098 -0.5645 0.1599
vn 0.6200 -0.5951 -0.5114
vn 0.5446 -0.4883 0.6819
vn -0.5811 -0.2686 0.7682
vn -0.9197 0.2092 0.3321
vn 0.9239 0.0455 0.3800
vn 0.3227 0.1154 0.9394
vn 0.8878 0.3568 -0.2908
vn 0.4055 -0.8039 0.4352
vn 0.6406 -0.6843 0.3483
vn -0.7251 -0.6180 0.3039
vn -0.1772 -0.9446 -0.2762
vn 0.2309 0.0247 -0.9727
vn -0.9222 -0.1220 -0.3670
vn -0.5440 -0.8386 0.0293
vn -0.7886 0.2726 0.5512
vn 0.3227 0.3001 -0.8977
vn 0.6532 -0.7564 0.0353
vn 0.9256 0.2628 0.2724
vn -0.0602 0.2403 -0.9688
vn 0.8236 0.5520 0.1302
vn -0.0668 0.3864 0.9199
vn 0.5953 0.0354 0.8027
vn 0.3002 0.2169 0.9289
vn -0.8048 0.0556 0.5910
vn -0.8836 0.4144 0.2179
vn -0.6840 0.5384 -0.4923
vn -0.5903 -0.7064 -0.3905
vn 0.6935 -0.7183 0.0557
vn 0.8119 -0.2270 -0.5379
vn -0.5248 -0.8466 -0.0888
vn 0.4572 -0.7590 0.4636
vn 0.1842 -0.6158 0.7661
vn 0.1614 0.0302 -0.9864
vn -0.0610 0.1588 0.9854
vn -0.8841 0.2713 -0.3805
vn 0.1062 -0.0261 0.9940
vn 0.7697 -0.2712 -0.5780
vn 0.4494 0.7592 -0.4708
vn 0.6732 0.0833 -0.7347
vn 0.1414 0.2367 -0.9612
vn -0.2653 -0.8804 0.3931
vn -0.4063 -0.8086 -0.4256
vn -0.4512 -0.8696 0.2004
vn -0.9296 -0.0435 0.3659
vn -0.7687 0.0105 0.6396
vn -0.8116 -0.0453 -0.5825
vn -0.7905 -0.2180 0.5723
vn 0.1828 -0.5764 -0.7965
vn 0.7889 -0.3016 -0.5355
vn -0.0709 -0.2706 -0.9601
vn -0.7162 -0.0628 -0.6951
vn 0.3462 -0.9341 -0.0866
vn 0.2946 -0.4871 0.8222
vn -0.7821 -0.2034 0.5890
vn 0.1367 -0.1313 0.9819
vn -0.3198 -0.1644 0.9331
vn 0.6661 0.3070 0.6797
vn 0.9773 0.1610 -0.1376
vn 0.4947 -0.7751 0.3930
vn 0.5599 -0.7814 0.2755
vn -0.0018 0.2656 0.9641
vn -0.4682 0.8216 -0.3253
vn 0.6675 0.5397 -0.5130
vn 0.9519 -0.1092 0.2864
vn 0.3496 0.4668 0.8123
vn 0.4456 -0.7523 -0.4853
vn 0.7770 0.6250 0.0759
vn 0.9605 0.2738 -0.0502
vn 0.3837 0.4311 -0.8167
vn -0.0555 -0.0894 0.9944
vn 0.7012 0.2885 -0.6520
vn -0.4166 -0.8436 0.3387
vn 0.5731 -0.7908 -0.2148
vn -0.3781 -0.8619 0.3378
vn 0.1405 -0.9789 0.1484
vn 0.0508 0.4364 -0.8983
vn 0.4022 0.6663 -0.6280
vn 0.0726 0.8616 -0.5023
vn 0.0890 0.0854 -0.9924
vn -0.0163 0.5824 0.8128
vn -0.3365 -0.7777 0.5310
vn 0.5532 0.2367 -0.7987
vn -0.5364 -0.5761 -0.6167
vn -0.3198 -0.0122 -0.9474
vn 0.6938 0.0740 0.7163
vn -0.9807 -0.0491 0.1892
vn -0.5422 0.8235 -0.1668
vn -0.6296 -0.7500 0.2029
vn -0.6414 0.1192 -0.7579
vn 0.6067 0.0082 -0.7949
vn 0.7951 -0.0419 0.6050
vn 0.1436 -0.9137 -0.3801
vn -0.2698 -0.9625 -0.0275
vn 0.4159 0.9094 -0.0070
vn 0.7405 0.3506 0.5734
vn -0.5817 -0.6741 0.4552
vn -0.6937 -0.6929 -0.1966
vn -0.6019 -0.0159 0.7984
vn -0.9359 0.2159 0.2784
vn -0.7386 0.1095 0.6652
vn -0.8762 0.0293 0.4810
vn 0.8832 -0.2297 0.4088
vn -0.9524 0.0613 -0.2986
vn -0.1837 -0.2182 0.9585
vn -0.8792 0.4477 -0.1627
vn 0.0973 0.2984 -0.9495
vn 0.5406 0.1676 -0.8244
vn -0.9230 0.2158 0.3185
vn -0.9274 0.2870 0.2400
vn -0.8773 0.2468 0.4116
vn 0.6352 0.0252 -0.7719
vn -0.7141 0.2421 -0.6568
vn -0.6702 -0.1996 0.7149
vn 0.9551 -0.0052 -0.2961
vn 0.7580 0.4491 -0.4730
vn 0.9654 -0.1537 -0.2108
vn -0.5179 0.1913 -0.8338
vn -0.9826 0.1053 0.1532
vn 0.7680 0.3619 0.5284
vn -0.8204 0.4975 -0.2818
vn -0.6163 -0.6761 0.4038
vn -0.7589 0.4896 0.4294
vn -0.4100 0.1730 -0.8955
vn -0.8981 0.2699 -0.3472
vn -0.9947 0.0479 0.0915
vn -0.7201 -0.6843 -0.1149
vn -0.5784 0.0546 0.8139
vn -0.8724 -0.4315 0.2298
vn -0.4794 0.7276 -0.4906
vn -0.1958 0.7980 -0.5700
vn -0.5692 0.7288 0.3806
vn 0.6515 0.6860 -0.3239
vn -0.7362 -0.5702 -0.3646
vn -0.2476 0.1071 -0.9629
vn -0.9731 -0.1893 -0.1312
vn -0.5444 -0.2350 0.8052
vn 0.5622 0.4269 -0.7083
vn 0.2627 -0.6210 -0.7385
vn -0.9953 -0.0674 0.0698
vn -0.1513 0.2820 -0.9474
vn -0.8807 0.3561 -0.3123
vn -0.8870 0.2656 0.3777
vn 0.3498 -0.3069 -0.8851
vn -0.9776 0.2022 0.0591
vn 0.1935 0.2139 0.9575
vn -0.9235 0.3743 0.0845
vn 0.4816 -0.8691 -0.1131
vn -0.7372 -0.6149 0.2801
vn -0.6851 -0.7112 0.1577
vn 0.7438 -0.3348 -0.5785
vn 0.5656 0.7142 0.4122
vn -0.2170 0.1821 -0.9590
vn 0.8007 0.5907 0.0994
vn 0.1285 -0.6913 -0.7110
vn -0.8623 0.4966 -0.0993
vn -0.8695 -0.3576 0.3408
vn 0.7756 -0.5105 -0.3713
vn 0.7664 0.4214 -0.4849
vn -0.0324 0.4115 -0.9108
vn -0.9354 0.0237 0.3527
vn -0.5164 -0.8496 0.1072
vn -0.0662 0.7965 -0.6010
vn -0.9704 0.0385 0.2385
vn -0.8891 0.3538 -0.2902
vn -0.1990 0.5670 -0.7993
vn -0.5261 -0.4467 0.7236
vn -0.3941 0.4402 -0.8068
vn -0.1914 -0.1125 0.9750
vn 0.5494 -0.0518 -0.8339
vn -0.2836 0.2444 -0.9273
vn -0.7437 0.1337 0.6550
vn 0.9556 -0.0175 -0.2942
vn -0.8506 -0.1872 -0.4914
vn -0.5958 -0.1398 -0.7909
vn -0.7355 -0.1292 -0.6651
vn -0.5333 -0.7032 0.4703
vn 0.7050 0.5415 -0.4580
vn -0.3841 -0.3395 0.8586
vn -0.3309 -0.4499 0.8295
vn 0.4113 -0.7474 0.5217
vn -0.6816 -0.5539 -0.4781
vn -0.6400 -0.4266 -0.6391
vn -0.6856 0.7087 0.1665
vn -0.0251 -0.3013 0.9532
vn 0.0729 -0.2234 0.9720
vn 0.1574 -0.9739 0.1634
vn -0.3969 0.3094 0.8642
vn 0.5443 -0.8037 0.2405
vn 0.5810 -0.1311 0.8033
vn 0.7569 -0.0831 0.6482
vn -0.9922 -0.1201 0.0334
vn -0.8233 0.4864 0.2924
vn -0.9084 -0.3112 0.2791
vn 0.7996 -0.1587 -0.5791
vn -0.9560 0.2282 -0.1842
vn -0.7346 -0.6608 0.1540
vn 0.7065 0.5651 -0.4260
vn -0.6005 0.7943 -0.0919
vn -0.8638 -0.2997 -0.4051
vn 0.9297 -0.0747 -0.3605
vn 0.8385 -0.0244 -0.5444
vn 0.8740 -0.4847 0.0340
vn 0.3109 -0.2206 0.9245
vn 0.6230 0.3291 -0.7096
vn 0.5761 -0.7140 0.3979
vn 0.2748 0.0349 -0.9609
vn -0.5776 0.0023 0.8163
vn 0.5511 -0.2116 0.8071
vn 0.1201 0.1293 -0.9843
vn 0.0865 -0.1674 0.9821
vn -0.7603 0.0985 -0.6420
vn 0.9014 -0.2627 -0.3443
vn -0.2343 -0.9685 0.0837
vn -0.5253 0.1911 -0.8292
vn -0.7150 -0.5679 0.4077
vn -0.3843 0.5241 0.7600
vn 0.8517 -0.3482 0.3916
vn -0.8989 -0.2111 0.3840
vn -0.0135 0.6145 -0.7888
vn -0.9148 -0.3987 -0.0647
vn -0.1185 0.8336 -0.5394
vn 0.9182 0.2170 -0.3313
vn 0.7444 -0.5878 -0.3168
vn 0.1651 0.9261 -0.3392
vn 0.7271 -0.2468 -0.6406
vn -0.1744 -0.6653 0.7259
vn 0.7768 -0.5939 0.2095
vn -0.1344 -0.7083 0.6930
vn 0.0879 0.8164 -0.5708
vn 0.2361 0.7771 0.5834
vn -0.7837 -0.1918 -0.5907
vn 0.9414 -0.3261 -0.0859
vn 0.8490 -0.3228 -0.4183
vn -0.0266 -0.3960 0.9179
vn -0.7632 -0.5848 0.2748
vn 0.9795 0.0948 -0.1775
vn -0.8190 0.5735 -0.0170
vn -0.7970 0.0561 -0.6014
vn -0.9220 0.1867 0.3393
vn 0.5941 0.1271 -0.7943
vn -0.7817 -0.2246 0.5818
vn 0.2179 -0.2855 -0.9333
vn 0.5658 -0.4903 -0.6629
vn -0.5645 -0.7953 0.2210
vn 0.6824 0.0791 -0.7267
vn 0.7064 0.0511 0.7060
vn 0.6007 -0.6902 0.4034
vn 0.6550 0.1367 -0.7432
vn 0.6208 0.6270 -0.4706
vn 0.2791 0.1810 -0.9431
vn 0.9897 0.1339 -0.0502
vn 0.7258 -0.6722 0.1462
vn -0.4932 -0.2953 0.8183
vn -0.0368 -0.8711 0.4896
vn -0.9215 0.2701 0.2792
vn -0.9545 0.2884 0.0763
vn -0.9839 0.0152 -0.1780
vn -0.2038 -0.5681 0.7973
vn -0.2118 0.9645 0.1580
vn -0.6293 -0.1987 -0.7513
vn 0.3252 -0.9335 0.1513
vn 0.7586 0.6493 -0.0537
vn -0.7274 0.6008 -0.3316
vn 0.0511 -0.1679 0.9845
vn 0.2025 0.8202 0.5351
vn -0.6011 -0.7856 0.1465
vn -0.4032 -0.3296 0.8537
vn -0.6189 -0.7784 -0.1048
vn 0.9384 0.0979 -0.3314
vn 0.2663 -0.6528 0.7092
vn -0.9929 0.0639 0.1001
vn -0.2890 0.1912 -0.9380
vn -0.1014 -0.0540 0.9934
vn -0.0583 -0.2732 -0.9602
vn -0.6780 -0.6634 0.3167
vn -0.5229 -0.0411 -0.8514
vn -0.5722 -0.6823 0.4550
vn -0.6775 -0.4490 0.5826
vn -0.1878 -0.8075 0.5592
vn -0.8361 0.3573 0.4163
vn -0.7622 -0.1953 0.6172
vn -0.9353 -0.1517 0.3198
vn -0.9835 0.0991 -0.1510
vn 0.0924 -0.0849 0.9921
vn -0.9491 0.2818 0.1409
vn -0.4446 0.8903 0.0985
vn 0.1056 0.2181 -0.9702
vn 0.4369 -0.2071 0.8753
vn -0.2675 -0.8861 -0.3786
vn -0.3953 0.6846 0.6124
vn -0.0649 -0.7073 0.7039
vn 0.0551 0.2993 -0.9526
vn 0.8905 0.3941 0.2276
vn 0.5733 -0.6835 -0.4518
vn 0.3329 -0.8685 0.3673
vn 0.3787 -0.6291 0.6788
vn 0.8518 -0.0914 -0.5158
vn 0.8014 0.1958 -0.5651
vn -0.7552 -0.3336 0.5643
vn 0.8860 0.4572 -0.0774
vn -0.0131 0.4012 -0.9159
vn -0.1357 0.7392 -0.6597
vn -0.1458 -0.2121 -0.9663
vn 0.9106 -0.1058 -0.3994
vn 0.9055 0.0819 0.4164
vn 0.0337 -0.8588 -0.5112
vn -0.7521 -0.0270 -0.6585
vn -0.9685 0.0686 0.2393
vn -0.8622 -0.1898 -0.4697
vn -0.1466 -0.7782 -0.6107
vn -0.6735 0.4933 0.5505
vn -0.7192 0.6617 -0.2117
vn -0.3916 -0.9099 0.1365
vn 0.5400 0.3068 -0.7837
vn -0.6384 0.7378 0.2192
vn -0.0198 0.3547 0.9348
vn 0.0961 -0.3152 0.9441
vn 0.7735 0.1282 0.6207
vn -0.4823 0.7614 0.4331
vn -0.9231 -0.2476 -0.2941
vn -0.3316 -0.6590 -0.6751
vn 0.0985 -0.4651 -0.8798
vn 0.7913 -0.3530 0.4993
vn -0.1931 0.6048 -0.7726
vn -0.8712 0.2982 0.3899
vn 0.7285 -0.5913 0.3459
vn 0.8835 0.3691 0.2885
vn -0.3279 -0.4969 0.8035
vn -0.9016 -0.4092 0.1401
vn -0.6299 -0.7597 0.1614
vn 0.3205 0.7957 0.5140
vn 0.2807 -0.2905 0.9148
vn 0.6041 -0.7195 0.3426
vn 0.7740 0.4858 -0.4062
vn 0.8339 -0.4054 0.3744
vn 0.8565 -0.3126 -0.4106
vn -0.3423 -0.4568 0.8211
vn 0.1827 -0.9695 -0.1632
vn 0.9191 0.3200 -0.2297
vn 0.9102 0.1768 -0.3745
vn 0.2964 -0.9511 -0.0872
vn -0.9907 0.1174 0.0692
vn -0.9731 0.1653 0.1604
vn -0.3447 0.4688 -0.8133
vn 0.7545 -0.4299 -0.4959
vn -0.5726 -0.7452 0.3417
vn -0.6189 -0.7287 0.2931
vn -0.6765 0.4833 -0.5557
vn 0.3972 -0.8741 -0.2798
vn -0.1018 -0.9375 -0.3326
vn 0.4593 -0.3245 -0.8269
vn -0.9565 0.0674 0.2838
vn -0.9662 0.2317 0.1134
vn -0.5916 0.7547 -0.2835
vn -0.9517 0.1997 0.2333
vn -0.3902 0.4342 -0.8119
vn 0.9185 0.2215 -0.3275
vn 0.9892 -0.1464 0.0048
vn -0.7903 0.5985 0.1311
vn 0.7195 -0.1990 -0.6654
vn -0.9740 -0.0951 0.2054
vn 0.4587 0.6968 0.5515
vn 0.7677 0.0445 -0.6393
vn 0.6301 0.7363 -0.2467
vn -0.3645 -0.1649 0.9165
vn 0.1041 0.9529 -0.2847
vn -0.3093 -0.4999 -0.8090
vn -0.9837 -0.0829 0.1594
vn 0.9866 0.1440 -0.0765
vn 0.9901 0.1238 -0.0665
vn 0.0234 -0.9917 0.1262
vn -0.6979 -0.5840 0.4146
vn -0.6544 0.1498 0.7411
vn -0.9432 0.3320 -0.0111
vn -0.7480 0.6489 -0.1392
vn -0.5463 -0.7386 0.3949
vn 0.2313 0.5699 -0.7885
vn -0.0633 0.2987 -0.9522
vn -0.3352 -0.9045 -0.2637
vn -0.0870 0.8421 -0.5323
vn 0.0464 0.9756 -0.2148
vn 0.5011 -0.5183 -0.6930
vn -0.5382 0.0523 -0.8412
vn -0.9461 -0.0264 -0.3227
vn -0.6922 -0.5985 -0.4033
vn -0.6402 -0.3504 0.6836
vn -0.4004 0.1816 0.8982
vn 0.7923 -0.4050 -0.4564
vn 0.9902 -0.1371 -0.0247
vn 0.9443 0.0877 0.3171
vn 0.9451 -0.2780 -0.1716
vn -0.8970 -0.2733 0.3473
vn -0.5538 0.3770 -0.7424
vn 0.7683 -0.3018 0.5644
vn 0.8877 0.3309 -0.3203
vn -0.9443 0.1699 0.2818
vn -0.9014 -0.1523 0.4054
vn 0.9498 -0.0806 -0.3023
vn -0.8758 -0.2510 0.4123
vn -0.9258 -0.3656 -0.0963
vn -0.6164 -0.7412 0.2658
vn -0.1015 -0.9929 0.0614
vn -0.6831 0.2425 -0.6889
vn -0.6068 -0.7392 0.2922
vn -0.1493 -0.7024 0.6959
vn -0.5912 0.7853 0.1841
vn 0.9593 -0.2048 -0.1943
vn 0.7402 -0.5946 -0.3140
vn -0.7654 0.5517 0.3313
vn 0.0697 -0.0099 -0.9975
vn 0.3972 0.9015 0.1716
vn -0.9885 -0.0295 0.1485
vn -0.9887 -0.0353 0.1459
vn -0.0305 -0.3491 0.9366
vn 0.3821 -0.8737 0.3010
vn 0.7102 -0.5919 -0.3811
vn 0.9021 0.2606 -0.3441
vn 0.5418 -0.8013 -0.2538
vn 0.2467 -0.0153 0.9690
vn 0.4062 -0.3457 0.8459
vn 0.5110 0.8576 0.0584
vn 0.6696 0.4405 -0.5980
vn 0.9824 -0.1059 -0.1537
vn 0.5458 -0.8236 0.1544
vn 0.8372 0.4914 -0.2400
vn 0.4193 -0.1054 -0.9017
vn -0.3536 0.1557 0.9223
vn 0.6426 -0.7613 -0.0869
vn 0.6901 0.4782 -0.5432
vn -0.1801 0.2057 0.9619
vn 0.4811 -0.8763 -0.0262
vn 0.2852 0.9247 0.2520
vn 0.0770 0.3596 -0.9299
vn -0.6990 0.2035 0.6856
vn -0.4578 0.4677 -0.7561
vn -0.9292 0.1263 -0.3474
vn -0.7244 -0.6764 0.1332
vn -0.9784 0.0437 0.2019
vn 0.5343 0.8183 -0.2118
vn 0.6310 -0.4889 -0.6023
vn -0.4415 -0.8874 -0.1327
vn 0.2659 0.7828 -0.5626
vn 0.9794 -0.1217 -0.1613
vn -0.1361 -0.1525 0.9789
vn 0.7180 0.5274 -0.4542
vn -0.1977 -0.9323 -0.3029
vn 0.2400 -0.9232 -0.3002
vn -0.5391 -0.5641 0.6254
vn 0.7117 -0.5096 0.4835
vn 0.7142 -0.6016 -0.3578
vn 0.4955 0.8665 0.0610
vn -0.0861 0.9640 0.2516
vn 0.7944 0.6005 0.0914
vn -0.2175 -0.4798 -0.8500
vn 0.6201 -0.1400 -0.7719
vn 0.7873 -0.5718 -0.2307
vn -0.3797 0.8505 0.3640
vn -0.8526 -0.0073 0.5225
vn 0.6332 0.4717 -0.6136
vn -0.3413 0.4083 0.8467
vn 0.5002 -0.7976 0.3369
vn -0.0349 -0.3955 0.9178
vn -0.1370 -0.9228 0.3602
vn 0.6870 0.6820 -0.2509
vn -0.2855 -0.2791 0.9168
vn 0.6747 -0.1499 0.7227
vn 0.6019 -0.7022 -0.3803
vn -0.9026 -0.0500 -0.4276
vn 0.3648 0.7665 -0.5286
vn -0.5172 -0.7562 0.4008
vn 0.8289 0.5262 -0.1899
vn 0.7166 -0.1499 -0.6812
vn 0.4567 -0.2586 -0.8512
vn -0.1410 -0.9773 -0.1584
vn -0.6653 -0.2257 0.7117
vn 0.3243 -0.7354 0.5950
vn -0.6425 0.5572 0.5260
vn 0.6573 -0.1877 -0.7299
vn -0.7546 0.5616 0.3394
vn -0.9583 0.1143 0.2619
vn 0.9465 0.0320 -0.3212
vn -0.5346 0.0215 0.8448
vn -0.5500 -0.7835 -0.2891
vn 0.8809 0.1752 0.4397
vn -0.6969 0.6143 -0.3700
vn -0.4900 -0.3495 0.7986
vn -0.5911 -0.5704 0.5703
vn 0.9674 0.1641 -0.1929
vn 0.1089 0.2173 -0.9700
vn -0.9897 -0.0688 0.1254
vn 0.5055 -0.5581 -0.6580
vn -0.9317 0.3277 0.1567
vn -0.1703 -0.4803 0.8604
vn -0.1461 -0.2371 -0.9605
vn -0.3293 -0.0057 0.9442
vn 0.2486 -0.5425 0.8024
vn 0.4359 0.4202 -0.7959
vn 0.3376 -0.7777 -0.5303
vn -0.0841 -0.5969 0.7979
vn -0.5799 -0.7336 0.3543
vn 0.9575 -0.0878 -0.2749
vn -0.7301 -0.6343 -0.2544
vn -0.9380 -0.2321 0.2574
vn -0.8595 0.5011 0.1007
vn 0.5080 -0.5508 0.6622
vn 0.7416 -0.1798 -0.6463
vn -0.4032 -0.8707 0.2818
vn -0.4494 0.0398 0.8924
vn -0.7932 -0.5194 0.3180
vn -0.6954 -0.3635 0.6199
vn 0.5316 -0.1906 0.8252
vn -0.4387 -0.8376 0.3254
vn 0.9891 0.0083 0.1468
vn -0.8642 0.0171 -0.5029
vn 0.6284 -0.7778 0.0113
vn 0.8602 0.3997 -0.3166
vn 0.8254 -0.5108 0.2404
vn -0.8458 0.4964 0.1953
vn 0.6231 -0.2928 -0.7253
vn 0.7760 -0.0602 -0.6279
vn 0.8006 0.5278 -0.2838
vn -0.0889 -0.8502 -0.5189
vn -0.9005 -0.3697 -0.2290
vn -0.6010 0.0255 -0.7989
vn -0.1073 -0.3751 -0.9207
vn -0.2661 -0.3206 0.9091
vn -0.9355 -0.1996 0.2916
vn 0.5465 -0.7111 0.4423
vn -0.6827 -0.2017 0.7023
vn -0.0167 -0.6015 -0.7987
vn -0.7974 -0.6006 0.0579
vn -0.2927 0.9535 0.0711
vn -0.0282 -0.7964 0.6041
vn 0.1716 -0.6605 0.7309
vn 0.4806 -0.4613 0.7458
vn 0.7231 -0.4419 0.5309
vn 0.5576 -0.7508 0.3542
vn -0.9112 -0.0716 -0.4056
vn -0.4152 -0.8843 0.2137
vn -0.8115 0.5533 0.1880
vn 0.1049 0.0570 -0.9928
vn -0.6011 -0.5800 0.5498
vn -0.1127 -0.8916 0.4386
vn 0.9541 -0.2973 0.0367
vn 0.3288 -0.7527 -0.5704
vn 0.8073 -0.4899 -0.3290
vn -0.1945 0.8309 0.5214
vn -0.9250 -0.1057 0.3650
vn 0.2783 0.9237 -0.2634
vn -0.6785 0.7303 -0.0790
vn -0.1688 0.9853 -0.0248
vn 0.9633 -0.2543 -0.0858
vn -0.0929 0.5762 -0.8120
vn -0.2681 0.7853 -0.5580
vn -0.1926 0.4842 -0.8535
vn -0.7734 -0.6079 -0.1797
vn -0.9239 0.2750 0.2660
vn 0.8210 0.4415 -0.3619
vn 0.2727 -0.1545 -0.9496
vn -0.9194 -0.1429 0.3666
vn -0.6398 0.7295 -0.2418
vn 0.8621 0.4309 -0.2667
vn 0.3449 -0.9245 -0.1622
vn 0.8061 0.5526 -0.2119
vn 0.0623 0.9063 0.4179
vn -0.1832 0.9074 0.3783
vn -0.3556 -0.2408 0.9031
vn -0.5560 0.8242 0.1075
vn 0.9836 -0.0583 -0.1708
vn 0.6829 -0.6493 0.3347
vn -0.7182 0.6545 -0.2364
vn -0.5939 0.6138 -0.5201
vn -0.6663 -0.4974 -0.5555
vn -0.3407 -0.1578 0.9268
vn 0.5824 -0.5365 0.6107
vn 0.2713 -0.9625 0.0085
vn 0.9388 -0.2951 0.1778
vn -0.9089 -0.2332 -0.3457
vn 0.6784 -0.6621 0.3184
vn 0.5458 -0.6221 -0.5613
vn 0.5718 0.6681 0.4760
vn -0.8551 0.5156 0.0542
vn 0.9828 -0.0929 -0.1594
vn 0.1504 0.2569 -0.9547
vn -0.0754 -0.5574 0.8268
vn 0.5158 0.5501 0.6568
vn 0.4645 0.1123 0.8784
vn 0.8617 -0.4652 -0.2025
vn 0.3154 -0.4701 -0.8243
vn 0.6562 -0.5399 -0.5271
vn 0.7220 0.1067 0.6836
vn 0.9526 -0.2734 -0.1337
vn 0.4391 -0.7606 -0.4782
vn -0.9891 -0.1446 0.0282
vn -0.8537 -0.2619 0.4502
vn -0.8498 -0.4240 -0.3132
vn -0.4072 -0.6347 -0.6568
vn 0.2623 -0.9221 -0.2845
vn -0.1076 -0.4138 0.9040
vn -0.2324 -0.9309 0.2819
vn -0.3751 0.0318 -0.9264
vn -0.5441 0.2740 -0.7931
vn -0.8459 0.5322 0.0356
vn -0.5973 -0.0950 0.7964
vn -0.2980 -0.6649 0.6849
vn 0.5921 0.2219 0.7747
vn -0.6937 -0.6819 0.2320
vn 0.2001 0.4276 0.8816
vn -0.8444 0.1964 0.4984
vn 0.6633 -0.7014 0.2610
vn -0.1874 -0.9508 -0.2467
vn -0.0801 -0.1216 0.9894
vn -0.1820 -0.8779 0.4429
vn 0.6323 -0.7377 0.2365
vn 0.7419 -0.5515 0.3814
vn -0.2311 -0.7117 0.6634
vn -0.9314 -0.1666 -0.3235
vn -0.3430 -0.9311 -0.1242
vn -0.2710 0.4331 0.8596
vn 0.9574 0.0781 0.2781
vn -0.5796 0.3284 -0.7458
vn 0.0040 -0.4913 0.8710
vn -0.1185 -0.9028 0.4133
vn -0.5868 -0.7763 -0.2304
vn -0.9673 -0.2421 -0.0762
vn 0.3884 -0.0514 -0.9201
vn 0.9332 -0.3406 -0.1144
vn 0.2585 0.9501 0.1745
vn -0.2613 -0.3948 -0.8808
vn 0.5682 0.6040 -0.5589
vn -0.1884 -0.9614 0.2007
vn 0.1402 -0.0227 -0.9899
vn 0.3574 0.6490 -0.6716
vn 0.9765 -0.1829 -0.1144
vn 0.1751 0.3360 -0.9254
vn 0.9560 -0.2930 -0.0165
vn -0.4157 0.9008 0.1256
vn 0.4330 -0.8579 0.2767
vn -0.5013 0.4158 0.7588
vn -0.7477 0.1356 -0.6500
vn 0.2492 -0.4186 -0.8733
vn -0.2905 0.0715 0.9542
vn -0.0333 -0.0898 0.9954
vn -0.8887 0.2243 -0.3999
vn -0.5532 0.7497 0.3633
vn -0.7154 -0.5389 -0.4447
vn 0.8521 -0.4100 -0.3253
vn 0.9818 -0.0857 -0.1697
vn -0.4140 0.4519 -0.7902
vn 0.6096 -0.6600 -0.4391
vn 0.1917 -0.9039 -0.3825
vn 0.2940 -0.0332 -0.9552
vn -0.3614 0.6868 -0.6306
vn 0.9912 -0.1321 0.0023
vn 0.9937 -0.0754 -0.0824
vn -0.9622 0.2222 0.1577
vn 0.6430 -0.7558 -0.1238
vn 0.2995 0.4631 -0.8342
vn 0.4421 0.3657 -0.8190
vn 0.5795 0.5910 -0.5611
vn 0.7987 -0.4301 0.4209
vn -0.2282 -0.3905 0.8919
vn -0.4268 -0.3132 -0.8484
vn -0.8058 0.3859 -0.4491
vn 0.3126 0.7109 0.6299
vn 0.9899 0.1379 0.0333
vn -0.2918 -0.8949 0.3376
vn -0.3441 -0.3548 0.8693
vn -0.2303 -0.6387 -0.7342
vn -0.8248 0.1281 0.5507
vn -0.5074 -0.1303 0.8518
vn -0.9539 -0.2519 -0.1632
vn 0.2061 -0.9785 0.0012
vn 0.2954 0.6242 -0.7233
vn 0.7768 -0.6183 0.1193
vn -0.7599 -0.6401 0.1135
vn 0.1959 -0.8624 0.4668
vn 0.5823 0.7256 -0.3667
vn -0.3690 -0.3652 0.8546
vn -0.9271 0.0665 0.3689
vn -0.4047 -0.7449 0.5305
vn -0.0404 -0.9172 0.3964
vn 0.0894 -0.4037 0.9105
vn -0.9149 0.2602 0.3086
vn -0.8861 -0.4614 0.0441
vn -0.9155 0.2186 0.3377
vn -0.8120 0.5800 0.0651
vn -0.5388 -0.2048 0.8171
vn -0.8861 0.3308 0.3246
vn -0.8241 0.3653 -0.4330
vn -0.1030 0.7789 -0.6186
vn 0.2670 -0.4835 0.8336
vn 0.0928 0.5722 -0.8148
vn -0.1513 -0.0466 0.9874
vn -0.7903 -0.3860 -0.4758
vn -0.9819 0.0272 0.1875
vn -0.0033 -0.7805 0.6252
vn -0.1399 -0.2506 0.9579
vn -0.2618 -0.4434 0.8573
vn -0.2064 0.8056 0.5553
vn 0.2199 -0.7557 0.6169
vn -0.0629 -0.9678 0.2437
vn 0.8539 -0.2064 -0.4778
vn -0.4297 -0.7936 -0.4307
vn 0.7272 0.5693 -0.3836
vn -0.9988 -0.0334 -0.0345
vn -0.4015 -0.9129 0.0733
vn -0.5774 -0.0568 0.8145
vn -0.3870 0.7733 0.5022
vn -0.0130 -0.6748 -0.7379
vn 0.7203 0.4456 -0.5316
vn 0.5172 0.8260 -0.2241
vn -0.3521 0.8514 -0.3888
vn -0.8891 0.2026 -0.4104
vn 0.5211 -0.7593 -0.3897
vn -0.6534 -0.6949 0.3002
vn -0.7517 -0.3546 -0.5561
vn -0.9276 -0.2717 0.2565
vn 0.0296 -0.7797 -0.6255
vn 0.8438 -0.4680 -0.2627
vn 0.6754 -0.6855 -0.2719
vn 0.9407 -0.0259 -0.3381
vn -0.9222 -0.1835 -0.3403
vn 0.8404 -0.2041 -0.5020
vn 0.7521 -0.6517 -0.0983
vn -0.5268 0.7382 -0.4213
vn -0.0914 -0.3937 -0.9147
vn -0.7012 -0.7123 -0.0308
vn 0.2256 -0.5795 -0.7831
vn 0.3083 0.5929 -0.7439
vn -0.1835 0.7937 0.5799
vn -0.5694 0.3088 -0.7619
vn -0.8796 0.4578 0.1294
vn 0.1619 -0.6616 -0.7322
vn -0.5025 0.2712 -0.8209
vn 0.2727 -0.9090 -0.3153
vn -0.3733 -0.3523 0.8582
vn 0.3836 0.3493 -0.8549
vn -0.0495 -0.6518 -0.7568
vn -0.6406 -0.3196 0.6982
vn -0.7075 0.7065 0.0165
vn -0.6296 0.3671 -0.6847
vn -0.1151 -0.3824 0.9168
vn -0.9240 -0.3051 -0.2304
vn -0.9001 -0.4320 -0.0558
vn 0.0523 -0.1726 -0.9836
vn -0.5008 0.1493 0.8526
vn 0.1164 -0.9846 -0.1303
vn -0.8054 0.4913 -0.3315
vn 0.3564 0.6213 -0.6978
vn -0.2921 0.9204 0.2599
vn -0.1438 -0.5818 0.8005
vn -0.2791 0.9421 0.1860
vn 0.4064 0.7188 -0.5641
vn -0.0586 -0.0172 -0.9981
vn -0.4958 -0.5383 0.6815
vn -0.8756 -0.3890 0.2865
vn 0.1721 -0.8989 0.4030
vn -0.2656 -0.4184 0.8686
vn -0.8607 0.5088 0.0161
vn -0.5458 -0.7713 -0.3275
vn -0.8265 0.2834 0.4863
vn -0.2172 -0.9295 0.2980
vn -0.3895 -0.5980 -0.7005
vn 0.0867 -0.9882 -0.1262
vn 0.0521 0.4359 0.8985
vn 0.2300 0.1823 -0.9560
vn -0.3667 0.7530 -0.5463
vn -0.6605 -0.7057 0.2564
vn -0.6456 0.7166 0.2639
vn -0.3962 0.7274 -0.5603
vn -0.3671 -0.3663 0.8550
vn 0.0868 -0.9916 0.0959
vn -0.8535 0.2867 -0.4351
vn -0.6973 -0.7161 -0.0306
vn -0.8089 0.0116 0.5879
vn -0.7192 0.4524 -0.5273
vn -0.2433 0.4262 -0.8713
vn -0.8694 0.4757 0.1340
vn -0.8006 0.1507 -0.5800
vn -0.7353 -0.6538 0.1783
vn -0.6003 0.6029 0.5255
vn -0.2622 -0.4584 0.8492
vn -0.5584 -0.8141 -0.1593
vn -0.5901 -0.0062 0.8073
vn -0.5697 0.8073 -0.1537
vn 0.5085 -0.6854 -0.5212
vn 0.1308 0.9535 -0.2717
vn -0.1594 -0.5233 0.8371
vn -0.0122 0.7891 -0.6141
vn 0.2567 0.9413 -0.2190
vn -0.2582 -0.9427 0.2113
vn 0.9335 0.2334 -0.2724
vn 0.7522 -0.6571 -0.0490
vn -0.7062 0.3776 -0.5989
vn -0.6048 -0.4477 -0.6586
vn 0.1320 -0.3820 -0.9147
vn 0.2495 -0.8797 0.4049
vn 0.0043 -0.4852 -0.8744
vn -0.6364 0.7713 0.0078
vn -0.1182 0.9345 0.3359
vn 0.0596 0.2804 -0.9580
vn -0.0525 -0.6026 0.7963
vn 0.6051 -0.7960 -0.0146
vn -0.0913 -0.8778 0.4702
vn -0.8465 0.0093 -0.5323
vn -0.3982 0.2008 0.8950
vn -0.6054 0.7862 -0.1242
vn -0.8150 -0.5682 0.1139
vn -0.4455 0.3632 0.8183
vn -0.2531 0.5987 0.7599
vn -0.6512 0.2115 -0.7289
vn -0.6328 -0.7584 0.1562
vn -0.9462 -0.2368 -0.2203
vn 0.6128 -0.7899 0.0244
vn -0.8990 -0.3276 -0.2907
vn -0.8662 0.4728 0.1619
vn -0.9950 0.0341 -0.0943
vn -0.4659 -0.7744 0.4281
vn 0.7619 -0.6445 -0.0635
vn 0.4864 -0.7159 0.5009
vn -0.7652 0.0065 0.6438
vn -0.7407 0.0055 0.6719
vn -0.9215 0.3265 -0.2103
vn -0.8509 -0.5117 0.1187
vn -0.7875 -0.6153 0.0362
vn -0.8880 0.0668 -0.4549
vn -0.8218 -0.1840 -0.5392
vn -0.8095 -0.5315 0.2492
vn -0.9102 0.2521 -0.3285
vn -0.8924 0.3270 0.3110
vn -0.7347 0.6520 0.1872
vn -0.7056 0.5439 -0.4542
vn -0.6600 -0.6495 -0.3775
vn -0.6265 -0.6928 0.3570
vn -0.9550 0.2842 0.0850
vn -0.9162 0.4004 -0.0187
vn -0.9915 -0.1266 0.0293
vn -0.9473 -0.3177 -0.0408
vn -0.4039 -0.7071 0.5804
vn -0.8601 0.2579 -0.4402
vn -0.9862 0.1650 -0.0133
vn -0.7724 -0.4706 -0.4265
vn -0.9713 -0.0615 0.2299
vn -0.9366 0.3418 0.0772
vn -0.9047 -0.4211 -0.0651
vn -0.7707 -0.5818 -0.2596
vn -0.0899 0.7293 -0.6783
vn -0.7708 -0.1781 -0.6117
vn -0.0052 0.9082 0.4185
vn -0.7490 -0.0791 0.6579
vn -0.9845 -0.0945 -0.1476
vn -0.7723 0.4548 0.4435
vn -0.5355 0.7907 -0.2968
vn -0.7177 0.0005 0.6963
vn -0.7009 0.6288 -0.3367
vn -0.9606 -0.2655 -0.0826
vn -0.7960 -0.4688 0.3829
vn -0.7911 0.0273 -0.6111
vn -0.9841 0.1763 -0.0233
vn 0.7416 -0.6053 0.2892
vn 0.1824 -0.5849 -0.7903
vn 0.1576 0.4988 -0.8523
vn -0.9251 0.3245 0.1973
vn -0.8210 0.5485 -0.1585
vn -0.7397 -0.6476 0.1831
vn -0.5638 -0.4773 0.6741
vn -0.1022 -0.9282 -0.3578
vn -0.8371 0.5462 -0.0301
vn -0.9229 -0.1520 0.3538
vn -0.9249 0.2504 0.2862
vn -0.9202 -0.3031 0.2478
vn -0.3505 0.4536 -0.8194
vn -0.8931 0.4132 0.1782
vn -0.6204 -0.7580 0.2013
vn -0.9233 0.2551 0.2871
vn -0.8724 0.4883 0.0237
vn -0.7948 0.4954 0.3506
vn -0.4030 -0.8936 0.1976
vn -0.9006 -0.2199 0.3749
vn -0.5562 0.6847 0.4709
vn -0.2839 -0.8404 0.4616
vn -0.5204 0.0782 0.8503
vn -0.3752 -0.8186 0.4349
vn -0.9550 0.0300 -0.2950
vn -0.8754 -0.3105 0.3704
vn -0.9499 0.1029 -0.2952
vn -0.7466 -0.3791 0.5467
vn -0.7662 0.3992 0.5036
vn 0.0203 0.6810 -0.7320
vn -0.5706 -0.7093 0.4139
vn -0.5239 0.8234 0.2182
vn -0.9821 0.1510 -0.1128
vn -0.9543 0.2964 0.0388
vn -0.6057 -0.7948 0.0374
vn 0.1181 0.9772 0.1764
vn -0.8495 -0.4258 0.3114
vn -0.9390 -0.3413 -0.0413
vn -0.8519 0.5230 0.0261
vn 0.0833 -0.9613 0.2626
vn -0.9619 0.0747 -0.2630
vn -0.9724 -0.1788 -0.1498
vn -0.9150 0.3977 0.0683
vn -0.9928 -0.0995 0.0668
vn -0.0092 0.9223 -0.3863
vn -0.3751 0.6894 -0.6197
vn -0.9745 0.2235 -0.0191
vn -0.9850 -0.1544 0.0775
vn -0.4628 -0.8244 0.3258
vn 0.0245 -0.9224 -0.3855
vn -0.5882 -0.1180 -0.8001
vn -0.9861 0.1650 -0.0203
vn -0.9914 -0.1246 -0.0399
vn -0.8983 0.4048 -0.1707
vn -0.8772 0.4797 0.0205
vn -0.9305 0.3653 0.0260
vn -0.6645 0.7369 0.1238
vn -0.9566 0.1228 0.2643
vn -0.6237 0.5248 -0.5793
vn -0.9229 0.2408 -0.3005
vn -0.7638 0.6270 -0.1532
vn -0.9372 -0.3227 0.1324
vn -0.5486 0.8349 0.0450
vn -0.8608 0.0436 0.5071
vn -0.5294 -0.8377 0.1344
vn -0.8982 -0.4222 -0.1222
vn -0.8986 0.3393 -0.2782
vn 0.3369 -0.5479 -0.7657
vn -0.9514 -0.2007 0.2335
vn -0.9597 0.1082 -0.2595
vn -0.2438 -0.6819 -0.6896
vn -0.5342 0.2815 -0.7971
vn -0.3826 -0.9194 0.0907
vn -0.8918 0.3565 -0.2786
vn 0.1590 0.8416 -0.5162
vn -0.6278 -0.7603 -0.1667
vn -0.9056 0.1362 0.4017
vn -0.1156 0.0580 -0.9916
vn -0.8780 -0.3886 0.2796
vn -0.8466 0.3420 0.4079
vn -0.9761 0.0850 -0.2001
vn -0.5056 0.8291 0.2385
vn -0.5576 0.8149 -0.1580
vn -0.8884 0.4587 0.0203
vn -0.2253 0.4879 0.8433
vn -0.6539 0.7560 -0.0279
vn -0.8302 0.0410 0.5560
vn -0.9985 -0.0428 -0.0346
vn -0.7077 -0.6961 0.1210
vn 0.8824 0.2148 -0.4186
vn 0.0309 -0.4184 -0.9077
vn 0.0202 -0.8651 0.5013
vn -0.8793 0.4732 0.0541
vn 0.0009 -0.0387 -0.9993
vn -0.9064 0.4222 -0.0104
vn -0.5644 0.2435 0.7888
vn -0.2558 -0.0366 -0.9660
vn -0.5453 -0.6815 -0.4882
vn -0.6916 0.5417 0.4778
vn -0.3845 -0.9005 0.2033
vn -0.1666 -0.9252 -0.3411
vn -0.9966 -0.0818 0.0124
vn -0.8459 0.4173 -0.3321
vn -0.8436 0.4178 0.3373
vn -0.7199 0.0414 0.6929
vn 0.0160 -0.1776 -0.9840
vn -0.4745 -0.2113 0.8545
vn -0.9132 -0.3932 0.1074
vn -0.6139 0.0531 -0.7876
vn -0.0803 0.1320 0.9880
vn -0.9430 0.3328 -0.0019
vn -0.8619 -0.3302 0.3847
vn -0.5495 -0.2932 0.7824
vn -0.8857 -0.3551 0.2991
vn -0.9427 0.3330 0.0191
vn -0.7992 -0.3982 -0.4503
vn -0.9968 -0.0105 -0.0796
vn -0.9273 -0.3101 -0.2095
vn -0.1411 -0.8747 -0.4636
vn -0.8670 0.2732 0.4167
vn -0.9427 0.1705 0.2868
vn -0.9724 -0.2006 0.1191
vn -0.8548 0.4906 -0.1691
vn -0.5846 0.8090 0.0615
vn -0.9811 0.0306 0.1910
vn -0.9025 0.3800 0.2026
vn -0.9220 -0.2648 -0.2825
vn -0.9527 -0.3038 0.0019
vn -0.4067 0.9084 -0.0971
vn -0.9967 -0.0796 0.0155
vn -0.9302 0.3621 0.0596
vn -0.9880 0.0268 0.1520
vn -0.9078 -0.4185 -0.0262
vn -0.8776 0.4564 -0.1468
vn -0.9431 0.1904 -0.2727
vn -0.7055 -0.2339 -0.6690
vn -0.9167 0.2326 -0.3250
vn -0.9424 -0.1310 0.3078
vn -0.9609 0.2725 0.0482
vn 0.2849 -0.9549 -0.0835
vn 0.6037 -0.7814 0.1578
vn 0.6851 -0.3661 -0.6298
vn -0.7636 0.5114 0.3942
vn -0.9361 -0.0870 -0.3408
vn -0.9316 -0.2781 0.2340
vn -0.9850 0.0256 0.1709
vn -0.2081 -0.8762 -0.4347
vn 0.1022 -0.9247 0.3667
vn -0.9822 0.1836 -0.0398
vn -0.9785 -0.0077 0.2062
vn -0.8403 -0.5260 0.1314
vn -0.9750 -0.2136 0.0612
vn -0.8567 -0.4754 0.2001
vn -0.9950 -0.0348 -0.0936
vn -0.7336 0.6432 0.2196
vn -0.7604 0.6476 0.0488
vn -0.9303 -0.1926 -0.3121
vn -0.8574 0.4832 0.1770
vn -0.9104 0.0534 -0.4102
vn -0.9494 0.2775 -0.1469
vn -0.9892 -0.1219 -0.0812
vn -0.9429 -0.3321 -0.0266
vn -0.9467 -0.1791 0.2677
vn -0.8785 0.4573 0.1384
vn -0.9005 0.4345 -0.0160
vn 0.0664 -0.6726 0.7370
vn -0.9759 -0.2074 -0.0675
vn -0.9715 0.1925 -0.1381
vn -0.9607 0.2777 -0.0045
vn -0.9564 0.2914 0.0172
vn -0.3130 -0.7309 -0.6065
vn -0.3198 -0.8597 0.3982
vn -0.9672 -0.2193 -0.1284
vn -0.9817 -0.1529 -0.1132
vn -0.4611 0.8873 0.0118
vn -0.9963 0.0264 -0.0815
vn 0.1504 0.9883 -0.0246
vn -0.5742 0.8187 0.0093
vn 0.3266 -0.8321 0.4482
vn -0.9513 -0.3039 -0.0518
vn -0.9149 0.3688 -0.1641
vn -0.7186 0.1969 -0.6669
vn 0.0453 0.8031 0.5941
vn -0.8082 0.5578 0.1887
vn -0.1286 0.2193 0.9671
vn -0.9984 0.0536 -0.0161
vn -0.7675 0.4199 -0.4844
vn -0.9989 -0.0155 0.0447
vn -0.9964 -0.0438 0.0726
vn -0.9962 -0.0615 -0.0617
vn -0.9946 -0.0481 -0.0916
vn -0.8068 0.5458 0.2261
vn -0.8907 0.4484 0.0749
vn -0.9908 -0.1188 0.0647
vn -0.9255 -0.0271 -0.3778
vn -0.9427 -0.2559 -0.2140
vn -0.9943 0.0995 0.0380
vn -0.6902 0.1426 -0.7094
vn -0.2792 0.8697 0.4069
vn -0.9157 0.3905 -0.0950
vn -0.5614 -0.8255 0.0583
vn -0.9998 0.0046 -0.0215
vn -0.5124 0.8463 0.1460
vn -0.8654 -0.3456 0.3628
vn -0.4346 0.5594 -0.7058
vn -0.9764 0.1771 -0.1233
vn -0.9010 -0.4032 -0.1602
vn 0.1936 -0.9481 -0.2523
vn 0.9655 0.0280 -0.2589
vn -0.7977 -0.5100 0.3218
vn -0.8240 -0.5172 -0.2312
vn -0.8956 -0.4449 0.0056
vn -0.7792 -0.6183 0.1028
vn -0.7073 0.5405 0.4557
vn -0.9099 0.3975 0.1181
vn -0.9747 -0.2156 -0.0585
vn -0.8732 0.3966 0.2832
vn -0.7340 0.6407 -0.2253
vn -0.8681 0.2568 -0.4249
vn -0.9291 0.3477 0.1258
vn -0.9899 -0.1402 0.0207
vn -0.8671 -0.3376 -0.3661
vn -0.9721 -0.0433 -0.2307
vn -0.6892 0.3836 -0.6147
vn -0.9907 0.0219 -0.1341
vn -0.8904 -0.4449 0.0961
vn 0.5789 -0.5177 -0.6300
vn -0.9323 0.2308 0.2784
vn -0.6473 0.4699 -0.6002
vn -0.9866 0.0075 -0.1632
vn -0.6776 0.6645 -0.3153
vn -0.4861 0.7628 0.4264
vn -0.4328 -0.4060 -0.8049
vn 0.2402 0.5453 0.8031
vn 0.1340 -0.2901 -0.9476
vn -0.9726 -0.2138 -0.0911
vn -0.7059 0.0370 -0.7073
vn -0.2422 0.8706 0.4282
vn -0.9979 -0.0563 -0.0334
vn -0.9503 0.1783 -0.2553
vn -0.6754 0.7304 0.1017
vn -0.8594 -0.5101 0.0358
vn -0.9821 0.0527 0.1808
vn -0.8702 -0.4678 0.1549
vn -0.9532 -0.2800 -0.1142
vn -0.6964 0.7146 -0.0664
vn -0.6071 0.4311 -0.6675
vn -0.8862 -0.3626 0.2885
vn -0.9282 -0.2235 -0.2976
vn -0.3693 -0.6464 -0.6677
vn -0.9617 0.0715 -0.2647
vn -0.7668 -0.6189 -0.1702
vn -0.9221 0.2135 -0.3228
vn -0.4738 0.2848 -0.8333
vn 0.1747 0.0160 0.9845
vn 0.0337 -0.8573 0.5137
vn -0.8724 0.3444 -0.3469
vn -0.0742 -0.9424 -0.3261
vn -0.8922 0.4498 -0.0418
vn 0.0661 -0.8175 -0.5721
vn -0.9885 0.1469 -0.0349
vn -0.9455 -0.3229 0.0414
vn -0.8922 0.3970 -0.2156
vn -0.7917 0.5358 -0.2934
vn -0.9102 -0.3436 -0.2313
vn -0.8437 -0.4874 -0.2251
vn -0.7275 0.6467 0.2290
vn -0.4287 0.9020 -0.0501
vn -0.8617 0.4918 -0.1249
vn -0.7477 -0.6525 -0.1233
vn -0.9822 -0.1510 0.1113
vn -0.8101 0.4503 0.3754
vn -0.8613 0.5052 -0.0541
vn -0.3556 -0.6550 0.6667
vn -0.0693 -0.7365 0.6729
vn -0.5276 -0.7669 0.3654
vn -0.8736 -0.4790 0.0855
vn -0.6536 -0.7494 -0.1064
vn -0.5101 0.8369 0.1984
vn 0.1940 0.9632 0.1862
vn 0.0202 -0.9423 -0.3343
vn 0.3695 0.9209 -0.1239
vn -0.6064 -0.4544 0.6525
vn -0.7135 -0.0965 -0.6940
vn -0.8739 -0.1227 0.4703
vn -0.1589 -0.8724 0.4622
vn -0.9987 -0.0439 0.0258
vn -0.1319 -0.0224 -0.9910
vn -0.7669 0.3973 0.5040
vn -0.7804 0.2750 0.5616
vn -0.0245 -0.8762 -0.4814
vn -0.4054 0.7915 0.4574
vn -0.9429 0.3317 0.0300
vn -0.9463 -0.2299 0.2273
vn -0.2502 -0.8091 0.5317
vn -0.9986 0.0344 -0.0407
vn -0.8900 0.2385 -0.3885
vn -0.9344 0.3306 -0.1324
vn -0.9935 0.0283 -0.1101
vn -0.8735 -0.1887 -0.4488
vn -0.8978 0.2884 -0.3327
vn -0.9540 0.2983 -0.0306
vn 0.0380 -0.8166 0.5760
vn -0.5349 -0.6045 0.5904
vn -0.3238 -0.9066 -0.2706
vn -0.8443 -0.3070 0.4392
vn -0.9417 0.3328 0.0492
vn 0.0586 -0.8750 0.4806
vn -0.9973 -0.0155 0.0718
vn -0.7404 -0.6281 -0.2393
vn -0.9992 0.0383 0.0116
vn -0.2413 0.9573 -0.1591
vn -0.6935 0.7088 -0.1289
vn -0.3061 0.5352 -0.7873
vn 0.0614 -0.4567 -0.8875
vn -0.8970 -0.3303 -0.2937
vn -0.1611 0.0091 0.9869
vn -0.9906 0.1170 -0.0702
vn -0.8940 -0.3630 -0.2625
vn -0.9788 0.1407 -0.1486
vn -0.4995 -0.0222 0.8660
vn 0.3058 -0.3126 -0.8993
vn -0.2301 -0.6028 -0.7640
vn -0.9933 -0.0396 0.1085
vn -0.7426 -0.6296 0.2284
vn -0.1845 -0.6211 0.7617
vn -0.9510 -0.0781 0.2993
vn -0.7592 -0.3785 0.5294
vn -0.7352 -0.6049 0.3058
vn -0.7090 0.6986 0.0961
vn -0.6899 -0.6125 -0.3857
vn -0.9076 -0.3672 0.2034
vn -0.8172 -0.4409 0.3713
vn -0.9969 0.0186 0.0766
vn -0.8387 -0.1047 -0.5344
vn -0.9836 0.0925 0.1546
vn -0.9240 -0.0238 0.3816
vn -0.8575 0.5144 0.0107
vn -0.8924 0.4334 -0.1255
vn -0.6558 0.6739 -0.3403
vn -0.8780 0.4686 0.0974
vn -0.9724 0.2094 0.1026
vn -0.9632 -0.2685 -0.0145
vn -0.4105 0.8377 0.3601
vn -0.9434 0.0093 -0.3316
vn -0.8654 -0.4007 0.3009
vn -0.9660 -0.2521 0.0570
vn -0.1549 -0.7076 0.6894
vn -0.0696 0.8203 0.5676
vn -0.8816 -0.4026 0.2464
vn -0.8914 0.3991 -0.2149
vn -0.9830 -0.1771 0.0483
vn -0.2400 0.9609 -0.1378
vn -0.9734 -0.2282 -0.0195
vn -0.8987 0.2352 0.3701
vn -0.9762 0.2004 -0.0833
vn -0.9802 0.1920 0.0488
vn -0.9621 0.0134 -0.2725
vn -0.6713 -0.5606 0.4849
vn -0.6925 -0.5531 -0.4631
vn -0.7535 -0.5344 -0.3828
vn -0.6129 -0.5799 -0.5367
vn -0.1003 -0.9906 -0.0928
vn -0.9671 0.2237 0.1209
vn -0.9874 0.0898 0.1306
vn -0.8267 0.2618 0.4981
vn -0.9342 -0.3540 0.0435
vn -0.9923 -0.1240 0.0070
vn 0.0407 0.9299 0.3655
vn -0.2758 -0.5969 0.7534
vn -0.9412 -0.0599 0.3326
vn -0.9670 -0.0471 0.2505
vn -0.9785 -0.0327 -0.2036
vn -0.7205 -0.5119 -0.4679
vn -0.9717 -0.0991 0.2143
vn -0.5762 0.1498 -0.8035
vn -0.7464 -0.3026 -0.5927
vn -0.5718 -0.8200 -0.0265
vn -0.3281 -0.7561 0.5663
vn -0.7303 -0.0542 -0.6810
vn -0.9670 0.0283 0.2532
vn -0.9722 -0.1441 -0.1845
vn -0.9466 0.2588 0.1922
vn -0.7248 0.1121 0.6798
vn -0.9961 -0.0880 -0.0102
vn -0.9112 0.1953 0.3628
vn -0.9720 -0.1661 -0.1663
vn -0.9231 0.1435 -0.3568
vn -0.7657 0.4047 -0.4999
vn -0.8079 -0.4465 0.3847
vn 0.0465 0.6878 -0.7244
vn -0.8311 0.2346 -0.5043
vn -0.5543 -0.6940 -0.4595
vn -0.9855 0.1437 -0.0905
vn -0.3542 0.3262 -0.8764
vn -0.5636 0.8146 -0.1370
vn -0.7480 -0.3160 0.5836
vn -0.6654 0.7312 -0.1501
vn -0.5801 0.7913 -0.1933
vn 0.1159 -0.9736 0.1966
vn 0.9750 -0.1543 -0.1601
vn -0.5988 0.6771 -0.4277
vn -0.7994 0.2816 0.5307
vn -0.9711 0.1296 0.2003
vn -0.0481 -0.4725 -0.8800
vn -0.2840 0.9574 -0.0524
vn -0.8212 0.0152 -0.5705
vn -0.8539 0.4847 0.1895
vn -0.8648 -0.4814 0.1425
vn -0.8587 -0.0337 -0.5114
vn -0.9534 0.2607 -0.1515
vn -0.8409 0.5020 0.2021
vn 0.7874 -0.5276 -0.3187
vn -0.9281 -0.1976 -0.3156
vn 0.2175 0.8959 -0.3873
vn -0.9047 0.4181 -0.0818
vn -0.9442 -0.2961 -0.1442
vn -0.5801 0.4883 -0.6519
vn -0.9782 -0.2066 -0.0205
vn -0.1270 0.3033 -0.9444
vn -0.9732 0.1296 0.1901
vn -0.9433 -0.2325 0.2371
vn -0.9813 0.1924 -0.0103
vn -0.9757 0.0425 -0.2148
vn -0.6745 0.3889 -0.6275
vn 0.0718 0.9360 -0.3446
vn -0.6473 0.1906 -0.7381
vn -0.5362 0.5544 0.6365
vn 0.4412 0.2771 -0.8535
vn -0.7810 0.5973 -0.1822
vn -0.8469 -0.4177 0.3290
vn -0.9464 0.3137 -0.0762
vn -0.8862 -0.4077 -0.2199
vn -0.8902 -0.4062 -0.2062
vn -0.1148 0.4225 -0.8991
vn -0.2666 0.7530 -0.6016
vn 0.0482 0.2921 -0.9552
vn -0.8302 0.5557 -0.0444
vn -0.4310 -0.6382 0.6379
vn -0.9017 -0.3844 0.1980
vn -0.9476 0.1294 -0.2921
vn -0.6153 -0.7081 0.3465
vn -0.5522 0.6932 0.4632
vn -0.1532 -0.0954 0.9836
vn -0.8798 0.3343 -0.3378
vn -0.9977 -0.0614 0.0284
vn -0.8761 -0.4820 0.0097
vn -0.4687 -0.8833 0.0116
vn -0.9025 -0.3374 -0.2678
vn -0.8175 0.4601 -0.3464
vn -0.9657 -0.1975 0.1685
vn -0.6837 -0.7041 -0.1917
vn -0.8733 0.4504 -0.1855
vn -0.8640 0.2639 -0.4288
vn -0.8773 -0.4513 0.1633
vn 0.7220 -0.3212 0.6128
vn -0.3471 0.9144 -0.2082
vn -0.8754 -0.2342 0.4228
vn -0.8199 -0.5137 0.2528
vn 0.0927 -0.1415 -0.9856
vn 0.6464 0.6227 -0.4409
vn -0.6230 -0.7357 0.2656
vn -0.9222 -0.3687 -0.1169
vn -0.9443 -0.2927 -0.1501
vn -0.8571 0.4885 -0.1634
vn -0.1449 0.7376 0.6595
vn -0.3942 -0.2367 -0.8880
vn -0.9492 0.0615 -0.3086
vn -0.8331 0.0170 0.5528
vn -0.0235 0.9944 -0.1027
vn -0.9705 -0.1089 -0.2152
vn -0.0069 -0.8886 -0.4587
vn -0.7004 0.1004 -0.7067
vn -0.9824 -0.0430 -0.1816
vn -0.4303 -0.4997 0.7518
vn -0.8825 -0.4428 0.1585
vn -0.0534 0.8036 -0.5927
vn -0.8600 0.4607 -0.2193
vn -0.2814 0.4081 -0.8685
vn -0.2359 -0.3225 -0.9167
vn -0.9494 0.3137 -0.0142
vn -0.9668 -0.2344 -0.1013
vn -0.9128 -0.2004 0.3558
vn -0.7147 -0.4661 0.5214
vn -0.8585 -0.2764 -0.4320
vn -0.7269 -0.6802 -0.0946
vn 0.6871 -0.5769 0.4416
vn -0.7944 0.5413 -0.2756
vn -0.5386 -0.6560 0.5287
vn -0.1703 -0.8442 0.5083
vn -0.3684 -0.9263 0.0784
vn -0.4153 0.3090 0.8556
vn -0.1302 -0.8641 -0.4862
vn -0.6995 0.0459 -0.7131
vn -0.4141 0.6769 -0.6086
vn -0.9301 -0.3603 -0.0717
vn 0.0704 -0.8326 -0.5493
vn -0.5551 0.7125 -0.4291
vn -0.6064 0.3159 0.7297
vn -0.6202 -0.2614 0.7396
vn -0.9186 -0.3947 -0.0186
vn -0.3569 -0.8270 0.4344
vn -0.7517 0.6558 -0.0700
vn -0.8832 -0.2309 -0.4083
vn -0.5738 0.7404 -0.3502
vn -0.3292 0.4993 -0.8015
vn -0.2610 -0.7892 0.5559
vn -0.6658 0.0647 -0.7433
vn -0.5137 -0.6993 0.4970
vn -0.8506 -0.4488 -0.2740
vn -0.4293 -0.6188 -0.6579
vn 0.2040 -0.9417 0.2675
vn -0.0422 0.6538 0.7555
vn -0.8825 -0.4675 -0.0516
vn -0.9480 0.2781 -0.1546
vn -0.7568 -0.3634 0.5434
vn -0.4866 0.2313 0.8424
vn -0.6613 0.6619 0.3531
vn -0.5444 0.7782 -0.3130
vn 0.0588 0.2926 -0.9544
vn -0.7840 0.6203 -0.0227
vn -0.9295 0.1029 -0.3541
vn 0.4160 -0.7670 0.4885
vn 0.1275 0.9570 0.2605
vn -0.7983 -0.2956 -0.5247
vn -0.8997 0.1655 0.4038
vn -0.2921 -0.7240 0.6249
vn -0.8567 -0.5155 0.0185
vn -0.5049 0.7970 0.3315
vn 0.2319 -0.8676 -0.4400
vn -0.6127 -0.7707 0.1753
vn -0.4754 -0.0138 -0.8797
vn -0.7878 -0.6079 0.0990
vn -0.8565 -0.5091 0.0847
vn -0.5530 -0.8331 0.0111
vn -0.7254 0.6023 -0.3331
vn -0.8904 0.3336 -0.3097
vn -0.7806 -0.5490 -0.2987
vn -0.8614 -0.1161 0.4945
vn 0.0096 0.0327 0.9994
vn -0.4481 0.8603 -0.2432
vn -0.6363 -0.4495 0.6269
vn -0.1205 -0.2036 -0.9716
vn -0.7607 -0.4830 0.4337
vn -0.7945 -0.2297 -0.5622
vn -0.6762 -0.5872 0.4449
vn -0.3589 0.3317 -0.8724
vn -0.9531 0.1668 -0.2527
vn -0.9296 0.0097 0.3683
vn -0.5196 -0.1764 0.8360
vn -0.9156 0.1961 0.3509
vn -0.3900 -0.0323 0.9203
vn -0.9513 0.3082 -0.0029
vn -0.8246 -0.2439 -0.5105
vn -0.8208 0.5385 0.1907
vn -0.7654 -0.0362 -0.6425
vn -0.9008 0.3150 0.2989
vn 0.0324 -0.8324 0.5532
vn -0.7647 -0.0953 0.6373
vn -0.8988 -0.2218 0.3781
vn -0.9838 -0.1046 -0.1458
vn -0.2811 0.4160 -0.8648
vn -0.9805 -0.1962 -0.0039
vn -0.5495 0.6003 0.5811
vn -0.8387 -0.4896 0.2386
vn -0.9197 -0.3753 -0.1154
vn -0.7350 -0.6102 -0.2956
vn -0.8895 -0.0671 -0.4520
vn -0.8887 -0.4342 0.1474
vn -0.9349 -0.0736 -0.3471
vn -0.9767 0.0480 -0.2093
vn 0.1303 -0.6502 -0.7485
vn -0.8947 -0.1049 -0.4342
vn -0.7962 0.4638 -0.3885
vn -0.9171 0.2156 0.3355
vn -0.2763 0.8601 0.4288
vn -0.8686 -0.3078 -0.3884
vn -0.6103 -0.3805 0.6948
vn -0.5862 -0.6697 0.4559
vn -0.0583 -0.2980 0.9528
vn -0.6848 0.1995 -0.7009
vn -0.7548 -0.5990 0.2674
vn -0.5713 0.6233 -0.5339
vn 0.0759 -0.9377 -0.3391
vn -0.8034 0.1503 0.5762
vn -0.8672 -0.4008 0.2954
vn -0.5663 0.8219 0.0613
vn -0.8159 -0.2173 0.5359
vn -0.4505 0.6777 0.5811
vn -0.9660 -0.2570 -0.0272
vn -0.8465 -0.4558 0.2750
vn -0.6872 -0.3432 0.6403
vn -0.6498 0.4801 0.5892
vn -0.7807 -0.0806 -0.6197
vn -0.8062 0.4639 0.3671
vn -0.6324 -0.4319 0.6431
vn -0.2150 0.6024 0.7687
vn 0.0947 -0.3205 -0.9425
vn 0.0102 0.8091 -0.5876
vn -0.8792 -0.3650 0.3061
vn -0.9365 -0.2478 -0.2480
vn -0.9998 0.0198 0.0014
vn -0.5886 0.0630 -0.8060
vn 0.1906 -0.8050 -0.5618
vn 0.1197 0.3014 0.9459
vn -0.9735 -0.2270 0.0284
vn -0.6463 -0.3940 0.6534
vn -0.4131 -0.2052 -0.8873
vn -0.6846 -0.4906 0.5390
vn -0.9569 -0.0238 -0.2894
vn -0.9936 0.0999 0.0533
vn -0.9087 -0.3834 -0.1649
vn -0.8111 -0.5782 0.0881
vn -0.4986 0.3397 -0.7975
vn -0.9178 -0.1024 0.3835
vn 0.0393 -0.0549 -0.9977
vn -0.1176 0.0314 0.9926
vn -0.9140 -0.2488 -0.3204
vn -0.9540 -0.1502 -0.2596
vn -0.4862 0.7864 -0.3811
vn -0.7721 0.6155 -0.1581
vn -0.7119 -0.5358 0.4540
vn -0.0680 0.9412 -0.3309
vn -0.9705 0.1828 -0.1570
vn -0.4961 -0.4906 -0.7164
vn 0.2242 -0.8649 0.4491
vn -0.9337 0.2931 -0.2057
vn -0.9050 0.3169 0.2837
vn -0.8990 -0.3526 0.2598
vn -0.7003 -0.3446 0.6252
vn -0.9179 0.3682 0.1478
vn -0.8677 0.4406 -0.2303
vn -0.5447 0.2940 -0.7854
vn -0.5868 0.4572 -0.6683
vn -0.9813 -0.0463 0.1868
vn -0.7578 0.6463 -0.0901
vn -0.4962 -0.0999 0.8624
vn -0.9982 0.0268 -0.0536
vn -0.8293 -0.5395 -0.1456
vn -0.9858 0.0749 0.1505
vn -0.1923 0.9557 0.2229
vn -0.6597 0.7324 0.1686
vn -0.3210 -0.8641 0.3877
vn 0.3020 -0.8742 0.3803
vn 0.0203 0.4276 0.9037
vn 0.0035 -0.7249 -0.6889
vn -0.9334 -0.2935 -0.2064
vn -0.9420 0.1808 0.2828
vn -0.1675 0.8810 0.4424
vn -0.9364 0.3509 0.0035
vn -0.9521 0.1941 0.2363
vn -0.4245 -0.4205 0.8019
vn -0.8806 0.3011 0.3659
vn -0.9620 0.0485 -0.2686
vn -0.5001 0.6934 0.5187
vn -0.2717 0.9032 -0.3323
vn -0.4263 0.5243 0.7371
vn 0.3937 -0.0959 -0.9142
vn -0.9881 0.0623 -0.1404
vn -0.8756 0.2261 0.4268
vn -0.9854 -0.1314 0.1088
vn -0.9079 -0.1438 -0.3938
vn 0.0358 0.9867 -0.1587
vn -0.9405 0.3364 0.0468
vn -0.6427 0.6764 0.3598
vn -0.5053 0.7320 -0.4570
vn -0.7544 0.3950 0.5242
vn -0.2271 -0.6601 -0.7160
vn -0.9765 0.0177 -0.2148
vn -0.4303 0.8835 -0.1853
vn -0.9157 -0.0944 -0.3906
vn -0.8925 -0.1260 -0.4331
vn -0.5995 -0.2789 0.7502
vn -0.9921 0.0045 0.1255
vn -0.4385 -0.7557 -0.4865
vn -0.8828 -0.3140 0.3493
vn -0.8891 -0.2924 -0.3522
vn -0.9168 0.3318 -0.2223
vn -0.5503 0.6640 0.5063
vn -0.7178 0.0719 0.6925
vn -0.9430 0.0358 -0.3309
vn -0.1851 -0.9720 -0.1447
vn -0.9719 -0.2288 -0.0546
vn -0.9416 0.2730 0.1972
vn -0.9791 -0.1731 -0.1065
vn -0.7250 0.5252 0.4456
vn 0.0831 -0.9823 0.1680
vn -0.8394 0.3201 0.4392
vn 0.7279 0.0281 0.6851
vn -0.5633 -0.4744 0.6765
vn -0.2780 -0.5633 0.7781
vn -0.1354 0.7372 -0.6620
vn -0.5562 0.6913 -0.4613
vn -0.9734 0.1437 -0.1787
vn -0.0478 0.6529 0.7559
vn -0.7342 -0.6464 -0.2076
vn -0.7299 -0.3430 -0.5912
vn -0.7957 -0.0986 0.5976
vn -0.4340 -0.5095 -0.7431
vn -0.7599 -0.5386 -0.3640
vn -0.7553 0.4143 0.5078
vn 0.1370 -0.5058 -0.8517
vn -0.6268 0.7636 0.1546
vn -0.9391 0.1795 0.2929
vn -0.7775 -0.6218 0.0943
vn -0.3061 0.6389 0.7058
vn -0.9565 -0.2353 0.1725
vn -0.3727 -0.8987 0.2312
vn -0.9374 -0.3449 -0.0476
vn -0.8532 -0.1816 -0.4890
vn -0.0087 -0.1480 0.9889
vn -0.9212 -0.1310 -0.3664
vn 0.7094 -0.6563 0.2569
vn 0.6102 -0.0195 0.7920
vn 0.4322 -0.8540 0.2895
vn -0.9548 -0.2972 -0.0032
vn -0.9552 0.2461 0.1646
vn -0.9084 0.1877 -0.3736
vn -0.7655 0.2593 -0.5889
vn -0.8563 0.5124 -0.0640
vn -0.1109 -0.4856 0.8671
vn -0.2744 -0.5845 -0.7636
vn -0.8960 -0.3294 -0.2980
vn -0.9823 0.0385 0.1835
vn -0.5521 0.1596 0.8184
vn -0.1024 -0.6518 -0.7514
vn -0.7322 -0.6708 -0.1180
vn -0.9398 0.0190 0.3411
vn -0.1518 -0.9431 0.2957
vn -0.7180 0.5172 0.4659
vn -0.6910 -0.3518 -0.6315
vn -0.5814 0.2542 0.7729
vn -0.6318 -0.7386 0.2351
vn 0.3820 -0.4824 -0.7883
vn -0.2690 0.9451 -0.1857
vn -0.0993 -0.6814 0.7252
vn 0.6309 0.4784 -0.6109
vn -0.1238 -0.7158 0.6873
vn -0.7714 -0.6256 0.1164
vn -0.3511 -0.6618 -0.6624
vn -0.0154 0.6183 -0.7858
vn -0.6455 0.7311 0.2208
vn -0.7710 0.0007 -0.6368
vn -0.0497 0.9468 0.3179
vn 0.1189 0.9374 -0.3273
vn 0.1068 0.6817 -0.7238
vn 0.9195 -0.3049 -0.2482
vn -0.3482 -0.8477 -0.4003
vn -0.6218 0.1468 0.7693
vn -0.7393 -0.6001 0.3056
vn 0.5847 0.5924 0.5543
vn -0.6004 0.4839 0.6367
vn -0.0949 0.8668 -0.4896
vn -0.9747 0.0777 0.2097
vn 0.0893 0.6385 0.7644
vn -0.8189 -0.5602 0.1250
vn 0.5722 0.1279 0.8101
vn -0.8702 0.4840 -0.0919
vn -0.9946 0.0741 -0.0728
vn -0.7966 -0.5483 0.2544
vn -0.9813 0.1437 0.1277
vn 0.0278 0.3927 -0.9193
vn -0.3532 0.8709 0.3417
vn -0.6844 -0.6780 -0.2683
vn 0.0103 -0.7794 -0.6264
vn -0.3974 -0.8607 -0.3182
vn -0.8784 0.4778 0.0112
vn 0.6091 -0.7192 -0.3343
vn -0.8490 0.1984 0.4898
vn -0.5730 -0.3167 -0.7559
vn -0.6243 0.7807 0.0284
vn -0.0066 -0.0091 -0.9999
vn 0.0362 -0.8507 0.5245
vn 0.3134 0.1544 0.9370
vn -0.3151 -0.9476 0.0520
vn 0.2827 -0.7980 0.5323
vn -0.9870 -0.1472 -0.0650
vn -0.8684 0.2280 -0.4403
vn -0.8478 -0.1494 -0.5088
vn -0.5109 0.7687 0.3847
vn -0.9055 0.1620 -0.3922
vn -0.7775 0.0741 -0.6244
vn -0.6462 -0.7485 -0.1491
vn -0.3775 0.6286 -0.6800
vn -0.9967 0.0542 -0.0603
vn -0.9796 -0.0313 -0.1987
vn -0.6901 -0.6236 0.3672
vn -0.7831 -0.4085 -0.4690
vn -0.9888 -0.1140 0.0960
vn -0.9495 -0.3128 0.0240
vn 0.3442 -0.8969 -0.2777
vn -0.1192 -0.5111 0.8512
vn -0.1211 -0.9917 -0.0438
vn -0.9442 -0.2753 0.1808
vn -0.3732 0.8713 0.3186
vn -0.6303 0.7096 -0.3150
vn 0.1451 0.9508 0.2736
vn -0.9452 0.3206 0.0618
vn -0.5155 0.8141 -0.2673
vn -0.7886 0.4738 -0.3919
vn -0.6420 -0.7549 -0.1338
vn -0.4620 0.3052 0.8327
vn -0.4591 0.1541 0.8749
vn -0.7752 0.6304 0.0402
vn -0.8824 -0.0429 -0.4686
vn -0.6204 -0.6965 -0.3606
vn -0.2499 0.8168 0.5199
vn -0.9729 -0.1424 0.1820
vn -0.7867 0.5571 0.2661
vn -0.9469 -0.1402 -0.2892
vn -0.0838 -0.0054 -0.9965
vn -0.8876 0.4557 0.0671
vn -0.5893 -0.7703 -0.2435
vn -0.2066 0.9723 -0.1096
vn -0.9433 0.2199 0.2486
vn -0.9480 -0.0564 -0.3131
vn -0.2774 0.9077 0.3148
vn -0.9993 -0.0356 0.0091
vn -0.9230 0.1303 0.3621
vn 0.2872 0.9522 -0.1039
vn -0.9448 0.2574 0.2027
vn -0.1221 0.0194 0.9923
vn -0.2098 -0.5053 -0.8371
vn -0.7290 0.2374 0.6420
vn -0.9963 0.0136 -0.0848
vn -0.9499 0.3114 0.0263
vn -0.0564 -0.7208 0.6909
vn 0.6515 -0.6547 -0.3832
vn -0.4136 -0.9087 -0.0568
vn 0.5161 0.6653 -0.5394
vn -0.4505 0.3845 -0.8057
vn -0.5905 -0.2864 0.7545
vn 0.7817 -0.2758 0.5594
vn -0.9497 0.3116 0.0296
vn -0.6770 -0.6520 0.3413
vn -0.2809 -0.8899 -0.3594
vn -0.6785 -0.0063 -0.7346
vn -0.8734 -0.3961 0.2834
vn -0.7860 0.6183 0.0041
vn -0.0611 -0.0657 -0.9960
vn -0.6983 -0.6871 -0.2007
vn 0.2699 -0.9628 -0.0164
vn -0.0889 -0.2832 -0.9549
vn -0.6500 0.7220 -0.2370
vn -0.7580 -0.5294 0.3809
vn 0.3599 -0.8686 -0.3407
vn -0.5775 -0.0711 -0.8133
vn -0.6851 -0.2400 0.6878
vn -0.4192 -0.8062 0.4174
vn -0.1714 0.5532 0.8152
vn -0.7741 0.0935 -0.6261
vn -0.5116 -0.8478 0.1395
vn -0.5580 0.6670 -0.4937
vn -0.9977 -0.0507 0.0448
vn 0.8292 0.5541 0.0732
vn -0.8881 0.3225 0.3274
vn -0.7508 0.6310 -0.1953
vn -0.5396 0.0980 -0.8362
vn -0.0346 0.9729 0.2285
vn -0.9147 0.3004 -0.2705
vn -0.1488 0.9752 0.1639
vn -0.6827 -0.6040 -0.4112
vn -0.2713 0.9447 0.1843
vn -0.7313 0.6794 0.0608
vn -0.8840 -0.4463 0.1391
vn -0.3452 -0.8965 -0.2778
vn -0.6631 -0.4506 -0.5977
vn -0.9667 0.2233 -0.1253
vn -0.8977 -0.1280 -0.4215
vn 0.5238 0.7426 0.4174
vn -0.9963 0.0573 -0.0634
vn -0.6290 0.6016 0.4924
vn 0.0350 0.7344 0.6778
vn -0.5794 -0.7337 0.3549
vn -0.9797 -0.0884 -0.1802
vn -0.9493 0.2211 -0.2234
vn -0.7532 0.5595 -0.3460
vn -0.8699 -0.2942 0.3960
vn -0.0637 0.0958 -0.9934
vn -0.1662 -0.4945 -0.8531
vn -0.2253 0.8960 0.3826
vn -0.1618 0.7661 -0.6220
vn -0.9926 0.0954 -0.0745
vn -0.5139 0.5035 0.6945
vn -0.8450 -0.4080 -0.3456
vn -0.4580 -0.2826 -0.8429
vn -0.1014 -0.2032 -0.9739
vn -0.9898 -0.0647 -0.1270
vn -0.6326 0.7601 0.1487
vn -0.9835 0.1635 0.0779
vn 0.4248 0.8739 -0.2361
vn -0.7891 0.6097 0.0740
vn -0.4533 0.6750 0.5821
vn -0.6825 0.6911 0.2378
vn -0.9818 0.1635 -0.0963
vn -0.7952 0.4554 0.4003
vn -0.6614 -0.1697 -0.7306
vn -0.7747 -0.4411 -0.4530
vn -0.9904 -0.0916 -0.1032
vn -0.0737 -0.1418 -0.9871
vn -0.0293 0.7788 0.6266
vn 0.0773 -0.6609 0.7465
vn -0.9958 0.0851 -0.0347
vn 0.0801 0.7559 0.6497
vn 0.0091 0.4998 -0.8661
vn -0.5319 -0.5948 -0.6027
vn -0.8910 -0.3063 0.3351
vn -0.4227 -0.3376 -0.8410
vn -0.6626 -0.4275 -0.6149
vn -0.7526 -0.1025 -0.6504
vn -0.9137 0.1621 -0.3727
vn -0.9464 0.1643 0.2781
vn -0.9948 -0.0692 0.0744
vn -0.4478 0.4558 0.7692
vn -0.3241 -0.7259 -0.6066
vn -0.9974 -0.0094 -0.0711
vn -0.8581 0.2205 -0.4637
vn -0.9117 -0.1705 -0.3738
vn -0.9225 -0.3856 -0.0185
vn -0.8942 0.4477 -0.0077
vn 0.7231 0.6716 0.1618
vn -0.8770 0.3398 0.3398
vn -0.6473 -0.3728 -0.6649
vn -0.5226 -0.3199 0.7903
vn -0.0090 -0.7828 -0.6222
vn -0.9670 -0.2431 -0.0762
vn -0.6562 0.4040 -0.6373
vn 0.5631 -0.6386 -0.5245
vn -0.9722 -0.1936 -0.1315
vn -0.5105 0.7629 0.3967
vn -0.4428 0.8096 0.3853
vn 0.0224 0.8418 -0.5393
vn 0.7494 0.0508 -0.6602
vn 0.2804 -0.1314 -0.9508
vn -0.1555 -0.9857 0.0646
vn 0.8752 0.4827 -0.0314
vn -0.9075 -0.3998 -0.1286
vn -0.1054 0.9170 0.3848
vn -0.9069 0.0703 -0.4153
vn -0.9990 -0.0063 -0.0435
vn -0.4806 -0.3068 -0.8216
vn -0.2824 0.9514 0.1231
vn 0.4148 0.5205 -0.7463
vn -0.0878 0.5751 0.8134
vn -0.9943 0.0069 0.1062
vn 0.6739 0.0437 0.7375
vn 0.4176 -0.3893 0.8210
vn -0.9881 0.0519 0.1450
vn -0.9982 0.0262 -0.0544
vn -0.0097 -0.9165 -0.4000
vn -0.5942 0.6896 0.4140
vn 0.6311 -0.7630 0.1396
vn -0.9123 -0.3457 -0.2194
vn -0.3934 0.4510 0.8011
vn -0.9778 -0.1783 -0.1105
vn -0.0728 -0.3127 -0.9471
vn -0.9663 -0.0346 -0.2551
vn -0.2927 0.9170 0.2709
vn 0.6994 -0.5877 0.4068
vn 0.6822 0.6382 -0.3568
vn 0.0901 -0.6876 0.7205
vn 0.3933 -0.9188 -0.0320
vn -0.3065 0.1108 -0.9454
vn -0.4960 0.3360 0.8007
vn -0.6331 -0.1346 -0.7623
vn -0.9097 -0.0585 -0.4111
vn -0.1854 -0.1925 -0.9636
vn -0.9264 0.2715 -0.2609
vn -0.4101 0.9099 -0.0625
vn -0.0736 0.8361 0.5436
vn 0.2466 0.9502 0.1907
vn 0.1562 -0.8556 0.4935
vn 0.1735 -0.7798 -0.6015
vn -0.9830 -0.0470 -0.1777
vn -0.9686 -0.1379 0.2068
vn 0.6587 -0.7023 0.2700
vn -0.9731 0.1821 0.1413
vn 0.0165 -0.9680 0.2504
vn 0.5838 -0.7411 0.3315
vn 0.4446 -0.7301 0.5188
vn 0.1933 0.5495 -0.8128
vn -0.8603 -0.1158 0.4965
vn -0.9662 -0.1121 -0.2323
vn 0.9272 0.3625 -0.0947
vn -0.5488 0.8249 0.1357
vn -0.7432 0.6691 -0.0067
vn -0.1791 -0.6885 -0.7028
vn -0.1414 -0.8747 -0.4636
vn -0.2456 0.5146 0.8215
vn 0.4580 0.8759 -0.1521
vn 0.0271 0.9176 0.3966
vn 0.0315 0.8525 -0.5218
vn -0.5296 -0.6595 0.5334
vn -0.8940 -0.3421 -0.2893
vn -0.0728 0.9967 -0.0351
vn -0.2548 0.9513 0.1736
vn 0.5376 0.5529 -0.6366
vn 0.4516 -0.6826 -0.5746
vn -0.0234 -0.3660 -0.9303
vn 0.6439 -0.7649 0.0164
vn 0.3927 -0.2474 0.8858
vn 0.6031 -0.7916 0.0982
vn -0.2300 0.8632 -0.4495
vn -0.9816 -0.1269 -0.1424
vn -0.8491 0.3542 0.3920
vn -0.0196 -0.9462 -0.3230
vn 0.5707 -0.7485 0.3377
vn -0.0262 -0.3052 -0.9519
vn -0.9909 -0.1331 0.0189
vn 0.1400 -0.6002 -0.7875
vn -0.3683 0.8929 0.2591
vn -0.3739 -0.0001 0.9275
vn -0.3043 0.2728 0.9127
vn 0.5884 -0.0873 0.8038
vn -0.2653 0.6914 0.6720
vn 0.4613 -0.5205 0.7185
vn 0.3861 -0.8727 0.2988
vn 0.1276 -0.7058 0.6968
vn -0.1206 -0.8152 0.5665
vn -0.5883 0.4474 0.6735
vn -0.2837 0.0540 -0.9574
vn -0.3807 0.5229 0.7627
vn -0.6631 -0.1708 0.7287
vn -0.5903 0.8024 0.0879
vn 0.1906 -0.9401 0.2827
vn 0.8757 0.4813 -0.0381
vn 0.6550 -0.7254 -0.2118
vn -0.5022 0.0286 -0.8643
vn -0.3425 -0.3673 0.8647
vn 0.0245 0.8356 0.5488
vn -0.3018 -0.8608 0.4099
vn -0.9921 0.0335 -0.1205
vn 0.9110 0.0969 -0.4009
vn -0.1962 0.2929 -0.9358
vn 0.3148 -0.7859 0.5323
vn 0.0182 -0.5473 -0.8367
vn -0.1667 -0.1780 -0.9698
vn -0.8384 0.5439 0.0344
vn 0.3613 -0.1254 -0.9240
vn -0.3503 -0.9114 -0.2161
vn 0.0787 0.0756 -0.9940
vn -0.9186 0.0440 -0.3927
vn -0.4154 0.3114 -0.8547
vn -0.4297 -0.8115 -0.3960
vn -0.9873 0.0817 0.1363
vn -0.0294 -0.9198 -0.3913
vn 0.0852 0.1362 0.9870
vn 0.6543 0.2183 -0.7241
vn -0.4235 0.4220 -0.8016
vn 0.3013 0.8569 0.4182
vn -0.0286 0.8567 0.5151
vn 0.3560 0.8519 0.3841
vn -0.9888 0.0600 -0.1363
vn 0.9340 0.3152 -0.1682
vn -0.0405 0.8441 -0.5347
vn -0.0111 -0.9846 -0.1743
vn -0.9390 0.1966 0.2823
vn 0.7783 -0.5994 0.1868
vn -0.0673 -0.1364 -0.9884
vn -0.1088 0.0827 -0.9906
vn -0.8565 -0.2828 0.4318
vn 0.0080 -0.9324 0.3613
vn -0.7273 -0.3008 -0.6169
vn -0.0450 0.9120 -0.4078
vn -0.9715 0.1959 -0.1332
vn 0.3836 0.2706 0.8830
vn -0.3499 0.9174 0.1895
vn -0.6745 0.6033 0.4255
vn -0.9858 0.1675 -0.0129
vn -0.8911 0.2106 -0.4019
vn -0.9988 0.0268 -0.0404
vn -0.3965 -0.3507 -0.8484
vn 0.0406 -0.9237 0.3811
vn 0.1980 0.0103 -0.9801
vn 0.0335 -0.8581 -0.5125
vn 0.8178 -0.4246 -0.3884
vn -0.9044 0.4216 0.0658
vn -0.0209 0.0572 -0.9981
vn 0.2224 0.8320 -0.5083
vn 0.9576 -0.2572 -0.1295
vn -0.2708 0.2324 0.9342
vn 0.2533 -0.3350 0.9075
vn 0.4844 -0.1726 0.8576
vn -0.5386 0.2504 0.8044
vn -0.0265 0.9591 0.2817
vn -0.9602 -0.2739 -0.0550
vn -0.8668 0.4978 0.0288
vn -0.7840 -0.6168 -0.0694
vn -0.0391 0.9150 0.4015
vn -0.1231 -0.9862 0.1110
vn -0.7319 0.4473 0.5140
vn 0.9798 -0.0863 -0.1802
vn -0.1513 0.8511 0.5027
vn -0.3165 0.5040 -0.8036
vn -0.8414 0.1227 -0.5263
vn -0.0809 0.7448 0.6624
vn -0.0857 0.2717 -0.9585
vn 0.2336 0.9615 0.1448
vn -0.7494 -0.6587 -0.0668
vn -0.9118 -0.3468 -0.2198
vn -0.7117 0.6645 -0.2278
vn -0.2822 0.5767 0.7667
vn -0.6075 0.7629 0.2214
vn 0.3526 0.7997 0.4859
vn 0.4924 0.8245 0.2788
vn 0.2939 0.9411 -0.1672
vn -0.9627 -0.1723 0.2084
vn 0.5063 -0.8406 -0.1927
vn 0.2947 -0.5880 0.7532
vn -0.6509 -0.7311 0.2045
vn -0.7900 -0.4115 0.4544
vn -0.9830 -0.0937 0.1578
vn -0.9782 0.1469 -0.1468
vn -0.8466 0.0142 0.5321
vn -0.0896 0.0074 0.9959
vn -0.7767 -0.5512 0.3048
vn -0.9776 -0.2102 -0.0067
vn -0.9967 0.0183 -0.0792
vn -0.8389 0.3899 -0.3798
vn -0.1711 -0.8755 -0.4520
vn -0.8651 -0.1363 -0.4827
vn -0.7886 0.3081 -0.5322
vn -0.6099 -0.3938 -0.6877
vn 0.9407 -0.3372 0.0357
vn 0.4809 -0.7463 -0.4601
vn -0.9188 -0.1160 -0.3774
vn -0.9726 0.0150 0.2320
vn -0.9967 -0.0006 -0.0808
vn -0.3164 -0.8733 -0.3704
vn -0.9981 0.0542 -0.0299
vn -0.1078 -0.4730 -0.8744
vn -0.2321 0.9522 -0.1985
vn -0.0909 0.5621 0.8221
vn 0.1050 0.8255 0.5546
vn -0.9220 -0.3659 -0.1269
vn -0.9696 0.1312 -0.2064
vn -0.9912 0.1307 0.0218
vn 0.4417 -0.3931 -0.8065
vn -0.6833 0.1248 -0.7194
vn 0.4239 -0.8414 0.3351
vn -0.9586 0.2348 0.1610
vn -0.0853 0.7961 0.5992
vn -0.3963 0.0574 -0.9163
vn -0.3242 0.1432 -0.9351
vn -0.7643 0.2132 0.6086
vn -0.6234 0.3236 -0.7118
vn -0.8600 -0.1012 -0.5002
vn 0.5582 -0.5407 0.6294
vn -0.7613 -0.2152 -0.6116
vn 0.3954 -0.9180 0.0319
vn 0.5375 0.1601 0.8279
vn 0.0257 0.8742 0.4849
vn -0.5631 0.6507 -0.5094
vn -0.4913 -0.3535 -0.7960
vn -0.9375 0.2539 0.2382
vn -0.4469 0.8161 0.3664
vn -0.1667 -0.1540 -0.9739
vn -0.2972 -0.7813 -0.5488
vn 0.1493 0.4882 -0.8599
vn 0.0152 -0.9883 0.1516
vn -0.9269 0.1380 -0.3489
vn 0.0399 0.9234 0.3817
vn -0.9251 0.1767 0.3360
vn 0.1244 -0.0046 -0.9922
vn -0.0617 0.6193 0.7827
vn -0.5935 0.3535 0.7231
vn 0.3089 -0.6456 0.6985
vn 0.2603 0.6240 0.7368
vn 0.5377 0.7948 -0.2813
vn -0.3733 -0.7668 -0.5222
vn 0.1574 0.9484 0.2753
vn -0.4363 -0.2147 -0.8738
vn 0.1007 -0.9171 0.3858
vn 0.6339 0.1842 0.7511
vn 0.0030 0.8594 -0.5112
vn -0.9317 -0.2932 -0.2146
vn 0.2422 -0.9652 0.0992
vn -0.6972 0.5544 -0.4545
vn -0.9653 0.2141 0.1494
vn 0.2078 0.8713 0.4446
vn 0.4089 -0.7356 -0.5401
vn 0.0996 -0.9507 0.2936
vn 0.6092 0.6336 0.4770
vn 0.2432 0.5969 0.7646
vn -0.9732 0.2274 -0.0332
vn 0.7545 0.6225 -0.2079
vn -0.4141 -0.8826 0.2223
vn -0.9806 -0.1416 -0.1358
vn 0.8480 0.5088 0.1487
vn -0.3043 -0.4247 -0.8527
vn -0.8918 -0.4218 -0.1635
vn 0.0183 -0.9796 0.2000
vn 0.7465 0.6654 -0.0053
vn 0.1225 0.7274 -0.6752
vn 0.2560 -0.9114 0.3222
vn 0.6196 0.7019 -0.3514
vn -0.3679 -0.7667 0.5262
vn -0.0445 0.7879 -0.6142
vn 0.3688 -0.7815 0.5032
vn 0.4137 -0.8113 -0.4130
vn 0.3187 -0.5876 -0.7438
vn 0.4103 0.4668 0.7834
vn -0.1181 0.1519 -0.9813
vn 0.5800 0.8144 -0.0199
vn 0.3392 0.0713 -0.9380
vn 0.0526 -0.2209 -0.9739
vn -0.9219 -0.2236 -0.3164
vn 0.8636 0.3456 -0.3672
vn -0.6475 0.6857 -0.3326
vn 0.5395 -0.8290 0.1474
vn 0.8326 0.5477 0.0829
vn -0.9643 -0.2644 -0.0155
vn 0.4366 -0.7064 0.5571
vn -0.4963 -0.1831 -0.8486
vn -0.1977 -0.9754 -0.0974
vn 0.0315 -0.9600 -0.2781
vn -0.8373 0.1313 -0.5307
vn 0.6529 -0.7338 -0.1877
vn 0.4330 0.8709 -0.2325
vn 0.1919 0.4031 -0.8948
vn 0.7698 0.0229 0.6378
vn 0.7347 0.6685 -0.1153
vn 0.5565 0.8017 -0.2179
vn 0.8063 0.1842 -0.5621
vn 0.0603 -0.7155 -0.6960
vn -0.0039 -0.4500 -0.8930
vn 0.2672 0.4974 0.8253
vn -0.9391 -0.3298 -0.0968
vn -0.1282 0.3416 0.9311
vn 0.0521 -0.5264 -0.8486
vn -0.1723 -0.0242 -0.9847
vn 0.4424 0.7006 -0.5599
vn 0.3066 -0.9266 -0.2175
vn -0.8596 -0.4619 0.2186
vn 0.6905 0.4345 0.5783
vn 0.4999 -0.8624 -0.0799
vn -0.4969 0.7121 -0.4960
vn 0.9961 0.0819 0.0331
vn -0.3965 0.4116 0.8206
vn 0.1142 -0.0295 0.9930
vn 0.3968 0.7053 -0.5875
vn 0.5121 0.5853 0.6286
vn -0.5398 -0.0032 0.8418
vn 0.6013 -0.6619 -0.4475
vn 0.8287 -0.4777 0.2916
vn -0.7786 0.2191 0.5880
vn -0.3430 0.1494 -0.9274
vn 0.5658 0.7700 0.2950
vn 0.5700 -0.7845 -0.2444
vn 0.7914 0.5781 0.1986
vn -0.9817 0.1502 0.1170
vn -0.9859 0.1154 -0.1215
vn -0.9845 -0.1738 -0.0222
vn 0.0157 0.4581 -0.8887
vn 0.9430 -0.2533 -0.2156
vn -0.0100 0.7015 0.7126
vn 0.5746 0.5802 -0.5772
vn -0.0377 0.8472 0.5300
vn -0.9731 0.2301 0.0116
vn -0.2657 -0.6038 -0.7515
vn -0.9997 -0.0082 0.0244
vn -0.1373 -0.1240 -0.9827
vn 0.0030 0.2785 0.9604
vn -0.1144 0.0504 -0.9922
vn 0.8376 -0.4483 -0.3121
vn -0.9796 0.1206 0.1606
vn 0.4646 -0.8228 -0.3274
vn -0.2803 -0.8215 -0.4966
vn 0.3433 0.9358 0.0804
vn 0.3009 -0.7447 0.5958
vn -0.6941 -0.0057 -0.7198
vn 0.4988 -0.1289 -0.8571
vn -0.3694 0.7311 -0.5735
vn 0.5410 -0.6883 0.4833
vn -0.3846 -0.8502 -0.3596
vn 0.1253 -0.9890 0.0789
vn -0.2816 -0.9438 -0.1731
vn 0.3724 0.1170 0.9207
vn 0.0878 -0.9459 -0.3124
vn 0.4353 -0.4978 0.7501
vn -0.4351 0.0689 -0.8977
vn -0.3282 -0.8475 -0.4172
vn 0.0513 0.7655 0.6414
vn 0.2425 0.0504 0.9688
vn 0.6449 -0.7580 -0.0980
vn -0.9679 -0.0017 -0.2513
vn -0.0351 0.5061 -0.8617
vn 0.7343 0.6681 0.1206
vn -0.3051 0.1266 -0.9439
vn -0.6608 -0.6412 -0.3901
vn -0.8060 -0.2387 0.5416
vn 0.7801 -0.2626 0.5679
vn -0.1568 0.5029 -0.8500
vn -0.1383 0.5227 -0.8412
vn -0.9827 0.0396 -0.1811
vn 0.1625 0.9325 -0.3226
vn -0.3423 0.4887 0.8025
vn 0.1695 0.7740 0.6101
vn 0.3155 0.5732 -0.7562
vn -0.2837 -0.0483 -0.9577
vn 0.3745 0.8988 0.2279
vn -0.1783 0.9811 -0.0759
vn 0.3603 0.7070 0.6086
vn 0.8845 -0.1548 -0.4402
vn 0.0103 -0.9961 0.0873
vn 0.1033 0.9635 -0.2469
vn 0.1965 0.4099 0.8907
vn 0.2095 -0.9385 0.2745
vn -0.8763 -0.3156 -0.3639
vn 0.2767 0.9553 -0.1038
vn -0.1217 -0.9893 -0.0807
vn -0.9914 0.1277 0.0275
vn -0.6314 0.6869 0.3599
vn -0.9560 -0.2479 -0.1568
vn -0.1982 0.9407 0.2753
vn -0.0383 -0.3393 -0.9399
vn -0.9942 0.0048 -0.1071
vn 0.1021 -0.5603 -0.8220
vn -0.5941 0.4885 -0.6390
vn -0.8378 -0.2310 -0.4947
vn -0.7057 0.5958 0.3834
vn -0.7583 -0.4741 0.4475
vn -0.0823 -0.2352 -0.9685
vn 0.7978 0.1893 0.5724
vn 0.4058 0.1379 -0.9035
vn 0.1779 0.1670 -0.9698
vn -0.6160 0.2961 0.7300
vn 0.9992 -0.0396 -0.0012
vn -0.9832 -0.1518 -0.1010
vn -0.2513 -0.9496 -0.1874
vn 0.9877 -0.0936 0.1254
vn 0.7900 -0.0081 -0.6131
vn 0.0800 0.4952 0.8651
vn 0.4652 0.7192 -0.5161
vn 0.1390 -0.8666 -0.4793
vn -0.8288 0.5594 0.0090
vn -0.9863 0.0273 0.1624
vn -0.9473 0.2858 0.1449
vn -0.7487 -0.6581 -0.0797
vn 0.2132 -0.1072 -0.9711
vn -0.6001 0.0356 0.7991
vn 0.6932 0.6823 0.2324
vn 0.5531 0.7716 0.3141
vn 0.1928 0.9551 0.2250
vn 0.0609 0.0061 -0.9981
vn -0.2219 -0.9010 0.3727
vn 0.6298 0.7311 -0.2623
vn -0.9813 -0.0375 0.1889
vn 0.7291 -0.2669 -0.6302
vn -0.8458 0.4251 0.3223
vn 0.0435 -0.9446 0.3252
vn 0.0435 -0.9447 0.3252
vn 0.0435 -0.9447 0.3251
vn -0.8951 -0.3961 -0.2047
vn -0.1830 0.8479 -0.4975
vn -0.3617 0.9167 -0.1695
vn -0.9896 -0.1163 0.0852
vn 0.0123 0.4580 0.8889
vn -0.2817 0.5384 0.7942
vn 0.4447 -0.6070 0.6586
vn -0.3934 -0.8486 -0.3537
vn 0.7805 -0.3444 0.5218
vn 0.1871 0.7235 0.6645
vn 0.6728 0.7385 0.0445
vn 0.6057 0.7956 -0.0122
vn -0.8383 -0.5201 0.1637
vn -0.6385 0.4454 -0.6277
vn 0.5912 0.7231 0.3572
vn 0.6698 -0.6704 -0.3194
vn 0.0436 -0.9446 0.3254
vn 0.5572 -0.7918 -0.2501
vn 0.5445 -0.7766 0.3169
vn 0.6730 0.6110 0.4168
vn 0.6896 -0.6991 0.1890
vn 0.4368 0.5056 -0.7440
vn 0.7643 -0.1552 -0.6259
vn -0.2430 -0.7446 -0.6217
vn -0.0546 -0.8238 -0.5642
vn -0.0768 0.4914 -0.8676
vn 0.4901 0.8320 -0.2601
vn 0.4889 0.3993 -0.7756
vn -0.9568 0.2556 -0.1386
vn 0.5432 -0.6483 -0.5335
vn 0.2594 -0.5930 -0.7622
vn 0.0047 0.9885 -0.1513
vn 0.7802 0.5216 0.3452
vn 0.6174 -0.5613 -0.5511
vn 0.5521 0.0019 -0.8338
vn 0.5976 -0.6695 0.4412
vn -0.0071 0.9439 -0.3302
vn -0.2685 0.9245 -0.2705
vn 0.1761 -0.7376 -0.6519
vn -0.0671 0.9305 -0.3601
vn 0.6424 0.3645 0.6741
vn 0.6855 0.7215 0.0975
vn 0.6428 0.7556 0.1259
vn 0.8775 -0.3463 -0.3318
vn 0.0588 0.9912 -0.1185
vn -0.7611 -0.2605 0.5940
vn -0.2640 0.9549 -0.1356
vn -0.9292 -0.0664 -0.3636
vn 0.9587 -0.2835 0.0239
vn -0.2505 0.9635 -0.0945
vn -0.0514 -0.9972 0.0539
vn 0.8826 -0.0220 -0.4696
vn 0.3514 -0.5119 -0.7839
vn -0.9994 -0.0351 -0.0014
vn 0.2361 0.2270 -0.9449
vn 0.8222 0.5692 0.0010
vn 0.1588 0.8389 0.5207
vn 0.1913 0.6267 -0.7554
vn 0.3394 0.4975 -0.7983
vn 0.9536 -0.1274 0.2729
vn 0.6120 0.7471 -0.2596
vn 0.5030 -0.7669 -0.3985
vn 0.4523 -0.7412 -0.4961
vn 0.7087 -0.6761 0.2015
vn 0.7083 0.6761 0.2031
vn -0.3975 -0.3175 -0.8609
vn 0.5272 -0.8462 -0.0774
vn 0.6284 0.7441 -0.2267
vn 0.8110 -0.5041 -0.2969
vn -0.8857 0.4326 0.1687
vn 0.3596 0.8586 0.3653
vn -0.0389 0.9484 0.3146
vn -0.0104 -0.6456 0.7636
vn 0.5396 0.8155 -0.2095
vn 0.8286 -0.5590 0.0308
vn -0.6551 -0.2476 -0.7138
vn 0.0506 0.4696 0.8814
vn 0.6386 -0.4701 -0.6093
vn 0.5848 -0.5746 -0.5726
vn -0.8362 0.2090 -0.5070
vn 0.6158 0.6826 0.3935
vn 0.1126 0.9361 0.3333
vn -0.8757 0.4303 0.2189
vn 0.7860 0.5675 0.2453
vn -0.0770 -0.1706 -0.9823
vn 0.2628 -0.9640 0.0404
vn 0.4698 0.6950 0.5443
vn 0.3775 -0.7964 -0.4725
vn 0.5794 -0.8039 0.1343
vn 0.6421 -0.6315 -0.4346
vn 0.3973 0.6596 -0.6380
vn 0.0955 0.8515 -0.5156
vn -0.0493 0.9261 0.3740
vn 0.1549 0.9828 -0.1000
vn 0.9825 -0.0335 -0.1834
vn 0.5296 0.7018 0.4764
vn 0.5590 0.0249 -0.8288
vn 0.5417 0.8310 -0.1266
vn 0.9588 -0.2768 0.0638
vn 0.7707 -0.0083 0.6372
vn -0.9367 0.2916 -0.1935
vn 0.1170 -0.5976 -0.7932
vn -0.9567 -0.0389 -0.2884
vn 0.9266 -0.3493 0.1391
vn -0.1629 -0.9084 -0.3850
vn 0.3053 -0.2718 0.9126
vn -0.0077 -0.3452 -0.9385
vn 0.4308 0.7195 0.5447
vn -0.9431 0.2822 -0.1758
vn 0.3877 0.9141 -0.1183
vn 0.2458 0.9682 -0.0474
vn -0.0804 0.8345 -0.5451
vn 0.4860 -0.2696 0.8313
vn 0.5693 -0.8214 -0.0342
vn -0.7671 0.1971 -0.6104
vn 0.7870 -0.5564 -0.2665
vn -0.9085 -0.3262 -0.2611
vn -0.2746 -0.8403 -0.4674
vn -0.9957 0.0168 0.0906
vn -0.7068 0.4687 -0.5298
vn 0.4629 -0.5322 -0.7088
vn 0.4710 -0.0107 0.8821
vn 0.1903 0.9306 0.3128
vn 0.4842 -0.8221 -0.2994
vn -0.0235 -0.2908 0.9565
vn -0.9812 -0.0368 -0.1893
vn -0.1628 -0.9271 0.3375
vn -0.9731 -0.0584 -0.2227
vn 0.1335 0.9776 -0.1627
vn 0.2799 0.9471 0.1571
vn -0.3568 0.5394 -0.7627
vn 0.8771 0.4592 -0.1407
vn -0.2089 0.8072 0.5521
vn 0.0562 0.2078 -0.9766
vn 0.9108 -0.1015 0.4002
vn -0.0548 -0.9976 -0.0432
vn 0.1286 -0.1579 -0.9790
vn 0.2066 -0.9452 -0.2528
vn 0.1856 -0.5314 -0.8265
vn 0.8278 0.1902 0.5279
vn 0.8591 0.5083 0.0603
vn 0.7565 0.6450 0.1082
vn 0.3672 -0.7139 0.5962
vn -0.3460 -0.8502 -0.3968
vn -0.9880 -0.1516 -0.0308
vn 0.2081 0.8562 -0.4728
vn 0.3881 0.5679 0.7258
vn -0.9467 0.2692 0.1771
vn 0.8175 0.4482 0.3616
vn -0.6400 0.6668 0.3819
vn 0.7759 0.6309 0.0026
vn -0.3750 -0.8789 0.2949
vn 0.5009 -0.7650 0.4048
vn -0.1306 0.9565 -0.2609
vn -0.9526 0.2970 0.0653
vn -0.0906 0.9262 0.3660
vn -0.9625 0.0411 0.2681
vn 0.1363 -0.2173 -0.9666
vn -0.9624 0.1148 -0.2463
vn -0.1389 0.7383 0.6600
vn 0.1606 -0.3262 -0.9316
vn 0.4697 0.4735 0.7451
vn 0.2547 -0.9562 0.1440
vn 0.3446 -0.6518 -0.6756
vn -0.0184 0.6797 -0.7332
vn 0.9947 -0.1018 0.0158
vn -0.8523 -0.4030 0.3334
vn -0.1936 -0.8690 -0.4553
vn 0.2702 0.9077 0.3211
vn -0.3711 -0.0083 -0.9285
vn 0.1558 -0.3870 -0.9088
vn 0.3891 -0.7669 -0.5104
vn 0.6490 -0.0021 -0.7608
vn -0.2454 -0.0013 0.9694
vn -0.9416 0.2795 -0.1879
vn -0.2420 -0.7613 -0.6016
vn 0.8427 0.4864 -0.2308
vn 0.3656 0.8726 0.3238
vn -0.9097 0.2502 0.3315
vn -0.3873 0.8313 0.3986
vn 0.6310 0.6792 -0.3748
vn -0.2709 0.9062 -0.3247
vn -0.5889 -0.5903 -0.5521
vn 0.7144 -0.4002 0.5740
vn 0.7804 -0.2555 -0.5707
vn 0.2678 0.4566 -0.8484
vn -0.1764 0.9792 -0.1001
vn 0.9142 0.4017 0.0545
vn -0.9479 -0.1591 0.2759
vn 0.7053 0.6832 -0.1891
vn 0.2070 0.3331 -0.9199
vn -0.1310 0.0389 -0.9906
vn 0.9630 -0.0664 -0.2611
vn 0.9145 -0.4029 0.0372
vn -0.3354 -0.7685 -0.5449
vn -0.2509 -0.5158 -0.8191
vn 0.8149 -0.2534 0.5213
vn 0.8156 -0.4702 0.3371
vn 0.6506 -0.1962 -0.7336
vn -0.7163 0.4793 0.5072
vn 0.7244 0.6300 0.2799
vn 0.4803 -0.6491 -0.5899
vn -0.9005 0.3873 0.1979
vn -0.9716 0.1673 -0.1675
vn -0.8356 0.0998 -0.5402
vn 0.7267 -0.1054 -0.6789
vn -0.6545 -0.5975 -0.4633
vn -0.8823 -0.4013 -0.2460
vn -0.1530 -0.6629 0.7329
vn 0.3875 -0.9041 -0.1800
vn -0.5790 -0.4473 -0.6817
vn 0.6799 0.2338 0.6951
vn 0.9891 0.1469 -0.0027
vn 0.8103 -0.5494 -0.2037
vn 0.5771 0.8055 -0.1346
vn -0.5621 0.2785 -0.7788
vn -0.1195 -0.9573 0.2634
vn -0.4155 -0.7244 0.5501
vn -0.2506 0.3996 0.8818
vn 0.7870 0.6100 -0.0922
vn -0.5916 -0.8052 0.0412
vn -0.9304 -0.3032 -0.2059
vn 0.0657 -0.9912 -0.1152
vn 0.8380 -0.3265 -0.4372
vn -0.0341 0.9994 0.0013
vn 0.8381 -0.4267 -0.3400
vn 0.0517 -0.4322 -0.9003
vn 0.2454 -0.8403 -0.4834
vn -0.2168 -0.4954 -0.8411
vn -0.2918 -0.9313 0.2181
vn 0.7380 0.4752 0.4792
vn 0.8038 -0.0783 -0.5897
vn 0.1208 -0.4989 0.8582
vn 0.5960 0.4839 -0.6408
vn 0.8535 -0.2232 0.4709
vn 0.6421 0.7340 0.2211
vn 0.7157 0.6856 -0.1330
vn -0.0659 -0.6059 -0.7928
vn -0.1624 -0.8890 -0.4281
vn 0.4029 -0.8671 0.2928
vn 0.1048 0.9944 -0.0092
vn 0.0357 -0.9955 -0.0875
vn 0.5170 -0.7537 -0.4059
vn 0.2601 0.9511 0.1665
vn 0.6566 0.3775 -0.6530
vn 0.0754 0.5145 0.8541
vn 0.9109 0.4021 0.0925
vn 0.5916 0.5727 -0.5674
vn 0.0179 -0.6492 0.7604
vn 0.4676 0.2062 -0.8596
vn -0.0759 -0.8679 0.4909
vn 0.9897 0.1422 -0.0164
vn 0.2494 -0.4029 -0.8806
vn 0.2951 0.6822 0.6690
vn 0.9413 0.2574 -0.2183
vn -0.9638 -0.1403 0.2268
vn -0.3095 0.5126 0.8009
vn -0.8361 0.2858 0.4683
vn 0.5159 0.7461 0.4209
vn 0.7489 -0.5289 -0.3993
vn -0.0565 -0.8570 -0.5123
vn 0.8522 -0.1310 -0.5066
vn 0.1705 0.6349 -0.7535
vn 0.2566 0.7714 0.5823
vn 0.9795 -0.0733 -0.1877
vn 0.6048 0.6185 -0.5017
vn 0.3459 -0.9003 -0.2643
vn -0.1554 -0.8456 -0.5107
vn -0.3301 -0.8997 -0.2857
vn -0.8419 0.2680 -0.4683
vn 0.0425 -0.9362 -0.3490
vn 0.7655 0.5865 -0.2646
vn 0.6275 0.7137 0.3112
vn 0.9004 0.4074 0.1527
vn 0.6285 -0.2256 -0.7444
vn 0.1303 0.3868 -0.9129
vn 0.3797 0.6837 0.6232
vn 0.5379 0.8396 -0.0759
vn 0.5154 -0.2133 -0.8300
vn 0.5582 0.1324 0.8191
vn -0.0540 -0.4534 -0.8896
vn 0.2348 -0.7755 0.5860
vn 0.4385 0.6373 0.6337
vn 0.3083 -0.0717 0.9486
vn 0.7415 0.6131 0.2725
vn 0.5635 -0.4120 0.7160
vn 0.7327 0.5692 -0.3731
vn 0.6738 0.5850 0.4514
vn 0.6309 0.4425 -0.6373
vn 0.9656 0.2566 -0.0433
vn 0.9151 -0.2881 0.2820
vn 0.6149 -0.6303 0.4740
vn 0.9427 0.2802 0.1809
vn 0.1317 -0.0559 0.9897
vn 0.1152 0.5931 0.7968
vn 0.7615 -0.4711 0.4452
vn 0.0691 0.4789 0.8751
vn 0.6795 0.1715 0.7134
vn 0.9218 -0.2226 0.3174
vn 0.3407 -0.2923 -0.8936
vn 0.7758 0.5589 0.2929
vn 0.4204 0.8806 -0.2186
vn 0.7545 -0.1846 0.6298
vn 0.4809 0.4234 -0.7678
vn 0.7844 -0.6202 0.0071
vn 0.7305 -0.6825 0.0234
vn 0.8161 0.0383 0.5766
vn -0.0085 -0.4825 -0.8758
vn 0.9116 0.0501 0.4081
vn 0.6073 -0.0829 -0.7902
vn 0.2416 -0.8575 -0.4541
vn 0.7708 -0.6307 0.0898
vn 0.0935 0.9349 0.3425
vn 0.4943 0.0023 0.8693
vn 0.7841 -0.3476 0.5142
vn 0.9965 0.0793 0.0255
vn -0.0594 -0.9504 -0.3054
vn -0.1261 -0.9240 -0.3610
vn -0.9728 -0.1824 -0.1428
vn 0.0500 0.9843 0.1691
vn -0.7008 0.7038 0.1164
vn 0.1471 0.9882 -0.0418
vn 0.3435 -0.9390 0.0183
vn -0.0094 -0.4398 -0.8981
vn -0.0127 0.2971 0.9548
vn 0.7573 0.6066 -0.2419
vn 0.9771 -0.2120 0.0174
vn 0.9151 0.0990 -0.3910
vn 0.4959 0.6292 0.5985
vn -0.7437 0.6271 0.2315
vn 0.8011 -0.2116 -0.5599
vn 0.7609 0.6056 -0.2329
vn 0.1201 0.9869 0.1080
vn 0.6711 0.6605 -0.3367
vn -0.2718 -0.7112 -0.6483
vn 0.9234 0.1371 0.3584
vn 0.3214 0.6334 0.7040
vn -0.4636 0.8179 -0.3408
vn 0.0894 0.9258 0.3674
vn 0.2522 -0.1899 -0.9489
vn -0.2108 -0.8452 -0.4911
vn 0.4684 0.7126 -0.5223
vn 0.5343 0.7343 0.4187
vn 0.4584 0.3103 -0.8328
vn -0.7028 0.3549 -0.6166
vn 0.5456 0.5176 0.6590
vn 0.5797 -0.2469 0.7765
vn 0.0372 -0.6292 0.7764
vn -0.0081 -0.9962 0.0862
vn 0.7282 0.6416 -0.2411
vn 0.9855 -0.1456 0.0874
vn 0.2004 -0.9349 -0.2930
vn 0.4005 0.1196 0.9085
vn 0.1868 0.8354 0.5169
vn -0.1738 -0.8189 0.5470
vn 0.6977 -0.2258 -0.6799
vn 0.5668 0.7652 0.3054
vn 0.9584 -0.1710 -0.2287
vn 0.9969 -0.0521 0.0594
vn 0.9690 -0.1145 0.2191
vn 0.6446 -0.6633 0.3802
vn 0.1305 0.0472 -0.9903
vn 0.0666 0.1208 -0.9904
vn 0.5759 0.1892 -0.7953
vn 0.8528 0.5201 0.0474
vn 0.8821 0.4504 -0.1378
vn 0.3022 0.0263 -0.9529
vn 0.7558 -0.1409 -0.6395
vn 0.8023 0.5201 -0.2928
vn 0.9444 -0.1358 0.2995
vn 0.3621 -0.9138 -0.1838
vn -0.0458 0.8114 0.5828
vn 0.8270 0.4875 0.2800
vn 0.6193 -0.5680 0.5420
vn -0.1538 -0.9613 0.2286
vn -0.1377 0.2351 -0.9622
vn 0.8081 -0.5407 0.2336
vn 0.4944 -0.1995 -0.8460
vn 0.9894 -0.0527 -0.1355
vn 0.8659 0.2117 -0.4532
vn 0.5862 -0.5707 0.5750
vn 0.4818 0.1453 -0.8642
vn 0.9857 0.1024 0.1338
vn 0.6053 0.7838 -0.1389
vn 0.6232 0.6924 -0.3637
vn 0.1455 -0.5742 -0.8057
vn 0.6588 -0.1401 0.7391
vn 0.8519 -0.4640 0.2430
vn 0.7081 0.6451 -0.2873
vn 0.9484 -0.2233 -0.2252
vn 0.6641 -0.1788 0.7259
vn 0.5826 0.8107 -0.0577
vn 0.6530 0.4910 0.5767
vn 0.6463 -0.5872 -0.4873
vn 0.8244 0.4299 0.3683
vn 0.9551 -0.0433 -0.2931
vn 0.5844 0.6708 0.4566
vn -0.4157 0.6163 -0.6689
vn 0.2955 -0.2005 0.9341
vn -0.1400 0.3426 0.9290
vn 0.5947 0.2052 0.7773
vn 0.8356 -0.4834 -0.2611
vn 0.5402 -0.2003 -0.8173
vn 0.5131 0.8561 -0.0618
vn 0.7013 -0.3555 0.6179
vn 0.1934 0.9467 -0.2577
vn 0.4921 0.8699 0.0330
vn 0.3486 0.2997 -0.8881
vn 0.9015 -0.2293 0.3672
vn 0.1539 -0.9632 0.2205
vn -0.0430 -0.1632 -0.9857
vn 0.2687 0.9523 -0.1447
vn 0.7921 -0.5594 0.2443
vn 0.7125 -0.4018 0.5753
vn 0.7754 0.4914 -0.3965
vn 0.7745 -0.0642 -0.6294
vn 0.5351 0.0652 -0.8422
vn 0.3627 0.4419 0.8205
vn 0.5587 0.3121 0.7684
vn 0.6977 0.6953 0.1725
vn 0.7943 0.5336 0.2905
vn 0.3619 0.3678 -0.8566
vn -0.2807 0.4833 0.8292
vn -0.5595 -0.7807 -0.2783
vn 0.7353 0.4024 0.5454
vn 0.7260 0.5785 0.3720
vn -0.4807 -0.3625 -0.7984
vn 0.8629 0.3894 0.3222
vn 0.9249 0.2949 -0.2400
vn 0.7740 -0.2709 -0.5722
vn 0.8835 -0.2178 0.4147
vn -0.1269 0.3169 0.9399
vn 0.2354 -0.0717 -0.9693
vn 0.9864 0.0998 -0.1304
vn 0.7743 -0.0358 -0.6318
vn 0.8494 0.4198 -0.3198
vn -0.3643 0.9306 0.0360
vn -0.0821 -0.2209 -0.9718
vn -0.5239 0.6407 -0.5613
vn 0.6362 -0.3085 -0.7071
vn 0.5043 0.5798 -0.6400
vn 0.5460 0.7826 -0.2991
vn 0.2478 -0.5653 -0.7868
vn 0.9112 -0.3965 -0.1121
vn 0.9703 -0.1904 -0.1491
vn 0.5649 0.8100 -0.1571
vn 0.6286 0.4640 -0.6242
vn 0.4006 0.8464 -0.3509
vn 0.7055 0.5294 0.4712
vn 0.9321 -0.2631 -0.2489
vn 0.6818 -0.5536 -0.4782
vn 0.7754 -0.3752 0.5079
vn 0.6226 -0.7096 0.3299
vn 0.4317 0.8229 -0.3693
vn 0.5762 0.8065 -0.1326
vn 0.4010 0.6997 -0.5913
vn 0.7230 0.6905 0.0210
vn 0.4170 0.8184 -0.3954
vn 0.9755 0.1925 -0.1066
vn -0.6247 -0.5930 -0.5081
vn -0.6800 0.5952 -0.4282
vn 0.7991 -0.5317 -0.2806
vn 0.9002 -0.1226 0.4180
vn -0.1740 -0.8466 -0.5030
vn 0.5479 -0.4260 -0.7200
vn 0.4443 -0.7968 0.4094
vn 0.8936 -0.3141 0.3205
vn 0.9077 -0.4196 0.0057
vn 0.0297 -0.0846 -0.9960
vn 0.7186 -0.6908 -0.0801
vn 0.5747 -0.3291 -0.7493
vn 0.7803 0.6091 0.1416
vn 0.5511 -0.7811 -0.2935
vn 0.8052 0.3331 0.4906
vn 0.6018 0.7841 0.1517
vn -0.3643 -0.8761 -0.3158
vn 0.8002 -0.3499 0.4871
vn 0.8179 0.4226 0.3905
vn 0.9020 0.1932 -0.3861
vn 0.7332 -0.4139 -0.5396
vn -0.5073 -0.5324 -0.6777
vn -0.2203 -0.9194 -0.3257
vn 0.6816 0.5787 0.4478
vn 0.6549 -0.7310 -0.1917
vn 0.8621 0.4450 -0.2424
vn 0.8308 -0.5121 0.2179
vn -0.1577 0.9869 0.0337
vn 0.6222 -0.6033 0.4989
vn 0.7961 0.3675 0.4808
vn 0.9857 0.1273 0.1103
vn 0.4368 0.8233 0.3625
vn 0.9534 -0.3002 0.0303
vn 0.9675 0.2490 -0.0441
vn 0.1893 0.3402 -0.9211
vn 0.5628 -0.7323 0.3834
vn 0.9787 -0.0664 0.1944
vn 0.9633 -0.2337 -0.1322
vn -0.0453 -0.9266 -0.3732
vn 0.9580 -0.2519 0.1371
vn 0.7931 -0.4103 0.4502
vn 0.9399 -0.1627 -0.3002
vn 0.8095 -0.2453 -0.5334
vn 0.9133 -0.2033 -0.3529
vn 0.8378 -0.4248 0.3430
vn 0.7771 0.5767 0.2521
vn 0.8140 0.3795 -0.4398
vn 0.6147 0.3467 -0.7085
vn 0.9056 -0.3689 -0.2093
vn 0.9225 -0.0638 -0.3807
vn -0.1673 0.4889 0.8561
vn 0.7827 0.5420 0.3060
vn 0.6671 0.6529 -0.3588
vn 0.3101 0.7573 -0.5747
vn 0.6116 0.4171 0.6724
vn 0.6970 -0.1278 -0.7056
vn 0.6342 -0.6048 -0.4817
vn 0.8825 0.4091 -0.2321
vn 0.7534 0.6571 -0.0258
vn 0.7893 0.1975 0.5813
vn 0.0968 0.4050 0.9092
vn 0.8149 0.3906 0.4282
vn 0.1345 0.9837 -0.1190
vn -0.0227 -0.8329 -0.5529
vn 0.6172 0.5432 0.5692
vn -0.8458 -0.5244 0.0977
vn 0.8960 -0.2493 0.3676
vn 0.9348 -0.0229 -0.3544
vn 0.9688 -0.2304 -0.0910
vn 0.3858 0.6746 -0.6293
vn 0.7121 -0.4889 0.5039
vn -0.1136 -0.6649 0.7383
vn 0.5132 -0.6270 0.5861
vn 0.9494 0.3086 0.0588
vn 0.8145 0.5520 -0.1788
vn -0.8594 0.2834 -0.4255
vn 0.9093 0.1723 0.3787
vn 0.8567 -0.2391 0.4571
vn 0.9219 0.3617 -0.1387
vn 0.9638 0.2384 -0.1198
vn 0.9398 0.1879 -0.2855
vn 0.9316 -0.3176 0.1768
vn 0.8012 0.5509 -0.2337
vn 0.9127 0.1739 -0.3699
vn 0.9034 0.0483 -0.4260
vn -0.7511 -0.5012 0.4297
vn -0.8526 0.5182 0.0673
vn 0.5458 -0.7237 0.4223
vn -0.7931 0.6064 0.0581
vn -0.7972 -0.1987 -0.5701
vn 0.8668 -0.3371 -0.3674
vn 0.8076 0.5625 0.1772
vn 0.6145 0.7050 -0.3541
vn 0.8027 0.5671 0.1846
vn 0.9448 -0.3262 0.0305
vn -0.4315 -0.6417 0.6341
vn 0.3661 0.5483 -0.7519
vn -0.2234 -0.9313 0.2878
vn 0.6735 0.7183 0.1743
vn 0.8497 0.5065 -0.1467
vn -0.3295 -0.8046 0.4941
vn -0.3083 -0.9482 0.0766
vn 0.8415 -0.0593 0.5369
vn 0.8682 0.4810 -0.1222
vn 0.9913 -0.0622 -0.1161
vn 0.9707 0.1927 -0.1434
vn 0.9946 0.0416 -0.0951
vn 0.9717 0.1630 -0.1709
vn 0.5566 0.5654 0.6087
vn 0.6133 -0.6418 -0.4604
vn 0.4113 0.9046 -0.1114
vn 0.8776 0.4691 -0.0992
vn 0.9803 0.1441 0.1351
vn 0.9466 0.1645 -0.2774
vn 0.7194 -0.6922 0.0568
vn 0.9479 -0.2667 0.1741
vn 0.9979 -0.0655 -0.0023
vn 0.9810 0.1374 -0.1372
vn 0.7853 -0.6018 -0.1454
vn 0.7123 0.3399 0.6141
vn 0.6953 -0.2497 -0.6740
vn 0.5856 -0.6647 -0.4639
vn 0.8490 -0.4760 0.2295
vn 0.9023 0.3052 0.3046
vn 0.4384 -0.7948 -0.4197
vn 0.9810 -0.1787 0.0761
vn 0.5608 0.1402 -0.8160
vn 0.7482 0.5080 0.4268
vn 0.9309 0.0865 0.3548
vn 0.7946 -0.4649 -0.3906
vn 0.0666 -0.4048 0.9120
vn 0.8922 -0.4482 -0.0559
vn 0.9898 0.1159 -0.0825
vn 0.9317 0.2457 -0.2675
vn 0.9945 -0.0572 0.0875
vn 0.7510 0.4766 -0.4570
vn 0.9335 -0.3102 0.1799
vn 0.9640 0.1143 0.2400
vn 0.7945 -0.5404 -0.2772
vn 0.5281 -0.5718 -0.6278
vn 0.9727 -0.2145 -0.0883
vn 0.2917 -0.8959 -0.3351
vn 0.9405 0.0026 -0.3398
vn 0.8147 -0.5095 -0.2771
vn 0.7677 -0.5148 0.3817
vn 0.9439 0.3240 0.0645
vn 0.7539 -0.0590 -0.6543
vn 0.7571 -0.5276 0.3853
vn 0.9512 -0.2522 -0.1776
vn 0.9451 0.2811 0.1668
vn 0.9834 -0.1255 -0.1312
vn 0.5567 -0.7848 0.2723
vn 0.8572 0.5033 -0.1090
vn 0.2567 -0.3833 -0.8872
vn 0.9414 0.3271 0.0820
vn 0.4632 -0.3622 -0.8088
vn 0.9908 -0.0787 -0.1101
vn 0.6641 -0.5046 0.5517
vn 0.7079 -0.6026 0.3684
vn 0.9811 -0.1808 0.0682
vn 0.9782 -0.0474 0.2023
vn 0.2530 -0.9660 0.0525
vn 0.7135 -0.5968 -0.3671
vn 0.9854 -0.1307 0.1088
vn 0.9393 0.2132 -0.2689
vn 0.9608 -0.2508 0.1178
vn 0.0164 -0.8698 0.4932
vn 0.9837 0.0626 -0.1686
vn -0.3593 -0.2229 -0.9062
vn 0.9255 0.0370 -0.3769
vn 0.7091 0.5719 0.4124
vn -0.9294 -0.3657 0.0497
vn 0.9991 -0.0394 -0.0139
vn 0.9197 0.3798 -0.0998
vn 0.8860 0.4636 -0.0102
vn 0.9134 -0.2407 -0.3281
vn 0.8808 0.4679 0.0724
vn 0.0022 -0.7612 0.6485
vn 0.8733 0.4483 -0.1907
vn 0.9458 -0.1243 -0.3001
vn 0.5304 -0.8386 0.1243
vn 0.8294 -0.0821 0.5525
vn 0.9705 0.2412 -0.0009
vn -0.1167 -0.5510 0.8263
vn 0.9917 0.0865 0.0948
vn 0.9298 0.3665 0.0340
vn 0.8883 -0.4593 -0.0049
vn 0.2365 -0.7188 0.6537
vn 0.9561 -0.2491 -0.1545
vn 0.9263 -0.3165 -0.2046
vn 0.9341 0.1129 -0.3388
vn 0.9279 0.3041 0.2158
vn 0.3546 0.7013 0.6184
vn 0.9906 0.0123 -0.1363
vn 0.9626 -0.2484 0.1082
vn 0.1943 -0.4475 0.8729
vn 0.6754 -0.3377 0.6556
vn 0.8562 -0.5130 0.0612
vn 0.9997 -0.0162 -0.0161
vn 0.9629 -0.2560 -0.0855
vn 0.3558 0.4131 -0.8383
vn -0.2876 0.0032 0.9577
vn 0.9550 0.2958 -0.0202
vn 0.5748 -0.0941 0.8129
vn 0.9845 -0.1678 -0.0519
vn 0.8668 0.4409 0.2329
vn 0.7281 0.6755 0.1169
vn 0.6584 -0.6428 -0.3915
vn 0.9918 0.1078 -0.0691
vn 0.9858 0.1659 0.0260
vn 0.9803 -0.1941 -0.0369
vn 0.5582 0.7042 0.4387
vn 0.7779 -0.3023 -0.5509
vn 0.9544 0.2983 -0.0137
vn 0.9576 0.1062 -0.2679
vn 0.7700 -0.4416 0.4605
vn -0.4457 0.8801 0.1639
vn 0.9310 -0.1515 -0.3321
vn 0.9722 -0.1989 0.1235
vn 0.8834 0.4473 0.1396
vn 0.8324 -0.5539 0.0161
vn -0.1248 -0.5809 -0.8043
vn 0.8327 -0.3766 -0.4059
vn 0.8743 0.0113 0.4852
vn 0.9006 -0.4299 0.0639
vn 0.7010 0.6590 0.2727
vn 0.9300 -0.3545 0.0972
vn 0.9021 -0.2896 0.3199
vn 0.9294 -0.3574 0.0919
vn 0.8838 -0.3403 -0.3212
vn 0.9717 -0.2299 -0.0542
vn 0.9765 0.0353 -0.2128
vn 0.8909 0.4525 0.0387
vn 0.9704 0.2252 -0.0873
vn 0.6775 0.7032 -0.2158
vn 0.4354 0.8597 0.2669
vn 0.9575 -0.2864 -0.0333
vn 0.8539 0.4291 -0.2946
vn 0.9228 -0.3213 0.2128
vn 0.5745 0.6351 0.5163
vn -0.5920 -0.2594 -0.7631
vn 0.9827 0.0921 -0.1605
vn 0.7954 -0.0139 -0.6059
vn 0.0935 -0.3558 0.9299
vn 0.0823 0.2078 0.9747
vn 0.7815 -0.1425 -0.6074
vn 0.9468 -0.0863 -0.3100
vn 0.6497 -0.0299 -0.7596
vn 0.9927 0.0904 -0.0794
vn -0.2822 0.9165 -0.2836
vn 0.9232 -0.3784 -0.0676
vn 0.0882 0.4951 0.8644
vn 0.9160 -0.1912 -0.3526
vn 0.9593 -0.2805 -0.0311
vn 0.8616 0.1827 0.4736
vn 0.6560 0.7072 0.2638
vn 0.8098 0.1798 -0.5585
vn 0.8250 -0.4006 -0.3986
vn 0.9998 -0.0077 -0.0181
vn 0.6040 -0.0077 -0.7969
vn 0.9329 0.3207 -0.1639
vn 0.9790 0.0853 0.1849
vn 0.9833 0.1078 0.1465
vn 0.9766 0.0181 0.2143
vn 0.9975 0.0266 0.0650
vn 0.8855 0.4637 0.0310
vn 0.9991 -0.0130 0.0393
vn 0.8868 -0.1666 -0.4311
vn 0.9982 -0.0377 -0.0458
vn 0.8405 0.1853 -0.5091
vn -0.8021 -0.5391 -0.2569
vn 0.9835 0.1248 -0.1306
vn 0.0674 0.4030 0.9127
vn 0.9989 -0.0462 -0.0035
vn 0.9605 0.2175 -0.1737
vn 0.7059 0.4539 0.5438
vn 0.8452 0.5226 0.1114
vn 0.2588 0.9416 -0.2155
vn 0.9911 0.1322 -0.0146
vn 0.8834 0.4686 -0.0049
vn 0.7184 -0.6918 0.0735
vn 0.7979 -0.4689 -0.3788
vn -0.3256 -0.1124 -0.9388
vn 0.9812 0.1811 -0.0666
vn 0.6894 -0.5991 -0.4072
vn 0.7638 -0.5511 -0.3359
vn 0.6874 -0.7121 -0.1428
vn 0.5374 0.2546 0.8040
vn -0.6084 0.6204 -0.4949
vn 0.7981 0.5725 0.1878
vn 0.9905 -0.1199 0.0668
vn -0.5651 0.1472 -0.8118
vn 0.8868 0.0497 -0.4595
vn 0.9095 0.1964 -0.3665
vn 0.0088 -0.6092 0.7930
vn 0.5791 0.0457 0.8140
vn 0.4190 -0.1754 -0.8909
vn -0.0405 0.1432 0.9889
vn -0.2611 -0.9491 -0.1761
vn 0.3334 0.5187 0.7872
vn 0.9367 -0.3491 -0.0280
vn 0.7276 -0.6808 0.0845
vn 0.0507 -0.0542 0.9972
vn 0.9988 -0.0047 -0.0492
vn 0.9713 -0.1299 -0.1991
vn 0.8959 0.4374 0.0777
vn 0.9858 0.0041 -0.1677
vn -0.3694 -0.4157 0.8311
vn 0.6014 0.7340 0.3156
vn 0.8977 -0.4143 -0.1496
vn 0.8907 -0.4515 0.0528
vn 0.8887 0.4515 -0.0798
vn 0.9873 -0.1205 -0.1034
vn 0.8315 0.5400 -0.1307
vn 0.8735 0.4294 0.2293
vn 0.4405 -0.8703 0.2202
vn 0.9072 0.1083 0.4066
vn 0.9778 0.1258 0.1673
vn 0.2951 -0.9511 0.0909
vn 0.9509 -0.3059 0.0465
vn 0.9878 0.1451 0.0571
vn 0.8784 -0.1505 -0.4537
vn 0.7924 -0.5959 0.1302
vn 0.7899 0.5427 0.2857
vn 0.6798 0.5369 -0.4996
vn 0.9810 0.1939 0.0014
vn 0.9748 0.1255 0.1846
vn 0.9436 -0.3311 -0.0003
vn -0.1289 -0.5858 0.8001
vn 0.9976 -0.0658 0.0197
vn 0.5952 -0.7437 0.3044
vn 0.9675 0.1107 0.2272
vn 0.9259 0.0681 -0.3715
vn 0.8959 -0.4435 0.0244
vn 0.8799 0.1390 -0.4544
vn 0.8729 -0.4857 -0.0461
vn 0.5642 0.8225 -0.0712
vn 0.7180 0.6057 0.3429
vn 0.8383 -0.3767 0.3941
vn 0.8865 -0.4454 0.1252
vn 0.9913 -0.1130 -0.0678
vn 0.6652 -0.7107 -0.2289
vn 0.8271 0.3254 0.4584
vn 0.8127 0.1318 -0.5676
vn 0.5984 -0.5601 -0.5729
vn 0.8558 0.4934 -0.1554
vn 0.6489 0.7146 0.2613
vn 0.6027 0.7886 -0.1221
vn 0.8927 -0.3208 -0.3166
vn 0.7397 -0.3776 0.5570
vn 0.8725 0.1015 -0.4779
vn 0.6482 0.2154 0.7304
vn 0.6635 0.6343 0.3968
vn 0.9912 -0.0266 0.1297
vn 0.9916 0.0273 0.1265
vn 0.9440 -0.2611 -0.2016
vn 0.7013 -0.1090 -0.7045
vn 0.6372 0.4758 0.6062
vn 0.8324 -0.4854 0.2673
vn 0.9102 -0.3924 -0.1324
vn 0.9070 -0.3407 0.2475
vn 0.7858 0.2082 -0.5824
vn 0.7640 -0.5532 -0.3321
vn 0.9631 0.2469 0.1074
vn 0.9592 0.2656 0.0969
vn 0.6487 0.6979 0.3037
vn 0.5514 0.6564 -0.5148
vn 0.9298 0.1959 -0.3117
vn 0.3181 -0.4717 0.8224
vn 0.9319 -0.3200 -0.1707
vn 0.9949 -0.0744 -0.0678
vn 0.9098 0.2185 -0.3529
vn 0.9991 0.0232 -0.0353
vn 0.8130 -0.3953 -0.4276
vn 0.8781 0.4045 0.2557
vn 0.8905 0.4426 -0.1058
vn 0.7451 0.0745 0.6628
vn 0.8369 0.5465 0.0301
vn 0.9337 0.2520 0.2543
vn -0.4725 -0.4612 0.7510
vn 0.9824 -0.1855 0.0231
vn 0.7083 -0.7048 -0.0395
vn 0.6791 0.3733 -0.6320
vn 0.8349 0.5156 -0.1925
vn 0.5678 0.1314 -0.8126
vn -0.5694 -0.7229 -0.3915
vn 0.9959 -0.0398 -0.0816
vn 0.9925 -0.1074 0.0578
vn -0.2986 0.1338 -0.9450
vn 0.9767 0.2041 0.0670
vn 0.3597 -0.4350 0.8255
vn 0.9592 0.0797 0.2711
vn 0.8401 0.4477 -0.3063
vn 0.8774 -0.1347 0.4605
vn 0.9657 0.1957 0.1708
vn 0.9503 -0.2025 -0.2365
vn 0.3598 0.4083 -0.8389
vn 0.9200 0.2963 -0.2564
vn 0.9492 0.2108 0.2337
vn 0.9447 0.0713 -0.3200
vn 0.7048 0.6366 0.3130
vn 0.9983 0.0322 0.0492
vn 0.8889 0.4347 0.1445
vn 0.9831 0.0643 -0.1714
vn 0.8833 -0.1298 -0.4505
vn 0.9373 0.3449 -0.0499
vn 0.9514 -0.1567 -0.2652
vn 0.9748 -0.1871 -0.1214
vn 0.9984 -0.0564 0.0068
vn 0.9681 -0.1780 0.1763
vn 0.8379 -0.5188 -0.1694
vn 0.8760 0.4593 0.1474
vn 0.9894 -0.1061 0.0993
vn 0.9399 -0.2642 -0.2165
vn 0.1399 0.6118 0.7785
vn 0.8351 0.4759 0.2759
vn 0.6535 0.1556 0.7408
vn 0.8001 0.5975 0.0537
vn 0.9668 0.2518 -0.0445
vn 0.9327 0.3156 0.1746
vn 0.8256 -0.1768 0.5359
vn 0.7057 0.5258 -0.4748
vn 0.9060 0.4104 0.1037
vn -0.8336 -0.5477 0.0714
vn 0.9748 -0.2207 -0.0312
vn 0.8014 0.5617 -0.2055
vn 0.9209 -0.2438 -0.3042
vn 0.7307 -0.2420 -0.6384
vn 0.8238 0.4027 -0.3989
vn 0.9956 0.0440 -0.0833
vn 0.9807 0.1857 0.0607
vn 0.8716 0.4878 0.0480
vn 0.9258 -0.3731 0.0613
vn 0.5450 0.7215 0.4271
vn 0.4724 -0.5760 -0.6671
vn 0.9295 -0.3679 0.0272
vn 0.8266 0.4976 -0.2628
vn 0.9174 -0.0932 -0.3870
vn 0.7020 0.1182 -0.7023
vn 0.7097 0.6184 0.3375
vn 0.3440 -0.6694 -0.6585
vn 0.4097 -0.8216 0.3964
vn 0.9726 -0.2266 -0.0519
vn 0.9161 -0.4006 -0.0176
vn 0.9851 0.1014 -0.1386
vn 0.4395 -0.6819 0.5847
vn 0.9303 -0.3469 0.1192
vn 0.2651 0.7989 -0.5399
vn 0.9117 -0.4027 0.0810
vn 0.7527 0.2481 0.6099
vn 0.9288 -0.3456 0.1336
vn 0.8822 -0.2094 0.4218
vn 0.7687 -0.0687 0.6359
vn -0.1549 -0.5331 0.8318
vn 0.8885 0.2981 -0.3490
vn 0.9410 -0.3372 -0.0275
vn 0.8224 0.1011 -0.5598
vn 0.7966 -0.5034 0.3347
vn 0.9914 0.0318 -0.1271
vn 0.8286 -0.5581 -0.0442
vn 0.3555 0.1173 0.9273
vn 0.9514 -0.0520 0.3034
vn -0.6605 -0.6942 -0.2861
vn 0.6649 0.4482 0.5976
vn -0.8555 -0.1115 -0.5056
vn 0.8921 0.0707 -0.4463
vn 0.3236 -0.5510 0.7692
vn -0.4516 -0.5305 0.7174
vn -0.1003 -0.9465 0.3067
vn 0.7358 0.6569 -0.1646
vn 0.9879 -0.1393 -0.0677
vn 0.8236 -0.1721 -0.5404
vn -0.1863 0.2332 0.9544
vn 0.9317 0.3588 0.0561
vn -0.4676 0.8561 0.2202
vn 0.9947 -0.0653 -0.0798
vn 0.9125 0.2453 0.3275
vn -0.8210 0.3588 -0.4440
vn 0.9020 0.4254 0.0736
vn 0.9645 -0.2531 0.0753
vn 0.1373 -0.9681 0.2098
vn 0.7915 -0.1899 -0.5809
vn 0.9552 -0.0555 0.2908
vn 0.9909 -0.1204 -0.0598
vn 0.9460 0.1823 0.2682
vn -0.5276 -0.2576 0.8095
vn 0.8265 0.4473 -0.3417
vn 0.9622 0.0199 -0.2714
vn 0.0668 -0.0396 -0.9970
vn 0.7179 0.6883 0.1042
vn 0.9572 0.1313 0.2580
vn 0.9530 0.2639 0.1485
vn 0.3792 0.7401 -0.5554
vn 0.7530 -0.5530 0.3566
vn 0.9059 -0.4234 0.0056
vn 0.7300 0.2081 -0.6510
vn 0.9714 0.1867 -0.1467
vn 0.9234 -0.3725 0.0922
vn 0.8837 -0.3504 0.3104
vn 0.9383 0.0060 0.3457
vn 0.7574 0.6070 0.2405
vn 0.9377 0.0354 -0.3455
vn 0.7709 0.3362 -0.5410
vn 0.9769 0.1011 -0.1882
vn 0.2420 -0.5481 -0.8006
vn 0.9284 -0.0085 -0.3714
vn 0.7924 -0.5914 -0.1496
vn 0.5127 -0.0452 0.8574
vn -0.1137 0.9301 -0.3493
vn 0.9046 0.3045 0.2983
vn -0.2828 -0.9575 -0.0569
vn 0.9469 -0.2023 -0.2498
vn 0.6711 0.7413 -0.0072
vn 0.8176 -0.4274 0.3858
vn 0.7146 -0.1335 0.6866
vn 0.8831 -0.4665 0.0497
vn 0.7500 -0.5381 -0.3846
vn 0.8730 0.3769 0.3097
vn 0.9898 0.1299 0.0589
vn 0.6644 0.6826 -0.3043
vn 0.7689 -0.3471 -0.5369
vn -0.4507 -0.3075 0.8380
vn -0.6196 -0.1053 -0.7778
vn 0.8681 -0.4018 -0.2916
vn 0.2537 -0.7819 -0.5695
vn 0.7202 0.6307 0.2891
vn 0.3131 -0.2386 -0.9193
vn 0.2289 -0.1693 -0.9586
vn 0.8358 -0.5009 -0.2248
vn 0.8572 -0.2025 -0.4735
vn 0.0345 -0.9820 0.1859
vn 0.4826 -0.7926 0.3726
vn 0.2676 -0.7422 -0.6144
vn 0.7749 0.6261 -0.0874
vn 0.9240 0.2227 0.3108
vn 0.7697 -0.0335 -0.6375
vn 0.8630 -0.5017 -0.0601
vn 0.3418 0.7418 0.5770
vn 0.8335 0.5118 -0.2082
vn 0.3898 -0.8783 0.2768
vn 0.3525 -0.8816 0.3138
vn 0.8710 0.3302 0.3639
vn 0.6564 0.7154 0.2394
vn 0.7852 -0.5874 0.1963
vn 0.7546 -0.1036 0.6480
vn 0.7698 0.6174 -0.1619
vn 0.8356 0.5099 0.2046
vn 0.7212 -0.2268 -0.6545
vn 0.9742 0.0492 0.2201
vn 0.7303 0.4590 -0.5059
vn 0.8977 0.4247 0.1168
vn 0.9079 0.1996 0.3686
vn 0.7870 0.4529 0.4189
vn 0.5954 0.3752 -0.7104
vn -0.0662 0.3825 -0.9216
vn -0.3958 0.7706 -0.4995
vn 0.9953 0.0468 -0.0853
vn 0.2358 -0.9178 -0.3196
vn 0.0170 -0.7247 0.6888
vn 0.9923 -0.0163 -0.1230
vn 0.6556 0.4120 -0.6328
vn 0.3664 -0.8822 0.2958
vn 0.9392 0.3178 -0.1298
vn 0.7872 -0.4642 0.4060
vn 0.9295 -0.3379 -0.1481
vn 0.7187 0.3804 -0.5821
vn 0.2366 -0.9597 -0.1516
vn 0.8646 -0.4916 0.1035
vn 0.8919 -0.2652 -0.3662
vn -0.3892 -0.1715 0.9050
vn 0.9466 0.2089 0.2456
vn 0.9410 0.2890 0.1759
vn 0.9793 -0.1695 -0.1104
vn 0.9616 -0.2046 -0.1830
vn 0.0041 -0.7805 -0.6252
vn 0.3637 0.4846 0.7956
vn 0.9098 -0.3353 -0.2447
vn 0.9025 -0.3269 0.2803
vn 0.9500 -0.3121 -0.0042
vn 0.9358 -0.0334 -0.3509
vn 0.9595 0.0425 0.2785
vn 0.1781 0.9820 0.0636
vn 0.9028 -0.4182 -0.1003
vn 0.7707 -0.0207 0.6369
vn 0.9100 0.1709 -0.3778
vn 0.6549 0.0292 -0.7551
vn 0.7152 -0.4785 0.5094
vn 0.7269 0.1556 -0.6689
vn 0.8949 0.2278 0.3838
vn -0.4687 -0.6950 0.5452
vn 0.8573 -0.4372 -0.2720
vn 0.9663 0.2406 -0.0913
vn 0.1947 -0.4349 0.8792
vn 0.8856 -0.1625 -0.4350
vn 0.4574 -0.7077 0.5385
vn 0.9755 -0.1999 0.0918
vn 0.7139 0.5156 0.4739
vn 0.9302 -0.3196 0.1807
vn -0.7286 -0.5491 -0.4093
vn 0.0727 -0.9842 0.1613
vn 0.9200 -0.2665 0.2875
vn 0.9269 -0.3012 0.2238
vn 0.9653 -0.0212 0.2601
vn 0.7803 0.5922 0.2009
vn -0.0869 -0.8893 0.4491
vn 0.9805 0.1964 0.0038
vn 0.9344 0.3560 -0.0083
vn 0.9565 0.2867 -0.0536
vn 0.5287 -0.8439 -0.0916
vn 0.8280 -0.3935 0.3994
vn 0.2205 -0.4982 0.8385
vn 0.9218 0.1520 -0.3565
vn 0.7864 0.6147 -0.0614
vn 0.6342 0.6832 -0.3619
vn 0.6286 0.6957 0.3477
vn 0.8450 -0.5234 0.1095
vn 0.9979 0.0468 -0.0439
vn 0.5285 0.3668 0.7656
vn 0.9223 -0.3841 0.0431
vn 0.8554 0.3016 -0.4210
vn 0.6267 0.7093 -0.3228
vn 0.8612 -0.1988 -0.4678
vn 0.9211 -0.2388 0.3075
vn 0.9673 0.1127 -0.2271
vn -0.9669 -0.2477 0.0606
vn 0.9024 0.3547 0.2445
vn 0.7997 -0.5717 0.1832
vn 0.9350 0.2233 0.2756
vn 0.0873 -0.4128 -0.9066
vn 0.9175 0.0817 -0.3893
vn 0.8013 0.3120 -0.5105
vn 0.6552 -0.0442 0.7542
vn -0.0204 -0.9994 0.0262
vn 0.3334 -0.3557 0.8731
vn 0.2304 0.0485 -0.9719
vn 0.7457 -0.4110 0.5244
vn -0.3638 0.1526 -0.9189
vn 0.9247 -0.2279 -0.3049
vn -0.6271 0.7271 -0.2794
vn 0.9773 0.1198 0.1747
vn 0.5052 -0.1696 0.8462
vn 0.9815 0.1909 -0.0154
vn -0.0651 0.9927 -0.1014
vn 0.8916 0.0375 0.4513
vn 0.9972 0.0156 -0.0725
vn 0.9638 -0.1812 0.1958
vn -0.9798 0.1372 -0.1453
vn -0.5758 -0.8091 -0.1176
vn 0.8400 -0.2543 0.4792
vn 0.9791 -0.1943 0.0598
vn 0.9567 0.2622 -0.1264
vn 0.9923 0.0169 0.1231
vn 0.9403 -0.1942 0.2797
vn 0.6555 -0.7522 -0.0672
vn 0.7798 0.3809 0.4968
vn 0.2358 -0.3251 -0.9158
vn 0.8150 0.4016 -0.4177
vn 0.5329 0.1943 0.8236
vn 0.6587 0.7015 -0.2719
vn 0.5669 -0.6829 0.4607
vn -0.4752 -0.6156 -0.6287
vn -0.2720 -0.2431 -0.9311
vn 0.6383 -0.6694 0.3802
vn 0.9479 0.3183 0.0157
vn 0.4501 -0.2941 0.8432
vn 0.6454 0.7310 0.2218
vn 0.4265 -0.2081 0.8802
vn 0.6808 0.3155 -0.6610
vn -0.7507 -0.2066 -0.6275
vn -0.7521 -0.6574 -0.0461
vn -0.7603 -0.1875 0.6219
vn -0.7885 -0.4464 -0.4231
vn 0.8760 -0.4575 -0.1530
vn -0.8676 0.0279 -0.4965
vn -0.9128 -0.2763 -0.3007
vn 0.9795 -0.1881 0.0719
vn -0.5977 -0.2257 -0.7693
vn 0.9088 0.3858 0.1590
vn 0.8925 0.4277 -0.1433
vn 0.3404 0.8212 -0.4579
vn -0.2499 -0.9613 0.1159
vn -0.9477 0.1841 -0.2606
vn 0.2426 0.9403 0.2387
vn 0.5030 -0.3057 0.8084
vn 0.9820 -0.1734 0.0744
vn 0.9551 -0.2561 0.1491
vn 0.9347 0.2118 0.2854
vn 0.7299 -0.0405 -0.6823
vn 0.4188 -0.1707 0.8919
vn 0.9501 -0.2158 -0.2253
vn 0.8504 -0.1698 0.4980
vn 0.9745 0.0824 0.2089
vn -0.4543 -0.0009 -0.8908
vn -0.7406 -0.2274 -0.6323
vn -0.5998 -0.6145 0.5125
vn 0.8241 -0.4868 0.2896
vn 0.3598 0.8929 0.2708
vn 0.8358 -0.3592 -0.4153
vn 0.6971 0.6453 -0.3126
vn -0.3490 0.8339 -0.4276
vn 0.9499 0.3125 0.0062
vn 0.2205 -0.7901 0.5720
vn 0.9313 0.1043 0.3489
vn 0.8494 0.3594 0.3865
vn 0.6955 -0.3190 -0.6439
vn 0.9669 -0.0531 0.2496
vn 0.4118 -0.8342 0.3667
vn 0.7174 -0.0871 0.6912
vn 0.9975 0.0280 0.0643
vn -0.5623 -0.2775 0.7790
vn 0.2072 -0.9216 -0.3283
vn 0.8736 -0.2676 -0.4064
vn 0.7203 0.1218 0.6829
vn 0.6195 -0.7841 -0.0380
vn -0.1151 -0.9931 0.0228
vn 0.4514 0.0072 -0.8923
vn -0.1891 0.1495 -0.9705
vn 0.9393 0.3417 -0.0300
vn 0.6018 0.0391 0.7977
vn 0.6862 0.4630 0.5610
vn 0.6502 0.5245 0.5497
vn -0.6639 -0.1271 -0.7369
vn 0.7520 0.3573 0.5539
vn -0.6977 -0.7092 -0.1013
vn 0.6320 0.6983 0.3362
vn 0.5342 -0.1299 0.8353
vn 0.7431 -0.5019 0.4426
vn 0.6066 0.3558 0.7110
vn 0.9119 0.2423 0.3314
vn 0.2063 -0.7827 -0.5873
vn 0.7883 0.5942 0.1593
vn 0.6519 -0.1076 0.7506
vn 0.8503 0.4768 0.2229
vn 0.6749 0.0962 -0.7316
vn 0.8808 -0.4455 -0.1604
vn 0.4186 0.8289 -0.3711
vn -0.9724 -0.0074 -0.2330
vn -0.5198 -0.7906 -0.3238
vn -0.1131 0.1600 -0.9806
vn 0.4638 0.2598 0.8470
vn -0.2724 -0.6333 0.7243
vn 0.2688 -0.9424 -0.1991
vn 0.4033 -0.5571 0.7259
vn -0.6984 -0.1244 0.7048
vn 0.6487 0.6364 -0.4174
vn 0.4893 -0.6861 -0.5384
vn 0.1988 0.5840 -0.7870
vn 0.9648 -0.1307 0.2284
vn -0.6739 0.7366 -0.0574
vn 0.4684 -0.0521 0.8820
vn 0.9415 0.2885 0.1744
vn 0.3008 0.5813 -0.7561
vn -0.6363 0.3879 -0.6668
vn 0.7251 0.1878 -0.6625
vn 0.0433 -0.4320 -0.9008
vn -0.6152 -0.1947 -0.7640
vn 0.6487 -0.6518 -0.3928
vn 0.3772 -0.6550 0.6547
vn 0.7206 0.6467 -0.2499
vn -0.7569 -0.1327 -0.6400
vn -0.2174 -0.8710 0.4406
vn -0.4284 -0.8793 -0.2083
vn 0.4553 -0.7420 0.4921
vn -0.0875 -0.5325 0.8419
vn 0.8514 -0.5098 -0.1233
vn -0.4467 -0.1159 0.8871
vn 0.2003 -0.4037 0.8927
vn 0.9232 0.3291 -0.1983
vn 0.3245 -0.8539 -0.4069
vn -0.5641 0.7691 -0.3006
vn 0.4759 0.1060 0.8731
vn 0.6052 0.6981 -0.3827
vn 0.7790 0.6043 -0.1671
vn 0.1079 0.4752 -0.8732
vn 0.0419 0.9746 -0.2200
vn 0.7318 0.5095 -0.4527
vn 0.5803 0.2070 0.7877
vn 0.6482 0.0997 0.7549
vn -0.5816 0.6092 -0.5391
vn 0.4884 0.3440 -0.8020
vn 0.5679 0.6323 -0.5270
vn 0.8583 -0.0899 -0.5052
vn -0.6317 -0.6814 0.3697
vn -0.7356 -0.0057 -0.6774
vn -0.9847 0.0677 -0.1603
vn -0.0622 -0.3374 0.9393
vn -0.8311 -0.1167 -0.5437
vn 0.8329 0.1924 0.5189
vn -0.6766 0.7003 -0.2275
vn 0.6927 -0.6714 0.2634
vn 0.6176 -0.7316 -0.2886
vn 0.4829 -0.1044 0.8694
vn 0.5305 -0.0975 0.8420
vn 0.5023 0.1317 -0.8546
vn 0.9181 0.2642 -0.2954
vn 0.2700 -0.8241 -0.4979
vn -0.0539 -0.8271 0.5595
vn 0.7123 -0.7007 0.0399
vn 0.5686 -0.7772 0.2696
vn -0.2227 -0.4215 0.8791
vn -0.8940 0.0544 0.4447
vn -0.1908 -0.9813 0.0244
vn -0.1453 -0.6941 0.7050
vn 0.3143 -0.8376 -0.4468
vn -0.3682 0.9138 -0.1717
vn 0.2150 -0.8147 0.5386
vn -0.5790 0.6574 -0.4823
vn -0.6812 -0.5286 -0.5065
vn 0.6931 -0.7175 -0.0695
vn 0.1644 -0.5539 0.8162
vn -0.2312 -0.9727 -0.0183
vn -0.7121 -0.6113 0.3453
vn -0.9777 -0.2097 0.0065
vn 0.1552 0.0758 0.9850
vn -0.8442 -0.4573 -0.2797
vn 0.0437 0.6926 -0.7200
vn -0.8637 -0.4299 -0.2629
vn 0.0098 0.9626 -0.2706
vn 0.7746 -0.5458 0.3196
vn 0.4978 0.5871 -0.6383
vn 0.9134 0.4013 0.0675
vn 0.9737 0.1645 -0.1576
vn -0.4480 -0.1340 0.8839
vn 0.9668 0.0027 -0.2556
vn 0.6140 -0.7841 -0.0899
vn -0.8784 -0.1158 -0.4637
vn -0.9472 0.2754 -0.1639
vn 0.2902 -0.9563 -0.0363
vn -0.8329 -0.5321 0.1521
vn -0.9665 -0.1425 -0.2134
vn 0.3083 -0.9253 -0.2210
vn -0.9317 0.3626 -0.0211
vn 0.3396 0.6137 -0.7128
vn 0.9054 -0.2056 -0.3714
vn -0.1087 -0.9578 -0.2663
vn -0.0780 -0.3854 0.9194
vn -0.9328 0.3072 -0.1886
vn -0.3638 -0.8968 0.2517
vn -0.5010 -0.5410 0.6755
vn 0.6863 -0.5770 0.4428
vn -0.2906 0.3204 -0.9016
vn 0.3199 -0.8301 -0.4568
vn -0.0039 0.3466 -0.9380
vn 0.0627 -0.4047 -0.9123
vn 0.4626 0.7225 0.5138
vn 0.5793 0.7239 0.3747
vn 0.2798 -0.9001 -0.3340
vn -0.8179 -0.5577 -0.1415
vn -0.2296 0.2261 -0.9467
vn 0.1550 0.6711 -0.7250
vn 0.1917 -0.9657 -0.1753
vn 0.4949 -0.5789 -0.6481
vn -0.2814 0.8438 -0.4570
vn -0.2410 -0.8528 0.4633
vn 0.3674 -0.6540 0.6613
vn -0.9982 -0.0216 -0.0565
vn 0.3647 -0.0463 0.9300
vn -0.2592 0.7315 0.6307
vn 0.5073 0.8570 0.0901
vn -0.9743 0.1157 0.1933
vn 0.9961 0.0741 0.0487
vn -0.3570 -0.4888 0.7960
vn 0.1182 0.9892 0.0866
vn -0.0330 0.5593 -0.8283
vn -0.8866 0.0530 -0.4596
vn 0.2555 0.6969 -0.6701
vn 0.6059 -0.7606 0.2331
vn -0.3715 0.8537 0.3650
vn 0.7271 -0.1222 0.6756
vn -0.6719 0.0519 -0.7388
vn -0.3647 0.9270 -0.0876
vn -0.3143 -0.9361 0.1579
vn -0.6046 0.6205 -0.4994
vn -0.3417 -0.5589 -0.7555
vn -0.9685 -0.1242 -0.2158
vn 0.3790 0.3253 0.8664
vn 0.1536 0.5219 -0.8391
vn 0.8382 0.4545 -0.3014
vn 0.5956 -0.8022 -0.0426
vn -0.5813 0.3566 0.7313
vn -0.5689 -0.0945 0.8170
vn 0.1167 0.9931 0.0095
vn -0.6722 0.7186 -0.1784
vn 0.4163 0.8999 -0.1299
vn 0.7867 0.6124 0.0778
vn -0.9178 0.1852 -0.3512
vn -0.6009 0.6568 -0.4557
vn 0.2167 0.6971 0.6835
vn 0.7387 0.5268 -0.4205
vn -0.3888 0.8459 0.3651
vn 0.5813 -0.6486 0.4913
vn -0.6089 -0.7405 0.2846
vn -0.1351 0.2469 0.9596
vn -0.7167 -0.6958 0.0469
vn 0.2170 0.7561 -0.6175
vn 0.4256 0.0078 -0.9049
vn -0.2477 -0.3440 0.9057
vn 0.6274 -0.7351 -0.2570
vn -0.8408 0.4464 -0.3062
vn -0.5169 -0.3236 0.7925
vn 0.2581 0.7369 0.6248
vn 0.4226 0.7570 0.4983
vn -0.4325 0.5705 -0.6982
vn -0.4870 -0.8733 -0.0095
vn 0.5407 0.7132 -0.4461
vn 0.3057 -0.9136 0.2680
vn 0.5347 0.5780 0.6164
vn -0.5936 -0.0449 -0.8035
vn -0.3770 0.1826 -0.9081
vn -0.0664 0.2598 -0.9634
vn 0.7308 -0.6332 -0.2550
vn -0.8588 -0.2530 0.4454
vn 0.7969 -0.0946 0.5967
vn -0.2386 0.9689 -0.0664
vn -0.3350 -0.0626 -0.9401
vn -0.9297 -0.0522 -0.3647
vn -0.9863 -0.0164 -0.1643
vn -0.5450 -0.4265 0.7219
vn -0.9930 0.0001 -0.1178
vn 0.1622 -0.9820 -0.0966
vn -0.1940 0.9601 -0.2012
vn 0.9382 0.2371 0.2522
vn -0.7420 -0.1944 -0.6416
vn 0.6111 -0.5423 0.5767
vn -0.9503 0.1327 0.2816
vn -0.9188 -0.0311 -0.3934
vn -0.1113 -0.3698 -0.9224
vn 0.2151 0.7459 0.6303
vn 0.8661 -0.4171 0.2756
vn 0.4388 -0.4622 0.7706
vn -0.9676 -0.2524 -0.0094
vn 0.8335 -0.4416 0.3322
vn 0.8501 -0.5265 0.0130
vn -0.2686 -0.9368 0.2243
vn 0.5300 0.3492 -0.7728
vn 0.0284 -0.3149 -0.9487
vn 0.1089 -0.0884 -0.9901
vn -0.5317 0.0469 -0.8457
vn -0.8503 0.1822 -0.4937
vn 0.3647 0.7334 -0.5737
vn -0.8300 -0.4931 -0.2606
vn 0.6472 0.7554 -0.1021
vn 0.8885 -0.4078 0.2106
vn -0.5144 -0.8029 0.3013
vn -0.7089 -0.7038 -0.0455
vn 0.0492 0.6492 -0.7590
vn -0.8637 -0.3076 0.3993
vn -0.4689 0.0866 -0.8790
vn -0.8426 0.4218 -0.3349
vn -0.8445 -0.5234 -0.1139
vn -0.6346 -0.7468 0.1990
vn -0.5087 -0.7866 0.3499
vn 0.3623 0.2678 0.8927
vn -0.6832 0.2675 -0.6795
vn -0.7595 0.1217 0.6390
vn -0.7716 0.5911 -0.2350
vn 0.6485 -0.6619 0.3761
vn -0.8795 0.3545 -0.3176
vn 0.5578 -0.4965 0.6651
vn 0.5642 -0.5975 0.5698
vn 0.8528 0.4832 0.1981
vn -0.4780 -0.7526 0.4528
vn -0.5695 -0.4206 0.7062
vn 0.4815 -0.7945 0.3700
vn -0.3375 -0.9071 0.2515
vn -0.8192 0.5046 -0.2727
vn -0.3253 -0.6971 0.6389
vn 0.1713 0.9764 -0.1317
vn -0.9192 -0.3193 -0.2306
vn -0.9559 -0.0849 -0.2811
vn 0.6059 0.3667 0.7060
vn 0.3062 0.7093 0.6350
vn 0.3179 0.8725 0.3710
vn 0.4066 0.1984 0.8918
vn -0.8663 -0.4528 -0.2107
vn -0.9654 -0.2332 0.1167
vn -0.9706 -0.1039 -0.2172
vn -0.6578 0.7379 0.1512
vn 0.9814 -0.1808 -0.0647
vn -0.2795 0.7644 -0.5810
vn 0.8464 0.1278 -0.5170
vn -0.6198 -0.5367 0.5726
vn 0.4961 0.1639 -0.8526
vn -0.1093 0.6226 -0.7749
vn 0.0117 -0.4307 0.9024
vn 0.4770 -0.8742 0.0907
vn 0.7495 -0.1368 0.6478
vn -0.7682 -0.4914 -0.4104
vn -0.9904 -0.0439 0.1311
vn -0.8249 -0.4802 0.2982
vn 0.1235 -0.3662 0.9223
vn -0.8441 -0.1548 -0.5134
vn 0.3646 -0.6531 -0.6637
vn 0.1909 -0.5710 0.7985
vn -0.9789 -0.1612 -0.1257
vn -0.8323 -0.1237 -0.5404
vn 0.7886 -0.4593 -0.4087
vn 0.9201 0.0996 -0.3788
vn -0.9236 0.3399 -0.1773
vn -0.9949 -0.0498 -0.0874
vn -0.2637 0.3308 0.9061
vn -0.9677 0.2056 -0.1461
vn -0.9770 -0.2063 -0.0542
vn -0.7032 0.5166 -0.4886
vn 0.8633 0.4626 0.2019
vn -0.9017 -0.2779 -0.3313
vn 0.3724 -0.9137 0.1630
vn -0.3095 0.6380 -0.7051
vn 0.3466 0.6230 -0.7012
vn 0.6654 0.1538 0.7305
vn 0.9770 0.0207 0.2122
vn 0.1458 0.9885 -0.0393
vn 0.3783 0.0225 0.9254
vn -0.7815 -0.4018 0.4773
vn -0.0621 0.3027 -0.9511
vn 0.9873 -0.1573 -0.0235
vn 0.9590 0.2826 0.0216
vn -0.9961 0.0878 0.0005
vn 0.7935 -0.6084 0.0136
vn -0.9856 -0.1649 0.0376
vn -0.6744 0.7342 0.0784
vn -0.1009 0.3476 -0.9322
vn -0.8387 -0.1078 -0.5338
vn -0.4143 -0.3644 -0.8340
vn 0.9790 0.1057 0.1742
vn -0.6729 -0.6321 -0.3843
vn 0.7753 -0.5122 0.3695
vn 0.8605 0.4789 0.1741
vn -0.4000 -0.4918 0.7734
vn -0.5686 -0.6899 -0.4480
vn 0.9033 -0.3583 -0.2361
vn -0.9644 -0.0478 -0.2602
vn 0.1534 0.2639 0.9523
vn 0.2875 0.8350 0.4691
vn 0.3922 -0.9147 0.0977
vn 0.9655 0.2392 0.1031
vn 0.1209 0.4593 -0.8800
vn 0.4175 -0.6652 -0.6191
vn -0.4468 -0.5451 0.7094
vn 0.8907 -0.3602 -0.2774
vn 0.5686 0.4092 0.7136
vn 0.3996 0.7149 -0.5738
vn 0.9987 -0.0467 -0.0216
vn -0.4774 0.8564 -0.1965
vn 0.5463 0.8254 -0.1424
vn -0.2898 -0.5956 -0.7492
vn 0.9371 -0.3165 -0.1474
vn -0.5809 -0.7214 0.3770
vn -0.4850 0.3720 -0.7914
vn 0.3300 0.9353 0.1273
vn -0.8678 0.3764 -0.3245
vn 0.8363 0.3526 0.4199
vn 0.9336 0.1903 0.3035
vn -0.9684 -0.1053 0.2260
vn -0.8945 0.3932 -0.2126
vn -0.5085 0.3964 -0.7644
vn -0.7588 -0.6419 -0.1104
vn -0.2011 0.2417 -0.9493
vn 0.5452 -0.5440 0.6379
vn -0.2937 -0.9300 -0.2211
vn -0.7507 0.6118 -0.2492
vn 0.5434 -0.5340 0.6477
vn -0.7070 -0.6785 0.1992
vn -0.3826 0.1576 -0.9104
vn -0.3529 -0.9243 0.1450
vn 0.3608 0.6647 -0.6543
vn -0.6548 -0.7309 -0.1922
vn -0.2829 -0.4491 0.8475
vn -0.7215 0.2965 -0.6257
vn 0.7278 -0.6381 -0.2512
vn 0.3068 -0.1804 0.9345
vn -0.4885 0.8360 0.2498
vn 0.8531 0.0501 0.5193
vn -0.9316 -0.3216 0.1693
vn -0.7428 -0.3413 0.5760
vn -0.6563 -0.1537 0.7387
vn 0.2015 -0.0200 0.9793
vn -0.9567 -0.2378 -0.1679
vn 0.9030 -0.0401 0.4279
vn -0.3966 0.8937 0.2098
vn 0.4257 -0.1431 0.8935
vn 0.9811 0.1046 0.1626
vn -0.5721 -0.7392 0.3554
vn 0.9471 0.0711 0.3130
vn -0.2610 -0.5190 0.8140
vn -0.8635 -0.5021 0.0484
vn -0.3396 -0.0597 -0.9387
vn 0.2984 0.4243 -0.8549
vn 0.5452 0.7272 0.4170
vn 0.9170 -0.3565 0.1789
vn 0.9829 0.0847 0.1632
vn 0.1024 -0.9653 0.2401
vn 0.1022 0.3707 -0.9231
vn -0.7939 -0.5794 0.1845
vn 0.5829 0.7042 0.4054
vn 0.4653 -0.8843 0.0395
vn 0.8609 0.0036 0.5087
vn -0.7226 0.2985 -0.6235
vn 0.2913 -0.9523 -0.0908
vn 0.9497 0.1994 0.2413
vn 0.4623 0.4328 0.7739
vn 0.5827 0.4645 -0.6668
vn 0.3246 0.8384 -0.4378
vn -0.5521 0.1269 -0.8241
vn -0.8951 0.1684 0.4128
vn -0.4634 0.5943 0.6573
vn -0.1601 0.3651 -0.9171
vn -0.2419 0.9525 0.1853
vn -0.9255 0.1779 -0.3343
vn -0.9321 -0.3410 -0.1220
vn 0.2735 0.1649 -0.9476
vn 0.9265 0.1750 0.3331
vn 0.3893 0.2468 0.8874
vn 0.6783 -0.6955 0.2371
vn 0.9624 0.0138 0.2712
vn -0.8782 -0.4737 0.0665
vn 0.7527 -0.5512 0.3601
vn 0.7735 -0.3861 0.5026
vn 0.0188 -0.4000 -0.9163
vn 0.7327 0.3135 0.6040
vn 0.6370 0.7707 -0.0134
vn -0.6881 -0.7255 -0.0086
vn -0.8629 -0.4969 -0.0920
vn 0.9406 -0.2065 0.2694
vn 0.1082 0.9636 -0.2445
vn -0.8276 -0.5232 0.2033
vn -0.8914 -0.3795 -0.2476
vn -0.4158 0.8991 -0.1365
vn 0.8485 -0.0782 -0.5234
vn -0.4535 0.0177 -0.8911
vn 0.7772 -0.5984 -0.1945
vn -0.9745 -0.1440 0.1719
vn 0.9763 -0.1345 -0.1694
vn -0.9843 -0.1742 -0.0277
vn 0.4439 -0.8273 0.3443
vn 0.6523 0.7197 -0.2379
vn -0.5734 0.6479 -0.5015
vn -0.6210 -0.6945 -0.3633
vn 0.9811 -0.1822 -0.0649
vn 0.0242 0.6755 0.7370
vn 0.9517 -0.1344 0.2760
vn -0.8582 -0.1658 -0.4858
vn 0.5278 0.5699 0.6298
vn 0.4559 0.8506 -0.2620
vn 0.6721 -0.3013 0.6764
vn 0.9639 0.2581 -0.0657
vn -0.9416 0.1234 -0.3134
vn -0.1826 0.2642 -0.9470
vn 0.0309 0.6380 0.7694
vn -0.9742 0.2251 -0.0171
vn -0.0985 -0.3896 0.9157
vn 0.1099 0.5192 0.8476
vn -0.9728 0.0584 -0.2242
vn 0.2997 -0.1114 -0.9475
vn 0.8164 0.5774 0.0129
vn -0.9248 -0.3715 -0.0824
vn 0.9731 0.1651 0.1606
vn 0.7241 -0.5512 0.4146
vn 0.7181 -0.0732 -0.6921
vn 0.1420 0.4218 -0.8955
vn 0.3545 -0.8869 0.2961
vn 0.4969 -0.3046 0.8126
vn -0.4370 0.1273 -0.8904
vn 0.5867 0.7901 0.1776
vn -0.7514 0.5146 -0.4130
vn 0.9086 -0.0905 -0.4078
vn 0.8506 0.3564 0.3866
vn 0.8556 0.2737 0.4393
vn 0.6449 0.5670 -0.5124
vn -0.1944 -0.5585 -0.8064
vn -0.7645 -0.0409 0.6433
vn 0.7468 -0.5839 0.3183
vn 0.7914 -0.2258 0.5681
vn -0.4320 -0.3672 0.8238
vn -0.4370 -0.8714 -0.2228
vn 0.3350 -0.8320 -0.4422
vn -0.7789 -0.5760 0.2482
vn 0.0530 0.1506 -0.9872
vn -0.8616 0.3149 -0.3981
vn -0.6602 -0.6787 -0.3218
vn -0.5930 -0.6461 -0.4806
vn -0.9788 0.1828 0.0925
vn -0.8746 0.1862 -0.4477
vn 0.6376 0.4498 0.6254
vn -0.4122 -0.8648 0.2867
vn -0.1748 -0.5848 -0.7921
vn 0.1380 0.9690 -0.2050
vn 0.6992 0.7038 -0.1255
vn 0.4670 -0.8836 -0.0323
vn 0.5076 0.2110 -0.8353
vn -0.9429 0.0387 -0.3307
vn 0.5793 0.3104 -0.7537
vn 0.1791 0.9216 0.3445
vn 0.8485 0.3503 0.3967
vn -0.3504 0.7837 -0.5128
vn 0.4903 0.3408 -0.8022
vn -0.6392 0.2402 0.7305
vn 0.9614 -0.2328 0.1464
vn 0.3230 -0.6660 -0.6724
vn 0.2149 -0.2096 0.9539
vn -0.3965 0.2668 -0.8784
vn 0.9041 0.2749 0.3272
vn -0.1421 -0.7960 0.5883
vn 0.9599 0.1355 0.2453
vn 0.5159 -0.3350 -0.7884
vn 0.4541 0.8149 0.3602
vn -0.0418 0.8274 -0.5600
vn -0.9439 -0.3284 0.0334
vn -0.9030 0.0157 -0.4294
vn -0.8260 -0.5529 0.1098
vn 0.9340 0.1867 0.3047
vn 0.0931 0.9331 0.3475
vn 0.0181 0.0296 0.9994
vn 0.1554 0.7198 -0.6766
vn 0.1436 -0.3926 0.9084
vn 0.4165 -0.8663 0.2757
vn -0.9820 -0.1486 -0.1167
vn -0.2328 -0.1309 0.9637
vn -0.7390 0.6734 -0.0198
vn -0.1271 -0.5943 0.7941
vn -0.7132 -0.6810 -0.1662
vn 0.4603 0.0561 -0.8860
vn 0.2190 0.4541 -0.8636
vn -0.5875 -0.6821 0.4355
vn 0.9384 -0.1142 -0.3261
vn -0.5019 -0.4400 0.7446
vn 0.9245 0.3802 0.0273
vn -0.9156 0.2515 -0.3137
vn -0.4855 0.3293 -0.8098
vn -0.1776 0.2690 -0.9466
vn 0.9057 0.4122 -0.0990
vn 0.3460 -0.2013 -0.9164
vn -0.4714 -0.3855 0.7932
vn 0.6953 -0.6265 0.3521
vn 0.7546 -0.6325 0.1747
vn 0.2470 -0.4999 -0.8301
vn -0.3006 -0.7431 0.5979
vn 0.6708 -0.6851 -0.2840
vn -0.1097 -0.4323 0.8950
vn 0.8715 0.2648 0.4128
vn 0.7995 -0.2514 0.5455
vn 0.0240 -0.9718 0.2345
vn -0.7645 -0.3467 -0.5435
vn -0.0920 0.5951 0.7984
vn -0.9965 0.0329 -0.0770
vn -0.9295 -0.2833 -0.2360
vn -0.7981 -0.2620 0.5426
vn -0.6355 -0.7004 -0.3249
vn 0.7617 0.4894 0.4247
vn 0.4895 -0.8720 0.0010
vn -0.0456 0.7971 -0.6021
vn 0.7861 -0.3008 0.5399
vn -0.4633 0.7824 -0.4162
vn -0.5343 0.0396 -0.8443
vn 0.0386 -0.9780 0.2049
vn 0.9089 -0.2858 0.3036
vn 0.6271 -0.6892 0.3630
vn -0.1603 0.6913 0.7046
vn 0.9029 -0.4031 0.1497
vn 0.8470 0.4479 -0.2864
vn -0.1105 0.5862 -0.8026
vn -0.1632 -0.2557 -0.9529
vn 0.7672 0.6131 -0.1886
vn 0.3212 -0.5210 0.7908
vn 0.0006 -0.3904 0.9206
vn 0.9545 0.2698 0.1268
vn -0.9335 0.0443 0.3558
vn -0.9276 0.2709 -0.2572
vn 0.4693 0.6265 -0.6223
vn -0.2936 0.4058 0.8655
vn -0.6479 0.7289 0.2213
vn -0.2482 -0.3992 0.8826
vn 0.7347 0.2871 0.6146
vn -0.7544 0.0508 -0.6544
vn 0.2219 0.7663 -0.6029
vn 0.5257 -0.1995 0.8269
vn -0.8634 -0.0078 -0.5045
vn 0.6787 0.0997 0.7276
vn -0.8746 0.2043 0.4396
vn -0.3121 0.1368 -0.9401
vn 0.9307 0.3541 0.0922
vn 0.4404 -0.4495 0.7772
vn 0.9815 0.1774 -0.0715
vn -0.7246 0.3385 -0.6004
vn 0.7695 -0.5046 0.3914
vn -0.3630 0.5834 0.7266
vn 0.7427 0.5879 -0.3206
vn -0.7005 0.5377 -0.4692
vn 0.6970 0.5498 -0.4602
vn -0.4593 0.3020 0.8354
vn 0.2912 0.1108 -0.9502
vn 0.1196 -0.4674 -0.8759
vn -0.3519 0.3087 0.8837
vn -0.6082 -0.2130 0.7647
vn -0.6478 0.3497 -0.6768
vn 0.8919 0.1036 0.4402
vn 0.3791 0.2937 0.8775
vn 0.5904 -0.7788 -0.2118
vn -0.3869 0.8965 -0.2158
vn 0.4902 -0.7818 0.3853
vn 0.9837 -0.0708 0.1656
vn 0.9839 0.0661 0.1660
vn 0.8767 0.4185 0.2373
vn 0.8040 -0.2389 0.5446
vn 0.3865 -0.9221 0.0173
vn -0.2569 -0.9660 0.0288
vn -0.6586 0.1580 0.7357
vn 0.4021 -0.6707 0.6233
vn 0.7286 -0.1793 -0.6611
vn -0.9580 0.2758 -0.0786
vn 0.8833 0.4685 0.0174
vn -0.5460 0.4330 -0.7173
vn -0.2491 0.1927 0.9491
vn 0.3809 0.8923 -0.2423
vn 0.8457 0.0513 0.5311
vn -0.9823 0.1624 0.0933
vn 0.8355 0.5474 -0.0480
vn 0.1499 0.6892 -0.7089
vn -0.0682 0.2492 -0.9660
vn -0.6328 0.4541 0.6272
vn 0.9923 -0.1152 0.0463
vn -0.8974 -0.3233 -0.3004
vn -0.6061 0.0747 -0.7918
vn -0.1614 0.2225 -0.9615
vn 0.3427 -0.2636 -0.9017
vn 0.3869 -0.4722 0.7920
vn -0.5429 -0.3329 0.7710
vn 0.8728 0.4776 0.1002
vn 0.4097 0.7254 0.5531
vn -0.7455 0.6613 -0.0828
vn 0.8292 0.5422 -0.1357
vn 0.6415 0.3410 -0.6871
vn 0.7923 -0.0208 0.6098
vn 0.9120 0.1158 0.3935
vn 0.0650 -0.3149 0.9469
vn -0.4986 -0.1156 0.8591
vn -0.3762 0.8702 -0.3180
vn 0.7015 -0.6993 0.1375
vn -0.2901 0.0337 -0.9564
vn -0.1201 0.9790 0.1647
vn -0.7220 -0.6081 -0.3301
vn 0.6409 0.3869 -0.6630
vn 0.2742 0.0278 0.9613
vn -0.7538 -0.6316 0.1811
vn -0.8976 -0.4213 -0.1298
vn -0.3742 -0.9262 0.0453
vn 0.5921 0.7476 -0.3009
vn 0.8166 0.2961 0.4956
vn -0.9335 -0.3578 0.0249
vn 0.9277 0.3734 -0.0045
vn 0.9561 0.1291 0.2631
vn 0.3059 0.6483 0.6972
vn -0.9241 -0.1910 -0.3310
vn 0.9004 0.4349 0.0115
vn 0.1638 -0.3184 0.9337
vn 0.0651 -0.9273 -0.3687
vn 0.7247 -0.2850 0.6274
vn -0.3833 0.2563 -0.8874
vn -0.3854 0.2564 -0.8864
vn -0.3827 0.2563 -0.8876
vn -0.2365 0.5627 -0.7921
vn 0.5789 0.3017 -0.7575
vn 0.6174 -0.7753 0.1331
vn 0.7210 -0.6637 0.1991
vn -0.0232 -0.9568 -0.2899
vn 0.7017 -0.5918 -0.3967
vn 0.9573 0.1534 0.2451
vn -0.1743 -0.2462 0.9534
vn 0.9236 0.2607 0.2811
vn 0.9134 -0.1402 -0.3822
vn -0.6004 -0.0334 0.7990
vn -0.8251 0.2943 0.4823
vn 0.7044 -0.3561 0.6140
vn 0.7400 -0.6277 0.2416
vn 0.2138 -0.9403 -0.2647
vn 0.0348 0.0802 -0.9962
vn -0.6584 -0.6832 0.3158
vn 0.8814 0.4449 -0.1586
vn -0.5723 -0.4370 0.6939
vn 0.4587 0.1121 -0.8815
vn 0.9769 0.2044 -0.0619
vn -0.2600 -0.2338 0.9369
vn 0.2232 -0.8839 0.4109
vn -0.6296 0.7207 -0.2902
vn 0.2593 0.9043 0.3391
vn 0.9203 0.2379 0.3106
vn 0.8611 0.3839 0.3333
vn 0.8251 -0.2980 0.4800
vn 0.9497 -0.2796 0.1410
vn 0.2248 0.1495 -0.9629
vn -0.7565 0.6340 0.1608
vn 0.3762 -0.3406 -0.8617
vn 0.2798 -0.9454 0.1670
vn -0.1958 -0.5335 0.8228
vn 0.7731 0.0397 0.6330
vn 0.5685 0.3252 0.7557
vn -0.6529 0.7530 0.0822
vn 0.8315 0.4945 0.2531
vn 0.6459 0.2729 -0.7130
vn 0.2675 0.9586 0.0974
vn -0.4757 0.6711 -0.5686
vn 0.7440 -0.5880 0.3173
vn 0.8139 0.4551 0.3611
vn -0.8649 0.4246 0.2677
vn 0.5598 -0.7622 -0.3250
vn -0.7555 -0.3626 0.5456
vn 0.9275 -0.2510 -0.2769
vn 0.2971 -0.1151 0.9479
vn 0.4438 -0.8925 -0.0804
vn 0.7995 0.5934 0.0932
vn 0.6198 -0.7812 0.0746
vn 0.4000 0.6288 0.6668
vn 0.7290 -0.5748 0.3718
vn -0.0864 -0.2720 0.9584
vn 0.7231 0.0901 -0.6849
vn -0.1258 0.1671 -0.9779
vn -0.3923 0.2568 -0.8833
vn 0.5869 0.8096 0.0050
vn 0.2500 0.8711 -0.4226
vn 0.4718 -0.1219 -0.8732
vn 0.5778 0.7698 0.2712
vn -0.8605 0.1052 0.4984
vn -0.2389 -0.7163 0.6556
vn -0.2767 -0.5919 0.7570
vn -0.9356 0.0966 0.3397
vn 0.7747 -0.5853 0.2392
vn 0.5283 0.1946 -0.8265
vn 0.9960 -0.0537 0.0718
vn 0.1624 -0.8639 0.4768
vn 0.8426 -0.1815 0.5070
vn 0.3257 -0.3461 0.8798
vn -0.8400 0.2706 -0.4703
vn -0.4058 0.8878 0.2171
vn -0.9670 0.1934 -0.1656
vn -0.3154 -0.8015 0.5081
vn 0.8521 0.1534 0.5005
vn 0.1898 -0.9749 0.1162
vn -0.4320 -0.5084 0.7449
vn 0.1355 0.8030 -0.5804
vn 0.6412 -0.0501 0.7657
vn -0.6668 -0.6306 0.3971
vn -0.9076 0.2417 -0.3434
vn 0.2431 -0.9506 0.1930
vn 0.6992 -0.3779 0.6069
vn 0.1157 -0.4585 0.8811
vn -0.3723 0.8064 -0.4594
vn -0.1423 0.2608 -0.9548
vn -0.7592 0.0179 -0.6506
vn 0.2309 0.9204 -0.3155
vn -0.8222 0.0975 -0.5608
vn 0.4808 -0.4777 -0.7353
vn 0.9050 -0.3672 0.2147
vn 0.6304 -0.0164 -0.7761
vn 0.9615 -0.2618 -0.0834
vn 0.1535 0.6416 0.7515
vn 0.1914 -0.7263 0.6602
vn 0.8081 -0.3577 0.4680
vn 0.7261 0.4745 -0.4976
vn 0.9233 0.3326 0.1923
vn 0.4230 -0.1162 -0.8986
vn 0.8728 -0.2963 0.3878
vn -0.8054 -0.3518 -0.4771
vn -0.9747 0.1166 0.1907
vn 0.7871 -0.6078 0.1049
vn 0.8748 0.4728 -0.1063
vn 0.6320 -0.3599 0.6863
vn -0.4557 0.8025 0.3851
vn -0.5835 -0.0337 -0.8114
vn -0.0111 0.7290 0.6845
vn -0.9084 -0.4172 0.0262
vn 0.1549 0.9879 0.0073
vn 0.1912 -0.0730 -0.9788
vn -0.5099 -0.5025 0.6982
vn -0.7346 0.6421 -0.2190
vn 0.9515 0.0596 0.3019
vn 0.9082 -0.0664 0.4133
vn 0.4524 -0.8908 0.0423
vn 0.6948 -0.4321 -0.5750
vn 0.4566 0.6730 -0.5818
vn -0.7880 0.4256 -0.4448
vn 0.3340 -0.8476 0.4123
vn -0.4126 -0.0057 0.9109
vn 0.7027 -0.5654 -0.4320
vn 0.4448 -0.7825 0.4358
vn 0.1067 -0.8828 0.4574
vn 0.1895 0.6372 -0.7470
vn 0.1571 -0.2530 0.9546
vn 0.1648 0.4215 0.8917
vn 0.5804 0.6982 0.4191
vn 0.0466 0.0394 -0.9981
vn 0.4346 0.0200 -0.9004
vn 0.4967 -0.8337 -0.2415
vn 0.9623 0.0490 0.2676
vn 0.7167 -0.3515 0.6023
vn 0.8976 0.1797 -0.4025
vn 0.6857 0.6250 -0.3731
vn 0.5904 0.2995 -0.7494
vn 0.6713 -0.3693 -0.6426
vn -0.5120 0.3971 -0.7617
vn -0.8815 -0.3231 -0.3443
vn -0.6314 0.7338 0.2508
vn 0.6895 -0.2527 -0.6788
vn -0.9936 0.0353 0.1074
vn 0.7610 0.1606 -0.6286
vn 0.0819 -0.3410 0.9365
vn 0.6583 -0.0420 -0.7516
vn 0.7700 0.0194 -0.6377
vn 0.4533 -0.8288 0.3282
vn 0.6409 0.1636 0.7500
vn -0.9246 0.0893 0.3703
vn 0.2784 0.3602 -0.8904
vn 0.0993 -0.7083 0.6989
vn -0.8913 0.4530 -0.0212
vn 0.8258 -0.0717 0.5594
vn -0.9342 0.0082 -0.3567
vn 0.4545 0.4863 0.7463
vn 0.9438 -0.1108 0.3114
vn -0.7547 0.2125 -0.6207
vn -0.1225 0.2005 -0.9720
vn 0.8665 0.4821 -0.1295
vn 0.2841 -0.1615 0.9451
vn -0.8025 -0.5925 -0.0699
vn 0.8441 -0.2924 0.4494
vn 0.5817 -0.5504 0.5989
vn -0.8706 -0.1805 -0.4577
vn -0.5382 -0.7212 0.4361
vn 0.8483 0.3295 -0.4145
vn 0.0826 0.1890 -0.9785
vn -0.8517 -0.3202 -0.4149
vn -0.6371 0.6560 -0.4047
vn -0.1082 -0.5993 -0.7932
vn 0.5979 -0.5810 -0.5523
vn -0.1168 -0.5302 0.8398
vn -0.7617 -0.4979 0.4146
vn -0.8558 -0.3759 -0.3554
vn 0.5785 -0.8001 -0.1590
vn 0.9099 -0.1446 -0.3889
vn 0.8689 -0.4941 -0.0308
vn 0.4513 -0.8849 -0.1149
vn 0.7064 0.7060 -0.0516
vn 0.1625 -0.9189 -0.3595
vn 0.9577 0.0509 0.2833
vn 0.8878 -0.0213 0.4597
vn -0.7411 -0.6134 -0.2729
vn 0.1794 0.9838 0.0003
vn 0.4044 0.7752 -0.4852
vn 0.9120 -0.1331 0.3879
vn -0.7789 -0.2310 -0.5830
vn -0.9683 0.1445 0.2036
vn 0.7067 -0.6914 0.1503
vn 0.2603 -0.9646 -0.0420
vn 0.8953 0.2820 -0.3448
vn 0.8843 0.3598 -0.2975
vn 0.6301 0.2112 0.7473
vn -0.9443 0.2374 -0.2279
vn -0.9971 -0.0429 0.0620
vn -0.6496 -0.7573 0.0676
vn 0.3397 -0.0293 0.9401
vn -0.8779 0.4279 0.2151
vn -0.9659 -0.2588 -0.0016
vn 0.7654 -0.6166 -0.1843
vn 0.7629 -0.6402 0.0901
vn -0.7699 0.6320 -0.0882
vn 0.8387 0.3788 -0.3912
vn 0.6136 -0.6644 -0.4266
vn 0.5497 0.7910 -0.2686
vn 0.6556 -0.7213 0.2234
vn 0.3112 0.5853 -0.7487
vn -0.7921 -0.2342 -0.5637
vn 0.3818 -0.9232 0.0439
vn 0.4685 -0.8646 -0.1814
vn 0.6640 -0.1597 0.7305
vn 0.1931 0.5341 -0.8231
vn -0.9456 -0.3254 -0.0045
vn 0.5329 -0.5274 0.6617
vn -0.8350 -0.1008 -0.5409
vn -0.9642 0.1556 0.2149
vn -0.0298 0.1785 -0.9835
vn 0.2078 0.8377 -0.5050
vn 0.4656 0.8850 -0.0057
vn 0.8549 0.2080 0.4752
vn 0.9911 0.1282 0.0358
vn 0.9604 0.2742 -0.0497
vn -0.8636 -0.5018 -0.0494
vn 0.5710 -0.3015 0.7636
vn -0.7961 0.1217 -0.5929
vn 0.9427 -0.3266 0.0683
vn 0.7593 -0.6069 0.2348
vn 0.4628 -0.8723 0.1579
vn -0.8448 0.3355 -0.4168
vn 0.9340 0.3454 0.0908
vn -0.0151 -0.9703 0.2416
vn 0.8710 0.0809 -0.4846
vn -0.8346 0.4993 -0.2329
vn 0.9514 0.1435 -0.2723
vn -0.9151 0.1675 0.3668
vn -0.1432 0.7266 -0.6720
vn -0.5159 0.7673 0.3808
vn -0.5654 0.8206 -0.0841
vn 0.3684 0.9282 -0.0517
vn 0.7961 -0.5960 -0.1052
vn 0.6380 -0.0941 -0.7643
vn 0.9006 0.0958 0.4240
vn 0.8911 -0.1492 0.4286
vn 0.7214 -0.1808 0.6685
vn 0.3177 -0.1448 0.9371
vn -0.2087 0.8660 -0.4544
vn 0.4259 -0.6475 0.6319
vn 0.7150 -0.0983 0.6922
vn -0.5364 -0.8435 0.0285
vn 0.5207 0.4266 -0.7395
vn 0.2649 -0.9602 -0.0887
vn 0.0359 0.4533 -0.8906
vn 0.7792 -0.2135 0.5893
vn 0.5716 0.6279 -0.5282
vn 0.2194 0.8809 0.4193
vn 0.0307 0.9991 -0.0305
vn 0.8654 -0.3276 0.3792
vn 0.4216 0.5143 -0.7468
vn -0.8397 -0.1239 0.5286
vn -0.8544 0.4555 -0.2500
vn -0.9282 0.1603 0.3358
vn -0.9844 -0.0013 -0.1758
vn -0.7583 -0.0662 -0.6485
vn 0.8359 0.3071 -0.4549
vn 0.7963 0.2181 -0.5642
vn 0.0790 0.0975 0.9921
vn -0.5290 -0.7880 0.3149
vn 0.8347 0.2670 0.4817
vn 0.5509 0.3691 0.7485
vn 0.9497 -0.0130 -0.3128
vn 0.7306 -0.0705 -0.6791
vn -0.2649 -0.0026 -0.9643
vn 0.6786 0.7209 -0.1405
vn 0.2627 -0.9306 -0.2549
vn -0.2991 -0.0542 -0.9527
vn 0.5868 0.8063 0.0745
vn 0.9444 -0.0515 -0.3246
vn 0.9459 0.0580 -0.3193
vn 0.7423 -0.4868 0.4605
vn 0.9565 0.2914 -0.0131
vn 0.4243 -0.1146 0.8982
vn -0.9588 0.1258 -0.2547
vn -0.4043 -0.1641 -0.8998
vn -0.0843 -0.5850 -0.8066
vn -0.0317 0.9344 0.3548
vn 0.5893 0.6925 -0.4161
vn 0.7912 -0.3352 0.5116
vn -0.8152 0.5143 -0.2665
vn -0.6915 0.4808 -0.5392
vn -0.7747 0.4564 -0.4377
vn -0.7737 0.0827 -0.6281
vn 0.1521 0.1842 0.9711
vn 0.8009 -0.4661 0.3759
vn -0.0858 -0.9384 0.3347
vn -0.7168 0.0128 -0.6972
vn 0.8485 0.5011 0.1703
vn -0.9500 -0.0268 0.3111
vn -0.9675 -0.1373 -0.2123
vn -0.5098 -0.4252 0.7479
vn 0.9278 0.3615 0.0924
vn 0.9908 0.1312 -0.0333
vn -0.7605 0.1091 -0.6401
vn 0.7516 -0.5027 0.4271
vn 0.1017 -0.4075 -0.9075
vn 0.7979 -0.1294 -0.5887
vn -0.8690 0.1540 -0.4702
vn 0.9952 -0.0805 0.0551
vn 0.4934 -0.7969 -0.3486
vn 0.8134 -0.5138 0.2727
vn -0.6242 -0.7810 -0.0209
vn 0.5129 -0.8571 0.0488
vn 0.7758 -0.6104 0.1598
vn 0.4689 -0.8603 -0.1998
vn -0.5889 0.7879 0.1799
vn -0.8435 0.0549 -0.5343
vn 0.8089 0.0156 0.5877
vn 0.3155 0.6626 -0.6793
vn -0.5228 0.0444 -0.8513
vn -0.9770 0.2107 -0.0325
vn 0.3287 -0.5475 0.7695
vn -0.0021 0.3951 -0.9186
vn -0.7855 -0.6094 -0.1077
vn -0.8827 -0.0765 -0.4637
vn 0.7901 -0.6110 -0.0486
vn -0.8465 0.0075 -0.5324
vn 0.0093 0.9736 -0.2282
vn -0.3034 0.9220 0.2406
vn 0.0859 -0.6342 -0.7684
vn -0.2006 -0.7221 0.6621
vn -0.6103 -0.7862 0.0966
vn 0.9010 -0.4136 0.1306
vn 0.8597 -0.4589 0.2243
vn -0.4420 -0.8124 0.3803
vn 0.3181 -0.9239 -0.2128
vn 0.0301 0.9982 -0.0526
vn 0.8378 -0.5408 -0.0747
vn -0.8726 -0.4404 0.2112
vn 0.9581 0.0021 0.2863
vn -0.7672 0.4816 -0.4236
vn -0.4772 -0.3334 -0.8131
vn -0.9077 0.3443 0.2397
vn -0.7450 -0.3811 0.5474
vn 0.1598 0.0775 -0.9841
vn 0.4954 -0.5394 -0.6809
vn 0.8950 0.3758 0.2404
vn 0.9109 0.4124 0.0144
vn -0.8853 0.2325 -0.4026
vn -0.3978 -0.8962 -0.1964
vn 0.4823 -0.3308 0.8111
vn 0.3492 0.6899 0.6341
vn 0.8847 -0.3590 -0.2974
vn -0.9205 0.3254 -0.2165
vn -0.9025 0.1574 -0.4009
vn 0.8012 0.5095 -0.3138
vn -0.8328 -0.5278 0.1671
vn 0.7536 0.4226 0.5035
vn 0.1073 0.9578 -0.2665
vn -0.7329 0.6737 -0.0947
vn 0.5384 0.7515 0.3813
vn -0.9726 0.0421 0.2288
vn 0.8278 -0.4213 0.3704
vn -0.7605 -0.0282 -0.6487
vn -0.4254 0.8177 -0.3878
vn 0.9475 -0.3148 0.0561
vn -0.9100 0.1241 -0.3957
vn -0.8929 -0.0762 -0.4437
vn -0.9088 0.0121 -0.4170
vn -0.4934 -0.0815 -0.8660
vn 0.5052 0.2909 0.8125
vn 0.9206 0.3650 0.1386
vn 0.7399 -0.4233 0.5228
vn 0.6146 0.1073 0.7815
vn -0.9151 0.1246 -0.3836
vn -0.9398 0.1702 0.2964
vn -0.9641 -0.1651 0.2081
vn 0.8922 -0.1565 0.4236
vn 0.8440 0.4138 0.3413
vn -0.7893 0.1550 -0.5941
vn 0.8424 -0.4908 0.2223
vn -0.9012 0.3030 -0.3100
vn 0.7950 0.3948 -0.4605
vn -0.9220 0.2276 -0.3133
vn -0.9996 0.0266 0.0101
vn 0.9248 0.0997 0.3672
vn 0.9642 -0.1278 0.2325
vn 0.4816 -0.5991 -0.6396
vn 0.1197 0.6109 -0.7826
vn -0.5578 0.2635 -0.7870
vn -0.9921 -0.1199 0.0358
vn 0.8195 0.4384 0.3691
vn 0.9418 0.1834 0.2818
vn 0.9308 -0.2186 0.2928
vn -0.0868 -0.9005 -0.4261
vn -0.9742 -0.0982 -0.2030
vn -0.4996 0.6124 -0.6127
vn 0.1741 -0.0317 0.9842
vn 0.8774 -0.3889 0.2810
vn -0.9192 -0.0958 -0.3820
vn 0.9192 -0.1999 0.3392
vn -0.8295 -0.0077 -0.5585
vn -0.0890 -0.8121 -0.5768
vn 0.9837 0.0045 -0.1797
vn -0.9597 0.2786 0.0362
vn 0.6980 0.6977 -0.1613
vn -0.8551 0.3539 -0.3790
vn 0.9639 -0.2483 -0.0957
vn 0.0395 -0.4673 -0.8832
vn -0.8879 0.1025 -0.4485
vn -0.6672 0.1978 -0.7181
vn -0.8843 0.4657 -0.0334
vn 0.8684 -0.3999 0.2931
vn 0.7615 0.6256 -0.1695
vn 0.6107 0.7750 0.1627
vn 0.7690 0.6165 0.1692
vn 0.9575 -0.1738 0.2302
vn 0.9757 0.2179 -0.0248
vn -0.6939 0.4418 -0.5686
vn 0.7626 0.1493 0.6294
vn 0.9324 -0.1735 0.3172
vn 0.8266 0.3546 -0.4369
vn 0.5950 -0.7420 0.3088
vn 0.9424 -0.2686 -0.1995
vn -0.9262 -0.0082 -0.3770
vn 0.9609 0.2661 0.0761
vn 0.8520 -0.1008 0.5137
vn 0.5820 0.6485 0.4906
vn 0.9645 -0.2639 0.0075
vn 0.9100 -0.2267 0.3472
vn 0.8678 0.4965 0.0220
vn 0.9180 -0.3777 0.1210
vn 0.8738 -0.4211 -0.2433
vn -0.9848 -0.1294 -0.1158
vn 0.9334 -0.2371 0.2693
vn 0.9932 0.0920 0.0710
vn 0.9351 0.1399 0.3256
vn -0.3352 0.2738 -0.9015
vn -0.7222 -0.2250 -0.6541
vn 0.7541 -0.6155 -0.2291
vn -0.8080 0.4767 -0.3462
vn 0.8734 -0.2545 -0.4152
vn 0.9898 0.1265 0.0657
vn 0.9873 -0.0010 0.1589
vn 0.2186 -0.2677 -0.9384
vn 0.7414 0.6188 0.2597
vn 0.8863 -0.3160 -0.3385
vn 0.9708 -0.2280 -0.0750
vn 0.9204 -0.0019 0.3910
vn -0.8590 0.4030 -0.3157
vn -0.8417 0.4279 -0.3293
vn 0.9238 -0.2296 0.3065
vn 0.9272 0.0866 0.3645
vn 0.4337 0.7291 -0.5295
vn 0.9998 0.0157 -0.0154
vn -0.9111 0.1434 -0.3865
vn 0.7477 -0.5878 0.3090
vn 0.2530 0.9519 -0.1730
vn 0.9819 0.0039 -0.1893
vn 0.6531 -0.3332 -0.6801
vn 0.2695 -0.7676 -0.5815
vn 0.7018 -0.3966 -0.5917
vn 0.9987 0.0046 0.0513
vn 0.8786 0.1130 0.4640
vn -0.4101 -0.4882 -0.7704
vn 0.9588 0.1652 -0.2313
vn 0.6255 -0.7589 0.1810
vn 0.7298 -0.1103 -0.6747
vn 0.9946 0.0816 -0.0640
vn 0.9401 -0.0030 -0.3409
vn 0.9969 0.0481 0.0622
vn 0.9110 -0.1120 0.3969
vn 0.9670 0.1341 0.2165
vn 0.9940 0.0042 -0.1089
vn 0.9200 -0.3918 -0.0031
vn 0.0481 0.9988 0.0079
vn 0.9991 0.0345 -0.0236
vn 0.8638 0.2604 0.4313
vn 0.9429 0.0580 0.3280
vn -0.7900 -0.5344 -0.3005
vn -0.0009 -0.9336 0.3583
vn -0.5056 0.8559 -0.1089
vn -0.1329 0.9911 -0.0097
vn 0.9881 0.1441 0.0537
vn 0.2472 -0.5386 -0.8055
vn 0.9043 -0.2509 0.3454
vn -0.4571 -0.8853 -0.0849
vn 0.0748 -0.9770 0.1998
vn -0.2461 -0.9480 -0.2019
vn -0.4169 -0.7997 -0.4321
vn 0.9291 -0.1637 -0.3317
vn 0.9012 -0.3289 -0.2823
vn 0.9890 -0.0503 0.1390
vn -0.7143 0.6796 -0.1670
vn -0.9574 -0.0616 -0.2820
vn -0.1115 0.9512 0.2878
vn 0.9500 -0.2263 0.2150
vn 0.9779 -0.0558 -0.2015
vn -0.1713 0.9573 0.2327
vn -0.5645 0.7030 -0.4326
vn 0.3022 0.6891 0.6586
vn -0.1602 -0.9852 -0.0603
vn 0.3020 -0.9423 0.1448
vn 0.9003 0.0529 0.4320
vn -0.9001 -0.1212 -0.4184
vn 0.4246 -0.8858 0.1873
vn -0.4368 0.4957 -0.7506
vn 0.4643 0.4775 0.7459
vn -0.3156 -0.9434 -0.1021
vn -0.5175 0.7860 -0.3382
vn -0.8176 0.5686 0.0907
vn 0.7085 0.7053 0.0239
vn 0.3726 -0.9266 -0.0506
vn -0.5597 -0.8278 -0.0391
vn -0.5901 0.1768 -0.7877
vn 0.7824 -0.1611 0.6016
vn 0.6174 0.6400 0.4574
vn -0.9285 0.0783 -0.3629
vn 0.5925 0.6599 0.4621
vn -0.2018 0.9014 -0.3830
vn -0.9485 0.0756 -0.3077
vn 0.1373 -0.9905 0.0110
vn 0.3131 -0.1363 0.9399
vn 0.1788 -0.9764 -0.1211
vn 0.2349 0.9654 0.1131
vn 0.6042 -0.7814 0.1561
vn -0.9215 0.3740 0.1046
vn -0.6079 0.7830 -0.1319
vn -0.7224 -0.5640 -0.4000
vn 0.6920 0.7084 -0.1388
vn 0.3353 -0.9186 0.2092
vn 0.9141 0.3907 -0.1086
vn 0.3616 0.8955 0.2595
vn -0.4940 0.8664 0.0728
vn 0.1840 -0.9802 -0.0728
vn -0.0852 0.9713 0.2222
vn -0.9212 -0.2934 -0.2557
vn -0.3986 0.6754 -0.6204
vn 0.3976 -0.5467 0.7369
vn -0.7983 -0.0521 -0.5999
vn -0.2709 -0.0511 -0.9612
vn 0.8916 -0.2321 0.3888
vn 0.7269 0.3205 -0.6074
vn 0.7108 0.4667 -0.5263
vn -0.5796 -0.7434 -0.3339
vn -0.0762 0.9868 0.1428
vn -0.9979 -0.0496 0.0409
vn 0.9432 0.3005 0.1414
vn -0.8682 -0.4306 -0.2465
vn -0.3581 -0.9336 -0.0150
vn -0.1230 -0.0749 -0.9896
vn 0.4365 -0.7130 -0.5488
vn -0.4808 -0.4032 0.7786
vn -0.8879 -0.2872 0.3592
vn -0.5838 -0.3962 -0.7086
vn 0.0203 -0.8293 0.5584
vn -0.9024 -0.3534 -0.2464
vn 0.2205 -0.9685 0.1157
vn 0.7329 -0.6679 0.1297
vn 0.8034 -0.4726 -0.3622
vn 0.3086 -0.2100 -0.9277
vn 0.8932 -0.0886 -0.4409
vn 0.7490 -0.1507 -0.6452
vn -0.7476 0.3620 0.5568
vn 0.6657 0.7162 0.2096
vn -0.9252 0.3151 -0.2114
vn 0.9987 0.0066 -0.0504
vn -0.5759 -0.5445 -0.6098
vt 0.328764 0.296377
vt 0.328380 0.309593
vt 0.325115 0.292799
vt 0.013915 0.557663
vt 0.007968 0.538336
vt 0.013585 0.536103
vt 0.018542 0.549691
vt 0.008558 0.552356
vt 0.562768 0.124546
vt 0.575166 0.118045
vt 0.571426 0.125052
vt 0.328813 0.281288
vt 0.322265 0.290576
vt 0.670311 0.779218
vt 0.674342 0.771393
vt 0.674284 0.793581
vt 0.468625 0.803784
vt 0.465289 0.804139
vt 0.465852 0.802431
vt 0.669300 0.762817
vt 0.593263 0.118774
vt 0.594241 0.122028
vt 0.471855 0.816300
vt 0.473008 0.790966
vt 0.322518 0.281813
vt 0.451523 0.800497
vt 0.077395 0.132660
vt 0.081517 0.132558
vt 0.076713 0.150107
vt 0.591015 0.128396
vt 0.000533 0.387816
vt 0.000533 0.384398
vt 0.002903 0.385986
vt 0.558359 0.035123
vt 0.582545 0.038499
vt 0.559726 0.041114
vt 0.495332 0.813189
vt 0.319112 0.257878
vt 0.081583 0.146252
vt 0.674299 0.738165
vt 0.084005 0.132195
vt 0.611508 0.118584
vt 0.320426 0.250545
vt 0.464689 0.778534
vt 0.315489 0.260696
vt 0.561642 0.028986
vt 0.583302 0.033741
vt 0.085853 0.146801
vt 0.072166 0.146542
vt 0.672345 0.696846
vt 0.580469 0.043727
vt 0.087321 0.132551
vt 0.311835 0.262567
vt 0.585065 0.041904
vt 0.829796 0.992409
vt 0.840607 0.994579
vt 0.838598 0.999437
vt 0.582159 0.047067
vt 0.079677 0.168247
vt 0.481171 0.736909
vt 0.408082 0.838938
vt 0.581459 0.030048
vt 0.032455 0.946260
vt 0.025658 0.939315
vt 0.026909 0.919371
vt 0.586876 0.044536
vt 0.245401 0.706976
vt 0.245401 0.759298
vt 0.241099 0.764306
vt 0.525153 0.812482
vt 0.405056 0.307172
vt 0.433075 0.301695
vt 0.457536 0.305671
vt 0.586409 0.027183
vt 0.586953 0.049047
vt 0.585974 0.052836
vt 0.050492 0.223588
vt 0.051301 0.227215
vt 0.037634 0.224306
vt 0.862238 0.999427
vt 0.032762 0.917755
vt 0.827639 0.159584
vt 0.821783 0.165411
vt 0.813785 0.155973
vt 0.087382 0.166372
vt 0.830619 0.154442
vt 0.810073 0.140564
vt 0.830884 0.152122
vt 0.053420 0.222424
vt 0.031018 0.205653
vt 0.981922 0.598563
vt 0.985272 0.560276
vt 0.986168 0.602709
vt 0.947132 0.686632
vt 0.947132 0.629833
vt 0.950267 0.628537
vt 0.059938 0.181161
vt 0.060165 0.178991
vt 0.071470 0.178884
vt 0.813789 0.149100
vt 0.093720 0.176296
vt 0.089131 0.183098
vt 0.863871 0.994720
vt 0.439381 0.396877
vt 0.476969 0.420125
vt 0.469264 0.420229
vt 0.150019 0.601909
vt 0.149767 0.598476
vt 0.152099 0.599430
vt 0.798465 0.164888
vt 0.799101 0.160136
vt 0.425970 0.287330
vt 0.460190 0.298235
vt 0.151615 0.616383
vt 0.086047 0.170854
vt 0.158191 0.288706
vt 0.174261 0.286981
vt 0.188665 0.293085
vt 0.038079 0.203320
vt 0.486810 0.134365
vt 0.445352 0.137254
vt 0.463588 0.134365
vt 0.479315 0.418161
vt 0.793234 0.149264
vt 0.136070 0.603484
vt 0.863716 0.990745
vt 0.068219 0.062418
vt 0.065886 0.086976
vt 0.062468 0.074527
vt 0.074923 0.975877
vt 0.071202 0.974306
vt 0.071057 0.955265
vt 0.145658 0.568693
vt 0.342331 0.483672
vt 0.329872 0.483557
vt 0.337750 0.474571
vt 0.326753 0.504442
vt 0.326610 0.496110
vt 0.331176 0.542367
vt 0.186813 0.297282
vt 0.756015 0.389355
vt 0.774833 0.367539
vt 0.822286 0.411790
vt 0.586573 0.008199
vt 0.589417 0.009748
vt 0.584368 0.010098
vt 0.586507 0.001193
vt 0.473994 0.424616
vt 0.349219 0.470739
vt 0.365393 0.492240
vt 0.326618 0.489060
vt 0.320635 0.493936
vt 0.105994 0.713437
vt 0.113195 0.725142
vt 0.108458 0.738278
vt 0.172226 0.283472
vt 0.192451 0.276956
vt 0.797142 0.146003
vt 0.459566 0.294093
vt 0.497442 0.079189
vt 0.504095 0.080773
vt 0.489261 0.085926
vt 0.793809 0.160718
vt 0.816695 0.367233
vt 0.330682 0.476921
vt 0.502548 0.087126
vt 0.501559 0.093406
vt 0.488986 0.097268
vt 0.904573 0.071436
vt 0.898746 0.068753
vt 0.900770 0.064177
vt 0.466814 0.304474
vt 0.789006 0.154776
vt 0.057809 0.093694
vt 0.057690 0.073952
vt 0.506592 0.931348
vt 0.504985 0.955499
vt 0.499398 0.952557
vt 0.207616 0.283034
vt 0.323512 0.486730
vt 0.065765 0.957049
vt 0.004047 0.573394
vt 0.008494 0.561703
vt 0.016290 0.562353
vt 0.800542 0.356987
vt 0.490228 0.112915
vt 0.494392 0.111115
vt 0.016149 0.567507
vt 0.895134 0.980311
vt 0.909347 0.973093
vt 0.917082 0.978289
vt 0.895538 0.967816
vt 0.373017 0.477789
vt 0.437097 0.133241
vt 0.487465 0.089026
vt 0.324933 0.485560
vt 0.473404 0.429526
vt 0.478937 0.426660
vt 0.314510 0.513699
vt 0.308182 0.492795
vt 0.893036 0.964540
vt 0.898190 0.957443
vt 0.907254 0.966906
vt 0.803218 0.142621
vt 0.006378 0.577226
vt 0.016528 0.571428
vt 0.331176 0.389300
vt 0.287905 0.404969
vt 0.309415 0.375042
vt 0.432230 0.519020
vt 0.409368 0.528066
vt 0.418584 0.521937
vt 0.195312 0.290479
vt 0.459678 0.288643
vt 0.432975 0.660354
vt 0.429924 0.665949
vt 0.429963 0.654396
vt 0.189381 0.299381
vt 0.791847 0.164704
vt 0.053571 0.091334
vt 0.929994 0.962767
vt 0.903380 0.968589
vt 0.325229 0.483749
vt 0.805082 0.139449
vt 0.446000 0.679894
vt 0.439619 0.680407
vt 0.436703 0.659284
vt 0.596502 0.261110
vt 0.590430 0.259547
vt 0.597079 0.251147
vt 0.997318 0.262969
vt 0.996054 0.274298
vt 0.993514 0.265628
vt 0.305923 0.481015
vt 0.433157 0.662383
vt 0.430479 0.680822
vt 0.320834 0.289939
vt 0.314722 0.303146
vt 0.304431 0.299389
vt 0.052716 0.950485
vt 0.072710 0.950874
vt 0.598259 0.266147
vt 0.490128 0.116780
vt 0.473767 0.108480
vt 0.435373 0.516434
vt 0.925152 0.976639
vt 0.590700 0.250508
vt 0.906241 0.969628
vt 0.633152 0.267630
vt 0.622588 0.277647
vt 0.128582 0.725686
vt 0.117576 0.734634
vt 0.116692 0.727926
vt 0.896721 0.063693
vt 0.447866 0.691215
vt 0.014164 0.574934
vt 0.423036 0.665548
vt 0.486285 0.421858
vt 0.114483 0.738834
vt 0.126686 0.730109
vt 0.208443 0.829299
vt 0.195982 0.843131
vt 0.196737 0.832874
vt 0.050529 0.084652
vt 0.433325 0.676528
vt 0.780800 0.143937
vt 0.315639 0.525410
vt 0.308546 0.269511
vt 0.168841 0.006688
vt 0.159149 0.007128
vt 0.156160 0.003567
vt 0.897610 0.061650
vt 0.019517 0.561778
vt 0.289971 0.365500
vt 0.210488 0.289761
vt 0.598249 0.287157
vt 0.893823 0.070014
vt 0.319468 0.479269
vt 0.449512 0.516884
vt 0.445524 0.515857
vt 0.984518 0.258633
vt 0.188582 0.835049
vt 0.971292 0.337525
vt 0.964811 0.347442
vt 0.962550 0.333616
vt 0.283979 0.938906
vt 0.328410 0.924469
vt 0.329669 0.940528
vt 0.420513 0.675282
vt 0.161735 0.002690
vt 0.176682 0.006599
vt 0.610828 0.284174
vt 0.323607 0.360337
vt 0.407399 0.057808
vt 0.390676 0.063113
vt 0.405372 0.047936
vt 0.468771 0.093768
vt 0.130998 0.730913
vt 0.416104 0.513277
vt 0.487002 0.959790
vt 0.190043 0.841639
vt 0.050092 0.089499
vt 0.462238 0.295912
vt 0.462988 0.297926
vt 0.583906 0.268505
vt 0.587467 0.260431
vt 0.996918 0.248039
vt 0.588076 0.289502
vt 0.014536 0.099659
vt 0.013687 0.094543
vt 0.016115 0.090886
vt 0.015293 0.913965
vt 0.015293 0.889177
vt 0.020544 0.900629
vt 0.327612 0.464506
vt 0.452987 0.682989
vt 0.457869 0.685033
vt 0.454677 0.693481
vt 0.520216 0.968347
vt 0.492864 0.965372
vt 0.501368 0.962890
vt 0.104642 0.753917
vt 0.395564 0.502371
vt 0.005444 0.096197
vt 0.394924 0.513814
vt 0.483248 0.969978
vt 0.489019 0.416844
vt 0.930724 0.981192
vt 0.192882 0.847747
vt 0.584023 0.255556
vt 0.432310 0.684779
vt 0.435717 0.512733
vt 0.016156 0.109899
vt 0.479294 0.965416
vt 0.040793 0.296277
vt 0.033043 0.282278
vt 0.044129 0.288862
vt 0.469518 0.116786
vt 0.967147 0.320403
vt 0.342262 0.000498
vt 0.340724 0.002905
vt 0.336091 0.000076
vt 0.882221 0.073134
vt 0.874641 0.065165
vt 0.088837 0.386520
vt 0.079098 0.400540
vt 0.077713 0.395329
vt 0.037856 0.283448
vt 0.873231 0.013587
vt 0.866655 0.023550
vt 0.868790 0.014756
vt 0.036633 0.300965
vt 0.030098 0.298609
vt 0.030200 0.284176
vt 0.415809 0.509738
vt 0.959618 0.326512
vt 0.490516 0.081495
vt 0.484410 0.085765
vt 0.489954 0.078780
vt 0.587390 0.255328
vt 0.035724 0.279059
vt 0.038102 0.274936
vt 0.477969 0.542321
vt 0.511608 0.527549
vt 0.504768 0.556915
vt 0.420459 0.685057
vt 0.081999 0.385668
vt 0.869674 0.007869
vt 0.866583 0.010615
vt 0.976699 0.316656
vt 0.485527 0.082298
vt 0.335490 0.009252
vt 0.292648 0.306176
vt 0.280649 0.293464
vt 0.153081 0.064806
vt 0.151814 0.046686
vt 0.176610 0.066716
vt 0.469333 0.695017
vt 0.453253 0.704275
vt 0.309146 0.360318
vt 0.218408 0.117468
vt 0.177983 0.128365
vt 0.171381 0.116929
vt 0.824522 0.085028
vt 0.804987 0.092558
vt 0.821403 0.084756
vt 0.425824 0.687048
vt 0.078028 0.401504
vt 0.342959 0.009076
vt 0.418709 0.688266
vt 0.484243 0.028264
vt 0.490225 0.030091
vt 0.488634 0.031890
vt 0.520900 0.569500
vt 0.540226 0.589678
vt 0.509590 0.576276
vt 0.573312 0.270291
vt 0.580687 0.268182
vt 0.389722 0.059154
vt 0.058258 0.140515
vt 0.058385 0.145306
vt 0.048786 0.138237
vt 0.404430 0.046243
vt 0.036596 0.128593
vt 0.042199 0.133187
vt 0.036353 0.132603
vt 0.486522 0.562623
vt 0.268599 0.383809
vt 0.489265 0.568958
vt 0.453607 0.510445
vt 0.460068 0.090007
vt 0.064820 0.384905
vt 0.067712 0.414265
vt 0.439903 0.699727
vt 0.502690 0.438174
vt 0.272959 0.268559
vt 0.897471 0.632167
vt 0.885637 0.595795
vt 0.895505 0.596604
vt 0.045010 0.142835
vt 0.489001 0.025584
vt 0.870587 0.070254
vt 0.406422 0.673285
vt 0.198736 0.855997
vt 0.145660 0.293609
vt 0.163429 0.300792
vt 0.149446 0.300253
vt 0.076910 0.377095
vt 0.464196 0.769218
vt 0.457813 0.761796
vt 0.470283 0.750423
vt 0.025581 0.302875
vt 0.026308 0.285514
vt 0.428216 0.688913
vt 0.959177 0.321847
vt 0.579252 0.262232
vt 0.041346 0.490859
vt 0.041346 0.458577
vt 0.045546 0.478504
vt 0.446282 0.699065
vt 0.044676 0.149805
vt 0.817591 0.089576
vt 0.046814 0.153131
vt 0.146299 0.302174
vt 0.184054 0.841846
vt 0.110591 0.746929
vt 0.203594 0.145882
vt 0.972888 0.312798
vt 0.472309 0.537818
vt 0.469937 0.544048
vt 0.300766 0.359778
vt 0.480273 0.077127
vt 0.538309 0.601631
vt 0.535461 0.600235
vt 0.216316 0.141765
vt 0.204745 0.148167
vt 0.496870 0.031217
vt 0.057505 0.020578
vt 0.064318 0.016241
vt 0.074965 0.017492
vt 0.315211 0.356868
vt 0.523075 0.603961
vt 0.968213 0.314499
vt 0.277025 0.305242
vt 0.270667 0.290215
vt 0.186663 0.885459
vt 0.191832 0.896396
vt 0.179183 0.879776
vt 0.577060 0.263774
vt 0.823713 0.089630
vt 0.813677 0.094449
vt 0.810104 0.093374
vt 0.285990 0.109033
vt 0.287557 0.104976
vt 0.293167 0.109475
vt 0.269180 0.372250
vt 0.167457 0.900460
vt 0.389620 0.075014
vt 0.174310 0.332890
vt 0.163933 0.329750
vt 0.173798 0.327818
vt 0.044834 0.129908
vt 0.431263 0.687428
vt 0.198178 0.896204
vt 0.201223 0.926595
vt 0.529168 0.610618
vt 0.058498 0.130208
vt 0.971303 0.666645
vt 0.972388 0.682735
vt 0.967464 0.669701
vt 0.189488 0.930729
vt 0.811724 0.102233
vt 0.966197 0.675150
vt 0.496225 0.047071
vt 0.545572 0.596201
vt 0.115626 0.389977
vt 0.115626 0.435748
vt 0.113142 0.412363
vt 0.153289 0.337127
vt 0.146183 0.341639
vt 0.149086 0.336980
vt 0.960563 0.313672
vt 0.970748 0.660411
vt 0.976460 0.658423
vt 0.972231 0.663878
vt 0.275122 0.364699
vt 0.370706 0.049132
vt 0.564779 0.570897
vt 0.578196 0.570448
vt 0.564062 0.587401
vt 0.872066 0.218971
vt 0.831201 0.219755
vt 0.840519 0.217656
vt 0.064150 0.013387
vt 0.075838 0.014115
vt 0.552512 0.576423
vt 0.954579 0.318386
vt 0.270710 0.309742
vt 0.861166 0.207425
vt 0.870007 0.212921
vt 0.927177 0.382950
vt 0.929627 0.408972
vt 0.920580 0.414361
vt 0.516237 0.521699
vt 0.456152 0.774035
vt 0.711589 0.012409
vt 0.720604 0.012468
vt 0.720075 0.014591
vt 0.879255 0.573528
vt 0.890570 0.582042
vt 0.940826 0.311060
vt 0.955019 0.308424
vt 0.064185 0.011296
vt 0.495518 0.025999
vt 0.041250 0.412892
vt 0.043541 0.406597
vt 0.052218 0.420192
vt 0.460191 0.080337
vt 0.985422 0.672475
vt 0.881225 0.218461
vt 0.819355 0.084347
vt 0.696677 0.013540
vt 0.149079 0.327230
vt 0.041268 0.428283
vt 0.671360 0.012623
vt 0.647737 0.012623
vt 0.671182 0.010450
vt 0.164880 0.307173
vt 0.050144 0.405241
vt 0.903529 0.003014
vt 0.906977 0.002105
vt 0.905539 0.003451
vt 0.477256 0.565289
vt 0.573736 0.258927
vt 0.078970 0.021595
vt 0.493104 0.415442
vt 0.472937 0.544762
vt 0.282630 0.363140
vt 0.840985 0.209783
vt 0.289804 0.359205
vt 0.046142 0.436702
vt 0.707721 0.824717
vt 0.699076 0.821347
vt 0.698807 0.817331
vt 0.097984 0.578982
vt 0.103462 0.595695
vt 0.098748 0.594773
vt 0.096341 0.584401
vt 0.435713 0.779032
vt 0.441757 0.775983
vt 0.183232 0.852375
vt 0.416726 0.696417
vt 0.326336 0.343681
vt 0.302806 0.350018
vt 0.442816 0.700814
vt 0.442091 0.504529
vt 0.804589 0.082645
vt 0.446082 0.802374
vt 0.838756 0.002512
vt 0.838756 0.013197
vt 0.834293 0.004899
vt 0.028826 0.406786
vt 0.020026 0.395196
vt 0.028659 0.384907
vt 0.470190 0.554820
vt 0.613403 0.105320
vt 0.608742 0.100807
vt 0.619215 0.103448
vt 0.450654 0.763919
vt 0.648776 0.010723
vt 0.633953 0.011423
vt 0.625156 0.010346
vt 0.711606 0.828382
vt 0.702474 0.840630
vt 0.282995 0.107814
vt 0.281764 0.097752
vt 0.142519 0.337142
vt 0.904568 0.010671
vt 0.205473 0.866969
vt 0.823044 0.760095
vt 0.833347 0.765118
vt 0.828342 0.766657
vt 0.277341 0.113104
vt 0.271893 0.110327
vt 0.848679 0.761292
vt 0.425488 0.693224
vt 0.166603 0.321272
vt 0.174674 0.319580
vt 0.288612 0.097950
vt 0.572194 0.579055
vt 0.273419 0.352573
vt 0.987336 0.560660
vt 0.990573 0.597664
vt 0.987365 0.603306
vt 0.034127 0.603375
vt 0.031963 0.601735
vt 0.037102 0.601150
vt 0.597804 0.061964
vt 0.599123 0.073720
vt 0.592835 0.067233
vt 0.276885 0.930918
vt 0.265150 0.945896
vt 0.265221 0.925894
vt 0.972068 0.694456
vt 0.989901 0.692508
vt 0.293629 0.355891
vt 0.859558 0.033781
vt 0.855957 0.031966
vt 0.851846 0.021831
vt 0.826128 0.772165
vt 0.459324 0.546456
vt 0.054093 0.123248
vt 0.870819 0.060886
vt 0.469886 0.546173
vt 0.461562 0.709400
vt 0.163522 0.310875
vt 0.144071 0.926843
vt 0.146047 0.919453
vt 0.162731 0.917993
vt 0.148471 0.929724
vt 0.846037 0.203915
vt 0.694918 0.819567
vt 0.077164 0.011796
vt 0.640902 0.015182
vt 0.634734 0.013529
vt 0.474983 0.505131
vt 0.281182 0.948591
vt 0.047951 0.600702
vt 0.960966 0.385509
vt 0.952110 0.406084
vt 0.949421 0.404191
vt 0.292340 0.097420
vt 0.963703 0.421954
vt 0.953917 0.444634
vt 0.955761 0.416161
vt 0.977749 0.652132
vt 0.145211 0.312243
vt 0.188159 0.855980
vt 0.691363 0.807852
vt 0.689520 0.812142
vt 0.963290 0.414062
vt 0.407825 0.693248
vt 0.426378 0.771656
vt 0.546142 0.615326
vt 0.842173 0.767080
vt 0.591754 0.595944
vt 0.606129 0.593489
vt 0.630686 0.605546
vt 0.906853 0.013114
vt 0.562414 0.599986
vt 0.046478 0.351615
vt 0.046478 0.383780
vt 0.041397 0.358013
vt 0.143961 0.974330
vt 0.162048 0.962453
vt 0.155731 0.973253
vt 0.873790 0.202930
vt 0.135586 0.305317
vt 0.152850 0.500549
vt 0.152850 0.450359
vt 0.165756 0.456926
vt 0.200390 0.865407
vt 0.035161 0.598430
vt 0.900882 0.580180
vt 0.864355 0.203288
vt 0.409417 0.488540
vt 0.396698 0.500828
vt 0.395340 0.494425
vt 0.689964 0.823779
vt 0.009942 0.452466
vt 0.009942 0.429223
vt 0.011167 0.450259
vt 0.014656 0.858553
vt 0.009399 0.857055
vt 0.011121 0.856082
vt 0.486869 0.000499
vt 0.487321 0.010792
vt 0.480770 0.009637
vt 0.897791 0.345920
vt 0.910942 0.313813
vt 0.902793 0.339481
vt 0.060070 0.428043
vt 0.698805 0.815736
vt 0.892053 0.351873
vt 0.893652 0.342421
vt 0.536787 0.627032
vt 0.264432 0.366714
vt 0.094799 0.068591
vt 0.126364 0.063957
vt 0.125570 0.068591
vt 0.451557 0.533477
vt 0.454854 0.748574
vt 0.690578 0.803451
vt 0.692915 0.804965
vt 0.481238 0.001530
vt 0.296253 0.351504
vt 0.724547 0.854907
vt 0.580500 0.581261
vt 0.437375 0.706704
vt 0.861705 0.033805
vt 0.972314 0.417279
vt 0.800733 0.095785
vt 0.269382 0.359582
vt 0.986230 0.949181
vt 0.989215 0.965604
vt 0.981970 0.955668
vt 0.519637 0.614985
vt 0.623296 0.091513
vt 0.875544 0.355845
vt 0.877410 0.360851
vt 0.874888 0.367297
vt 0.972445 0.426082
vt 0.852919 0.034530
vt 0.843189 0.025471
vt 0.631907 0.031216
vt 0.633200 0.033645
vt 0.631520 0.037637
vt 0.837581 0.772861
vt 0.263252 0.268654
vt 0.062322 0.139531
vt 0.271037 0.101350
vt 0.450269 0.658534
vt 0.466285 0.668916
vt 0.475021 0.683528
vt 0.450212 0.749455
vt 0.451390 0.756427
vt 0.506852 0.038169
vt 0.271120 0.114357
vt 0.990603 0.675052
vt 0.015357 0.408907
vt 0.965336 0.397528
vt 0.179651 0.847653
vt 0.174951 0.839305
vt 0.050523 0.614614
vt 0.038386 0.623732
vt 0.048284 0.610380
vt 0.284258 0.091828
vt 0.635702 0.112912
vt 0.623232 0.104373
vt 0.632199 0.106311
vt 0.586981 0.073189
vt 0.977087 0.426190
vt 0.579931 0.591415
vt 0.453815 0.756971
vt 0.055113 0.437665
vt 0.891332 0.357407
vt 0.036741 0.150719
vt 0.611013 0.085433
vt 0.614085 0.087437
vt 0.855739 0.018489
vt 0.824265 0.772040
vt 0.798098 0.077221
vt 0.858753 0.199937
vt 0.940138 0.412735
vt 0.944264 0.410655
vt 0.461900 0.619083
vt 0.459037 0.621197
vt 0.435844 0.619168
vt 0.267957 0.292792
vt 0.264232 0.287858
vt 0.656028 0.744246
vt 0.648111 0.730705
vt 0.656980 0.739286
vt 0.904019 0.342758
vt 0.920498 0.340464
vt 0.929662 0.373932
vt 0.837694 0.017819
vt 0.021350 0.120880
vt 0.030548 0.125759
vt 0.036500 0.148143
vt 0.995673 0.955240
vt 0.999258 0.968345
vt 0.640221 0.748275
vt 0.274817 0.095145
vt 0.051163 0.533171
vt 0.052806 0.528956
vt 0.077535 0.532956
vt 0.380326 0.968443
vt 0.385670 0.966291
vt 0.382586 0.968006
vt 0.563255 0.066621
vt 0.568824 0.067421
vt 0.573805 0.075192
vt 0.425910 0.776509
vt 0.263770 0.276564
vt 0.885540 0.203990
vt 0.330054 0.954064
vt 0.313972 0.940930
vt 0.336118 0.953348
vt 0.864159 0.195760
vt 0.159097 0.971836
vt 0.052532 0.606451
vt 0.033173 0.608537
vt 0.105195 0.682529
vt 0.114070 0.697458
vt 0.118571 0.712711
vt 0.591367 0.084869
vt 0.816494 0.769765
vt 0.141815 0.328195
vt 0.022513 0.075146
vt 0.022513 0.099621
vt 0.020688 0.091308
vt 0.603167 0.078091
vt 0.017599 0.030885
vt 0.016789 0.052863
vt 0.015719 0.037901
vt 0.171729 0.997621
vt 0.186255 0.990336
vt 0.187907 0.992331
vt 0.695526 0.804330
vt 0.454723 0.707474
vt 0.319129 0.959674
vt 0.136450 0.309915
vt 0.139767 0.314153
vt 0.321200 0.567021
vt 0.318373 0.528361
vt 0.321200 0.535874
vt 0.505839 0.044659
vt 0.842153 0.199990
vt 0.040397 0.626379
vt 0.414903 0.624007
vt 0.385479 0.971724
vt 0.381490 0.969393
vt 0.164951 0.981247
vt 0.063416 0.406822
vt 0.068715 0.419703
vt 0.456962 0.985526
vt 0.420308 0.985526
vt 0.451241 0.983056
vt 0.295984 0.105920
vt 0.431300 0.803630
vt 0.658896 0.733819
vt 0.078382 0.983188
vt 0.073385 0.951996
vt 0.075646 0.951911
vt 0.928904 0.351324
vt 0.932014 0.316323
vt 0.045880 0.598091
vt 0.419575 0.698040
vt 0.832462 0.783630
vt 0.132987 0.068111
vt 0.453637 0.751998
vt 0.656123 0.727919
vt 0.599789 0.088218
vt 0.568124 0.257134
vt 0.192883 0.961994
vt 0.207099 0.940164
vt 0.195303 0.963157
vt 0.632918 0.753330
vt 0.638729 0.736654
vt 0.138149 0.332278
vt 0.465062 0.552428
vt 0.045124 0.155908
vt 0.262099 0.356183
vt 0.205716 0.932671
vt 0.641412 0.035920
vt 0.637270 0.040468
vt 0.977114 0.421813
vt 0.449259 0.714153
vt 0.446549 0.714094
vt 0.640325 0.111484
vt 0.980888 0.127541
vt 0.976802 0.124481
vt 0.998873 0.121172
vt 0.632637 0.733713
vt 0.024631 0.349237
vt 0.034682 0.351710
vt 0.034883 0.354353
vt 0.931418 0.414439
vt 0.390047 0.967068
vt 0.387569 0.971713
vt 0.808878 0.994008
vt 0.806121 0.988411
vt 0.808524 0.984966
vt 0.276938 0.952125
vt 0.067694 0.021758
vt 0.066458 0.023898
vt 0.040799 0.023388
vt 0.132369 0.895961
vt 0.108355 0.901201
vt 0.116211 0.891632
vt 0.456486 0.544276
vt 0.450794 0.539098
vt 0.136282 0.336762
vt 0.691671 0.788064
vt 0.919534 0.423638
vt 0.025477 0.343965
vt 0.029364 0.342963
vt 0.504853 0.046568
vt 0.298934 0.099976
vt 0.108885 0.799377
vt 0.119975 0.800757
vt 0.106729 0.803617
vt 0.484352 0.708893
vt 0.464127 0.714923
vt 0.880418 0.360762
vt 0.800008 0.960216
vt 0.797484 0.950811
vt 0.838255 0.959848
vt 0.578574 0.067250
vt 0.849086 0.769048
vt 0.506140 0.026985
vt 0.999929 0.961329
vt 0.180343 0.854976
vt 0.082215 0.697643
vt 0.088585 0.689139
vt 0.093890 0.713431
vt 0.329590 0.207957
vt 0.326367 0.202330
vt 0.344722 0.203233
vt 0.044351 0.626737
vt 0.075186 0.529524
vt 0.433109 0.709384
vt 0.855879 0.925559
vt 0.860833 0.922184
vt 0.864493 0.922320
vt 0.282090 0.535399
vt 0.283941 0.517835
vt 0.289878 0.526392
vt 0.140636 0.322673
vt 0.639414 0.991856
vt 0.648185 0.992417
vt 0.640119 0.995211
vt 0.031075 0.305914
vt 0.035555 0.305927
vt 0.037933 0.328301
vt 0.903150 0.355358
vt 0.866026 0.927686
vt 0.878673 0.916031
vt 0.873682 0.924246
vt 0.862355 0.024317
vt 0.482195 0.610647
vt 0.014447 0.842526
vt 0.856519 0.771042
vt 0.844124 0.792744
vt 0.837783 0.794056
vt 0.849283 0.811456
vt 0.837593 0.807975
vt 0.310246 0.604156
vt 0.907195 0.585146
vt 0.000141 0.264685
vt 0.002804 0.269297
vt 0.000145 0.280234
vt 0.039033 0.139103
vt 0.630025 0.097304
vt 0.463692 0.625174
vt 0.442104 0.625422
vt 0.223026 0.006404
vt 0.231557 0.007150
vt 0.211742 0.007833
vt 0.093944 0.892414
vt 0.203932 0.870655
vt 0.329167 0.011009
vt 0.336069 0.013424
vt 0.329414 0.012070
vt 0.897517 0.361088
vt 0.605916 0.587201
vt 0.626356 0.584928
vt 0.456674 0.546396
vt 0.625847 0.093742
vt 0.639051 0.727748
vt 0.605026 0.728354
vt 0.614090 0.713855
vt 0.617046 0.715928
vt 0.158346 0.998495
vt 0.295159 0.184720
vt 0.347944 0.181832
vt 0.495356 0.624853
vt 0.290255 0.513925
vt 0.090760 0.686962
vt 0.185479 0.958532
vt 0.197859 0.935469
vt 0.328349 0.013175
vt 0.699421 0.808416
vt 0.624184 0.077603
vt 0.147148 0.291992
vt 0.127690 0.289389
vt 0.142200 0.286775
vt 0.022405 0.147183
vt 0.313906 0.013537
vt 0.391127 0.495486
vt 0.287037 0.505102
vt 0.476067 0.678431
vt 0.650104 0.723544
vt 0.794593 0.093751
vt 0.260155 0.943179
vt 0.260831 0.953171
vt 0.348419 0.314855
vt 0.372266 0.316574
vt 0.354893 0.322639
vt 0.984921 0.148516
vt 0.980564 0.131561
vt 0.992220 0.138412
vt 0.640386 0.586797
vt 0.325567 0.528854
vt 0.325728 0.574418
vt 0.096552 0.025368
vt 0.085655 0.020287
vt 0.112676 0.020587
vt 0.247999 0.003164
vt 0.242663 0.004691
vt 0.237665 0.004135
vt 0.262504 0.286145
vt 0.983771 0.114481
vt 0.065475 0.874872
vt 0.085889 0.863076
vt 0.084674 0.886249
vt 0.607130 0.582686
vt 0.624740 0.733244
vt 0.036129 0.622275
vt 0.437507 0.020503
vt 0.436133 0.009314
vt 0.442610 0.007479
vt 0.945350 0.404699
vt 0.805752 0.994415
vt 0.256690 0.004489
vt 0.165398 0.965247
vt 0.980708 0.425744
vt 0.296723 0.959285
vt 0.296184 0.940669
vt 0.169610 0.952747
vt 0.164441 0.961927
vt 0.165435 0.944624
vt 0.279365 0.506267
vt 0.462638 0.611523
vt 0.047181 0.158539
vt 0.177982 0.923036
vt 0.167379 0.970735
vt 0.107781 0.416579
vt 0.089643 0.429544
vt 0.105886 0.409897
vt 0.009480 0.840514
vt 0.264182 0.103711
vt 0.955011 0.975168
vt 0.956304 0.977401
vt 0.938203 0.976707
vt 0.173362 0.954087
vt 0.189105 0.932985
vt 0.179180 0.962433
vt 0.933076 0.978199
vt 0.101504 0.618367
vt 0.980435 0.956481
vt 0.983797 0.966186
vt 0.641601 0.115819
vt 0.392355 0.973481
vt 0.192301 0.868356
vt 0.118450 0.803723
vt 0.023554 0.030593
vt 0.635448 0.095525
vt 0.507343 0.940447
vt 0.525028 0.957587
vt 0.510630 0.956941
vt 0.560102 0.607814
vt 0.648264 0.996598
vt 0.476235 0.990784
vt 0.502117 0.983849
vt 0.512965 0.991605
vt 0.124269 0.286959
vt 0.015398 0.776379
vt 0.015644 0.783961
vt 0.010248 0.782681
vt 0.926858 0.975164
vt 0.032125 0.576562
vt 0.032125 0.546944
vt 0.034149 0.577749
vt 0.413914 0.701515
vt 0.785778 0.087131
vt 0.050005 0.592288
vt 0.004975 0.785550
vt 0.583163 0.070315
vt 0.194248 0.931786
vt 0.465291 0.720127
vt 0.451484 0.716435
vt 0.631795 0.723598
vt 0.478346 0.585003
vt 0.504405 0.050583
vt 0.507489 0.050644
vt 0.502091 0.054196
vt 0.405306 0.714534
vt 0.843725 0.194089
vt 0.840279 0.821266
vt 0.833171 0.810259
vt 0.831312 0.790991
vt 0.164472 0.897712
vt 0.258417 0.359909
vt 0.126578 0.292940
vt 0.473386 0.533768
vt 0.498219 0.526269
vt 0.512045 0.524326
vt 0.038025 0.311599
vt 0.157187 0.936942
vt 0.146160 0.936401
vt 0.333072 0.606642
vt 0.913971 0.424199
vt 0.911291 0.416974
vt 0.915337 0.375381
vt 0.098752 0.708005
vt 0.823847 0.783745
vt 0.916010 0.010673
vt 0.917339 0.015544
vt 0.917096 0.022521
vt 0.091828 0.101436
vt 0.104401 0.074172
vt 0.091611 0.108941
vt 0.232866 0.219020
vt 0.232121 0.248705
vt 0.228000 0.228869
vt 0.349398 0.326305
vt 0.377264 0.392652
vt 0.403199 0.389452
vt 0.422848 0.393989
vt 0.085921 0.429926
vt 0.126947 0.791986
vt 0.592889 0.336700
vt 0.611088 0.334524
vt 0.611536 0.344840
vt 0.942261 0.409371
vt 0.876776 0.931442
vt 0.357802 0.331693
vt 0.115984 0.358634
vt 0.106693 0.344987
vt 0.128162 0.363070
vt 0.018765 0.112081
vt 0.016867 0.091316
vt 0.019814 0.091536
vt 0.260413 0.286503
vt 0.055358 0.596614
vt 0.841469 0.034710
vt 0.087866 0.800035
vt 0.082142 0.772866
vt 0.101295 0.785120
vt 0.080763 0.946611
vt 0.055963 0.604535
vt 0.381531 0.045072
vt 0.375300 0.033463
vt 0.386771 0.038648
vt 0.683621 0.800731
vt 0.785457 0.103913
vt 0.790070 0.100563
vt 0.791715 0.104678
vt 0.871703 0.917453
vt 0.099411 0.077595
vt 0.055455 0.601349
vt 0.999312 0.066590
vt 0.996046 0.039135
vt 0.999312 0.038957
vt 0.132246 0.383418
vt 0.460197 0.551564
vt 0.022407 0.111923
vt 0.087650 0.095048
vt 0.469639 0.724296
vt 0.121797 0.288046
vt 0.732407 0.034815
vt 0.725797 0.034674
vt 0.733062 0.033538
vt 0.240911 0.103473
vt 0.194534 0.103473
vt 0.197533 0.101731
vt 0.017007 0.115851
vt 0.643867 0.602675
vt 0.428589 0.611266
vt 0.230137 0.456514
vt 0.228163 0.451850
vt 0.234572 0.452589
vt 0.644368 0.998816
vt 0.699762 0.804848
vt 0.176327 0.849303
vt 0.912312 0.008897
vt 0.432216 0.519938
vt 0.199582 0.368189
vt 0.189239 0.346413
vt 0.194650 0.353010
vt 0.583996 0.086739
vt 0.177149 0.366997
vt 0.176119 0.374829
vt 0.159816 0.377375
vt 0.508330 0.623008
vt 0.152790 0.981868
vt 0.187404 0.982017
vt 0.701228 0.792112
vt 0.586785 0.585051
vt 0.366825 0.152410
vt 0.371112 0.156210
vt 0.363388 0.157925
vt 0.480027 0.682327
vt 0.622673 0.718737
vt 0.224296 0.454280
vt 0.225316 0.459307
vt 0.219110 0.457793
vt 0.956944 0.125106
vt 0.240016 0.246646
vt 0.810105 0.950437
vt 0.045448 0.317084
vt 0.043316 0.328843
vt 0.827132 0.823606
vt 0.390645 0.311180
vt 0.377322 0.325460
vt 0.529831 0.951530
vt 0.703904 0.801906
vt 0.701198 0.808139
vt 0.198014 0.878093
vt 0.059729 0.876367
vt 0.063145 0.895693
vt 0.059158 0.910574
vt 0.719042 0.044597
vt 0.037533 0.353808
vt 0.565000 0.607072
vt 0.622779 0.370018
vt 0.609372 0.373412
vt 0.589310 0.371657
vt 0.783873 0.078554
vt 0.909817 0.035530
vt 0.938489 0.044846
vt 0.910959 0.045472
vt 0.691802 0.027043
vt 0.692685 0.036794
vt 0.665696 0.027009
vt 0.830578 0.805517
vt 0.386165 0.149934
vt 0.334430 0.320579
vt 0.332483 0.304463
vt 0.168336 0.293000
vt 0.172326 0.966515
vt 0.120186 0.810746
vt 0.117931 0.631881
vt 0.119094 0.654385
vt 0.116800 0.654921
vt 0.021641 0.048205
vt 0.893153 0.013010
vt 0.897434 0.007118
vt 0.898207 0.012614
vt 0.099574 0.007123
vt 0.113113 0.003186
vt 0.113701 0.006243
vt 0.933310 0.430584
vt 0.502810 0.063466
vt 0.487771 0.053713
vt 0.441903 0.609196
vt 0.471489 0.513957
vt 0.504792 0.503006
vt 0.523560 0.502893
vt 0.264570 0.092542
vt 0.677674 0.836015
vt 0.032378 0.591183
vt 0.064746 0.848740
vt 0.061969 0.880475
vt 0.056024 0.846084
vt 0.333667 0.579194
vt 0.960984 0.016970
vt 0.959354 0.011791
vt 0.975637 0.014763
vt 0.617808 0.714310
vt 0.579796 0.088807
vt 0.559326 0.081185
vt 0.388700 0.323657
vt 0.396722 0.953597
vt 0.094448 0.003534
vt 0.958563 0.757364
vt 0.960877 0.732595
vt 0.962054 0.750926
vt 0.456097 0.086974
vt 0.443865 0.091498
vt 0.451895 0.072157
vt 0.357024 0.101742
vt 0.360555 0.087882
vt 0.363635 0.101248
vt 0.355654 0.112102
vt 0.330954 0.102891
vt 0.939097 0.402369
vt 0.398494 0.308052
vt 0.826497 0.953059
vt 0.478655 0.064483
vt 0.429283 0.184506
vt 0.432140 0.180231
vt 0.434354 0.184303
vt 0.150224 0.133998
vt 0.172883 0.123767
vt 0.148713 0.150792
vt 0.319311 0.577457
vt 0.325632 0.594266
vt 0.318271 0.615322
vt 0.331718 0.078974
vt 0.173041 0.958418
vt 0.089554 0.077924
vt 0.473235 0.669842
vt 0.545332 0.132410
vt 0.521355 0.131977
vt 0.520004 0.128267
vt 0.083621 0.094657
vt 0.026061 0.627224
vt 0.015013 0.795050
vt 0.986378 0.173975
vt 0.991739 0.174255
vt 0.979956 0.175921
vt 0.084928 0.063407
vt 0.077566 0.069584
vt 0.079486 0.038909
vt 0.057127 0.834638
vt 0.060926 0.813096
vt 0.064130 0.847679
vt 0.576606 0.601358
vt 0.578507 0.362942
vt 0.618327 0.362723
vt 0.510544 0.064782
vt 0.088910 0.412427
vt 0.104595 0.405241
vt 0.261473 0.112297
vt 0.995288 0.052344
vt 0.114477 0.369571
vt 0.094003 0.405509
vt 0.379184 0.047261
vt 0.371698 0.046052
vt 0.898060 0.434599
vt 0.893153 0.430120
vt 0.906774 0.424743
vt 0.589322 0.345525
vt 0.804256 0.762573
vt 0.172063 0.978088
vt 0.221870 0.446386
vt 0.874021 0.106467
vt 0.872178 0.102658
vt 0.875089 0.098396
vt 0.137293 0.355362
vt 0.457286 0.531732
vt 0.144861 0.135368
vt 0.467610 0.574683
vt 0.116899 0.101200
vt 0.123546 0.127404
vt 0.121223 0.125258
vt 0.183177 0.352189
vt 0.178915 0.334136
vt 0.184757 0.331953
vt 0.217354 0.449858
vt 0.222076 0.464281
vt 0.056148 0.909459
vt 0.648028 0.044900
vt 0.587531 0.591686
vt 0.023456 0.048614
vt 0.961544 0.009379
vt 0.972513 0.009680
vt 0.230494 0.253920
vt 0.224623 0.245454
vt 0.118332 0.343204
vt 0.477402 0.671149
vt 0.230722 0.448218
vt 0.097072 0.611965
vt 0.998444 0.177674
vt 0.993193 0.179977
vt 0.332531 0.113850
vt 0.637823 0.048108
vt 0.063326 0.816955
vt 0.388553 0.399184
vt 0.007875 0.789614
vt 0.802365 0.101162
vt 0.799392 0.103350
vt 0.036483 0.342238
vt 0.027378 0.382361
vt 0.040099 0.359749
vt 0.041535 0.366481
vt 0.026212 0.376368
vt 0.031199 0.367991
vt 0.494081 0.607764
vt 0.608908 0.707762
vt 0.622752 0.694795
vt 0.366085 0.164465
vt 0.416045 0.163599
vt 0.440132 0.176312
vt 0.409207 0.182004
vt 0.380483 0.507617
vt 0.717195 0.992089
vt 0.707083 0.997818
vt 0.689361 0.998792
vt 0.757363 0.286683
vt 0.702137 0.268739
vt 0.748955 0.247927
vt 0.931449 0.707920
vt 0.934405 0.710177
vt 0.939123 0.727785
vt 0.151910 0.367706
vt 0.904099 0.432041
vt 0.405563 0.117515
vt 0.453053 0.117515
vt 0.407210 0.122053
vt 0.103446 0.342852
vt 0.100047 0.349992
vt 0.101525 0.339967
vt 0.198833 0.380860
vt 0.461328 0.050864
vt 0.461168 0.027177
vt 0.465321 0.023692
vt 0.463458 0.051419
vt 0.056020 0.860080
vt 0.509005 0.620477
vt 0.398456 0.963546
vt 0.370384 0.334540
vt 0.407281 0.707326
vt 0.500266 0.520060
vt 0.229928 0.270529
vt 0.230135 0.262159
vt 0.236405 0.272880
vt 0.633546 0.717568
vt 0.179059 0.361262
vt 0.190739 0.371197
vt 0.438330 0.185561
vt 0.224712 0.230885
vt 0.056562 0.876681
vt 0.720060 0.029826
vt 0.087811 0.367596
vt 0.067280 0.381341
vt 0.066399 0.374553
vt 0.603060 0.359143
vt 0.586502 0.356392
vt 0.996854 0.130788
vt 0.996826 0.169964
vt 0.219348 0.270105
vt 0.155527 0.896379
vt 0.110595 0.343604
vt 0.636789 0.086993
vt 0.957927 0.720097
vt 0.441349 0.183211
vt 0.075604 0.605935
vt 0.080128 0.614999
vt 0.076197 0.612054
vt 0.468140 0.039430
vt 0.069992 0.881548
vt 0.079055 0.889183
vt 0.072988 0.893617
vt 0.930344 0.435085
vt 0.080470 0.737529
vt 0.081441 0.768385
vt 0.078361 0.774990
vt 0.868477 0.105129
vt 0.869058 0.101905
vt 0.105684 0.335447
vt 0.120757 0.336984
vt 0.627719 0.695885
vt 0.259983 0.429137
vt 0.260677 0.477805
vt 0.254381 0.449915
vt 0.522828 0.513067
vt 0.037545 0.350677
vt 0.446129 0.537688
vt 0.647826 0.051951
vt 0.443467 0.536092
vt 0.030523 0.341083
vt 0.124044 0.788047
vt 0.067530 0.578624
vt 0.049799 0.584045
vt 0.065016 0.554394
vt 0.779307 0.101407
vt 0.012937 0.723515
vt 0.004062 0.717820
vt 0.014404 0.720131
vt 0.090966 0.618912
vt 0.098032 0.620876
vt 0.086076 0.623585
vt 0.655381 0.605380
vt 0.651024 0.034855
vt 0.447921 0.527136
vt 0.872167 0.098403
vt 0.257286 0.965122
vt 0.459958 0.533926
vt 0.650740 0.576182
vt 0.587488 0.097520
vt 0.017684 0.090785
vt 0.017684 0.066309
vt 0.021098 0.079259
vt 0.484809 0.705598
vt 0.468043 0.737494
vt 0.993719 0.171127
vt 0.908817 0.434985
vt 0.320788 0.081527
vt 0.169073 0.842663
vt 0.865291 0.635289
vt 0.872829 0.662937
vt 0.864735 0.680294
vt 0.025338 0.284932
vt 0.021988 0.282416
vt 0.035727 0.273567
vt 0.171389 0.116139
vt 0.167270 0.115320
vt 0.173406 0.109527
vt 0.928392 0.025593
vt 0.939047 0.042644
vt 0.911714 0.034887
vt 0.398612 0.414364
vt 0.402352 0.404026
vt 0.448460 0.411073
vt 0.886427 0.923361
vt 0.981736 0.017621
vt 0.080894 0.534373
vt 0.077027 0.534132
vt 0.397258 0.323164
vt 0.254822 0.112001
vt 0.030577 0.360312
vt 0.691852 0.039382
vt 0.667599 0.035032
vt 0.427686 0.199984
vt 0.448815 0.198161
vt 0.440876 0.211160
vt 0.370130 0.492307
vt 0.179594 0.862109
vt 0.581303 0.089791
vt 0.961312 0.712445
vt 0.075347 0.770436
vt 0.073689 0.761001
vt 0.733283 0.029517
vt 0.063649 0.998124
vt 0.035540 0.993780
vt 0.049310 0.990534
vt 0.170942 0.855335
vt 0.383476 0.959121
vt 0.383535 0.954788
vt 0.510042 0.032017
vt 0.587220 0.102984
vt 0.057336 0.595036
vt 0.349183 0.078696
vt 0.022489 0.074569
vt 0.019239 0.067598
vt 0.021276 0.050124
vt 0.178339 0.968405
vt 0.186333 0.980006
vt 0.021977 0.977781
vt 0.021817 0.987575
vt 0.015101 0.978052
vt 0.187408 0.972439
vt 0.349142 0.335604
vt 0.857169 0.103768
vt 0.510316 0.034702
vt 0.666038 0.002146
vt 0.679280 0.009407
vt 0.667379 0.009593
vt 0.506300 0.609237
vt 0.040490 0.351368
vt 0.099316 0.732685
vt 0.104483 0.736303
vt 0.068811 0.734034
vt 0.397549 0.167127
vt 0.362412 0.337966
vt 0.086388 0.031230
vt 0.113784 0.034815
vt 0.100191 0.039553
vt 0.298413 0.497842
vt 0.298458 0.508004
vt 0.164289 0.106060
vt 0.673177 0.000226
vt 0.563101 0.628857
vt 0.359006 0.155385
vt 0.355028 0.177523
vt 0.220486 0.264283
vt 0.861094 0.653989
vt 0.408369 0.745716
vt 0.014593 0.718077
vt 0.035376 0.998467
vt 0.021957 0.718009
vt 0.460164 0.559605
vt 0.458735 0.518162
vt 0.110700 0.656795
vt 0.107219 0.636692
vt 0.264630 0.086657
vt 0.233295 0.084959
vt 0.276769 0.080255
vt 0.654521 0.696874
vt 0.682861 0.855110
vt 0.977503 0.303734
vt 0.983275 0.305144
vt 0.966161 0.305335
vt 0.848480 0.100264
vt 0.856616 0.094537
vt 0.428463 0.203027
vt 0.245278 0.080255
vt 0.155540 0.006047
vt 0.141463 0.008299
vt 0.140000 0.004956
vt 0.606267 0.582093
vt 0.175198 0.849875
vt 0.522600 0.939601
vt 0.137199 0.007419
vt 0.664288 0.588082
vt 0.031494 0.324095
vt 0.034952 0.339122
vt 0.825221 0.811359
vt 0.161851 0.098336
vt 0.102454 0.728106
vt 0.718362 0.149837
vt 0.724532 0.165421
vt 0.700440 0.152079
vt 0.151817 0.380839
vt 0.921514 0.430309
vt 0.916053 0.430032
vt 0.436520 0.531896
vt 0.059745 0.313685
vt 0.361145 0.084414
vt 0.796784 0.004516
vt 0.802136 0.015121
vt 0.798309 0.009662
vt 0.345567 0.850081
vt 0.315451 0.852600
vt 0.316940 0.832541
vt 0.648264 0.086108
vt 0.652917 0.098363
vt 0.549154 0.627201
vt 0.849363 0.094699
vt 0.221350 0.441041
vt 0.459608 0.051671
vt 0.463318 0.053813
vt 0.460802 0.079404
vt 0.072441 0.366412
vt 0.050477 0.349436
vt 0.047508 0.340799
vt 0.235358 0.263047
vt 0.092584 0.632285
vt 0.082986 0.634936
vt 0.183099 0.107822
vt 0.359915 0.053429
vt 0.364429 0.038531
vt 0.417061 0.607832
vt 0.460727 0.188128
vt 0.444234 0.188319
vt 0.526551 0.509132
vt 0.319723 0.114235
vt 0.527139 0.943678
vt 0.398541 0.973597
vt 0.457994 0.726458
vt 0.016720 0.689137
vt 0.016875 0.669012
vt 0.024955 0.668305
vt 0.215032 0.448472
vt 0.786011 0.106479
vt 0.155684 0.386939
vt 0.705107 0.028906
vt 0.090230 0.611385
vt 0.801680 0.006414
vt 0.929935 0.443756
vt 0.080724 0.624675
vt 0.221623 0.251465
vt 0.456412 0.183916
vt 0.146547 0.376433
vt 0.147384 0.355511
vt 0.126243 0.780723
vt 0.141322 0.824314
vt 0.131077 0.801664
vt 0.189187 0.879988
vt 0.370635 0.174875
vt 0.231860 0.178792
vt 0.239231 0.168531
vt 0.235607 0.176337
vt 0.132253 0.221621
vt 0.136436 0.221780
vt 0.138091 0.226463
vt 0.920631 0.432904
vt 0.724446 0.874527
vt 0.035791 0.336092
vt 0.085529 0.028074
vt 0.099016 0.027212
vt 0.303151 0.503237
vt 0.565966 0.336953
vt 0.222495 0.257617
vt 0.026951 0.354998
vt 0.033351 0.356637
vt 0.146683 0.380256
vt 0.010431 0.396300
vt 0.013624 0.405075
vt 0.010598 0.419605
vt 0.239493 0.173244
vt 0.492304 0.705057
vt 0.445828 0.066270
vt 0.021186 0.803113
vt 0.027980 0.808886
vt 0.022158 0.828135
vt 0.596057 0.578346
vt 0.110446 0.398743
vt 0.444947 0.726534
vt 0.394513 0.804312
vt 0.379132 0.799651
vt 0.368497 0.787634
vt 0.404417 0.967606
vt 0.967720 0.303875
vt 0.001213 0.351334
vt 0.000560 0.341151
vt 0.002877 0.341896
vt 0.521240 0.037357
vt 0.519148 0.045164
vt 0.519016 0.023565
vt 0.130291 0.384827
vt 0.041131 0.113784
vt 0.039768 0.129361
vt 0.035943 0.098425
vt 0.668345 0.603055
vt 0.169867 0.848971
vt 0.396849 0.979683
vt 0.041246 0.349086
vt 0.302072 0.597106
vt 0.107954 0.654099
vt 0.285540 0.483965
vt 0.611422 0.395860
vt 0.628139 0.405444
vt 0.621455 0.407655
vt 0.133032 0.020258
vt 0.126141 0.025100
vt 0.115868 0.020309
vt 0.237969 0.253346
vt 0.967025 0.302421
vt 0.463060 0.180335
vt 0.654634 0.039385
vt 0.157633 0.103285
vt 0.047343 0.374960
vt 0.056812 0.591781
vt 0.101206 0.333344
vt 0.104532 0.330076
vt 0.006274 0.973601
vt 0.613213 0.416076
vt 0.626574 0.415981
vt 0.621044 0.421020
vt 0.420575 0.418126
vt 0.217379 0.260802
vt 0.006412 0.797333
vt 0.010143 0.797988
vt 0.006020 0.808996
vt 0.220312 0.244711
vt 0.081642 0.890269
vt 0.034534 0.991977
vt 0.792689 0.112324
vt 0.009751 0.988990
vt 0.377164 0.950606
vt 0.143163 0.821938
vt 0.367020 0.522472
vt 0.245533 0.232329
vt 0.258108 0.243562
vt 0.256711 0.248254
vt 0.455190 0.070960
vt 0.459424 0.098154
vt 0.067426 0.614456
vt 0.071403 0.604411
vt 0.924584 0.437009
vt 0.921229 0.441889
vt 0.512812 0.025771
vt 0.720922 0.028059
vt 0.913527 0.374945
vt 0.496887 0.132344
vt 0.224239 0.437363
vt 0.133543 0.106280
vt 0.141753 0.113372
vt 0.136077 0.111817
vt 0.037562 0.424109
vt 0.031185 0.419104
vt 0.033487 0.411611
vt 0.109203 0.671997
vt 0.672160 0.837638
vt 0.635418 0.409081
vt 0.455798 0.192075
vt 0.506833 0.090226
vt 0.529296 0.089883
vt 0.530922 0.093229
vt 0.360128 0.704917
vt 0.379413 0.698393
vt 0.358182 0.718165
vt 0.096534 0.636634
vt 0.037084 0.430999
vt 0.043623 0.435912
vt 0.116038 0.145141
vt 0.446012 0.732295
vt 0.913404 0.435337
vt 0.917217 0.433153
vt 0.263129 0.020441
vt 0.242026 0.020267
vt 0.243668 0.017895
vt 0.038773 0.330548
vt 0.039112 0.539668
vt 0.030863 0.546256
vt 0.017987 0.531907
vt 0.002443 0.340370
vt 0.519294 0.673177
vt 0.788490 0.118104
vt 0.379667 0.171637
vt 0.687420 0.989917
vt 0.347373 0.631460
vt 0.353871 0.627590
vt 0.348016 0.633609
vt 0.375816 0.634412
vt 0.366566 0.631056
vt 0.153137 0.221131
vt 0.141966 0.238608
vt 0.145875 0.223532
vt 0.040223 0.356469
vt 0.059368 0.587429
vt 0.459212 0.062867
vt 0.449500 0.066009
vt 0.212612 0.271531
vt 0.402545 0.772625
vt 0.305471 0.838277
vt 0.843366 0.249799
vt 0.830438 0.242335
vt 0.870694 0.227232
vt 0.252937 0.963232
vt 0.936433 0.735313
vt 0.026014 0.825466
vt 0.105554 0.025889
vt 0.233683 0.304654
vt 0.242794 0.299485
vt 0.255542 0.305430
vt 0.601487 0.360274
vt 0.570291 0.357199
vt 0.000847 0.247121
vt 0.002273 0.263417
vt 0.000182 0.263925
vt 0.003550 0.991544
vt 0.003565 0.974466
vt 0.005948 0.991204
vt 0.734220 0.215794
vt 0.725920 0.214336
vt 0.715778 0.207003
vt 0.388012 0.170729
vt 0.035808 0.686075
vt 0.939782 0.029845
vt 0.941159 0.027259
vt 0.963364 0.024561
vt 0.273265 0.188422
vt 0.273476 0.184453
vt 0.277889 0.186668
vt 0.146133 0.385415
vt 0.421478 0.199742
vt 0.073686 0.623576
vt 0.333065 0.609287
vt 0.327229 0.620825
vt 0.238337 0.268066
vt 0.278170 0.259397
vt 0.362980 0.693308
vt 0.071214 0.727167
vt 0.078245 0.709535
vt 0.077710 0.724387
vt 0.085311 0.716551
vt 0.085053 0.723745
vt 0.665344 0.003073
vt 0.417802 0.420562
vt 0.109423 0.028600
vt 0.376440 0.706837
vt 0.144054 0.891554
vt 0.359483 0.188423
vt 0.347290 0.685318
vt 0.356555 0.674564
vt 0.372775 0.688958
vt 0.926414 0.705645
vt 0.616014 0.427900
vt 0.640390 0.416112
vt 0.070105 0.899810
vt 0.358342 0.344322
vt 0.082289 0.714638
vt 0.815609 0.250217
vt 0.799299 0.105958
vt 0.302317 0.578411
vt 0.340123 0.630864
vt 0.664213 0.040737
vt 0.926786 0.435913
vt 0.150219 0.098698
vt 0.184291 0.875717
vt 0.017357 0.541148
vt 0.090209 0.727387
vt 0.033306 0.800730
vt 0.686339 0.998710
vt 0.008934 0.866172
vt 0.014720 0.863629
vt 0.009706 0.880834
vt 0.268609 0.182534
vt 0.013248 0.688120
vt 0.016076 0.698566
vt 0.007912 0.687851
vt 0.707041 0.164450
vt 0.134592 0.005349
vt 0.038529 0.334627
vt 0.933905 0.748996
vt 0.921757 0.712855
vt 0.250048 0.183164
vt 0.250965 0.182785
vt 0.251589 0.187252
vt 0.400538 0.977724
vt 0.295794 0.231504
vt 0.273798 0.226517
vt 0.280938 0.219159
vt 0.235354 0.412987
vt 0.254547 0.445645
vt 0.440410 0.731422
vt 0.240243 0.177997
vt 0.092001 0.612004
vt 0.083061 0.590518
vt 0.097573 0.593810
vt 0.155317 0.116770
vt 0.411251 0.972578
vt 0.057767 0.587101
vt 0.087342 0.480220
vt 0.082011 0.483468
vt 0.064083 0.482253
vt 0.643388 0.694022
vt 0.540879 0.961005
vt 0.151436 0.125576
vt 0.163183 0.126690
vt 0.533103 0.947386
vt 0.142099 0.120787
vt 0.150827 0.162438
vt 0.122219 0.061260
vt 0.089858 0.061260
vt 0.095610 0.046251
vt 0.563952 0.342498
vt 0.009906 0.615765
vt 0.009365 0.631252
vt 0.003676 0.614598
vt 0.211644 0.447421
vt 0.212120 0.244837
vt 0.533191 0.936975
vt 0.389227 0.766241
vt 0.672069 0.581347
vt 0.312524 0.855958
vt 0.298805 0.844520
vt 0.610481 0.391325
vt 0.596177 0.407339
vt 0.593680 0.402925
vt 0.014599 0.798016
vt 0.059353 0.387662
vt 0.053083 0.367370
vt 0.035797 0.694484
vt 0.068051 0.633967
vt 0.715174 0.197123
vt 0.247800 0.276262
vt 0.461971 0.183465
vt 0.655198 0.030032
vt 0.661558 0.030327
vt 0.260299 0.185509
vt 0.258359 0.182798
vt 0.261948 0.181193
vt 0.667151 0.607548
vt 0.470815 0.068354
vt 0.494281 0.064878
vt 0.494286 0.067405
vt 0.459312 0.564492
vt 0.928509 0.438038
vt 0.461873 0.194029
vt 0.669855 0.574092
vt 0.262535 0.009014
vt 0.861439 0.764286
vt 0.872034 0.772931
vt 0.861708 0.775659
vt 0.066630 0.508980
vt 0.062388 0.486812
vt 0.070565 0.490675
vt 0.242838 0.185206
vt 0.247829 0.170260
vt 0.162456 0.405540
vt 0.165738 0.455530
vt 0.155169 0.446869
vt 0.464693 0.200133
vt 0.477979 0.187229
vt 0.362951 0.785545
vt 0.252771 0.153580
vt 0.087462 0.332321
vt 0.090247 0.322652
vt 0.390922 0.238367
vt 0.384383 0.246492
vt 0.375074 0.242352
vt 0.015051 0.877628
vt 0.012987 0.882076
vt 0.131384 0.129106
vt 0.692553 0.165788
vt 0.675649 0.156158
vt 0.164462 0.412937
vt 0.015236 0.842461
vt 0.020110 0.848271
vt 0.016019 0.867406
vt 0.304991 0.492546
vt 0.016424 0.088766
vt 0.011816 0.079318
vt 0.017046 0.077126
vt 0.150768 0.392023
vt 0.265391 0.182571
vt 0.269962 0.175755
vt 0.362677 0.951842
vt 0.369087 0.951009
vt 0.362302 0.954273
vt 0.031438 0.433962
vt 0.601617 0.381333
vt 0.577915 0.383601
vt 0.024663 0.299334
vt 0.016801 0.273944
vt 0.056023 0.563676
vt 0.183592 0.151025
vt 0.472848 0.930887
vt 0.501458 0.927796
vt 0.507561 0.930657
vt 0.927918 0.439164
vt 0.122076 0.912589
vt 0.115478 0.901495
vt 0.124272 0.905877
vt 0.345680 0.348473
vt 0.024128 0.414679
vt 0.022651 0.408467
vt 0.181847 0.135808
vt 0.242613 0.015232
vt 0.425698 0.040292
vt 0.457464 0.039955
vt 0.442350 0.055286
vt 0.348504 0.950292
vt 0.030961 0.577521
vt 0.112516 0.833934
vt 0.418692 0.183985
vt 0.426929 0.015549
vt 0.426832 0.003106
vt 0.432275 0.009178
vt 0.069776 0.634787
vt 0.131841 0.825536
vt 0.124798 0.806496
vt 0.097019 0.896957
vt 0.373041 0.177657
vt 0.134082 0.598810
vt 0.132548 0.573357
vt 0.143469 0.570948
vt 0.052203 0.586445
vt 0.255427 0.156375
vt 0.334582 0.619385
vt 0.301631 0.483843
vt 0.354542 0.352876
vt 0.032019 0.827057
vt 0.217738 0.436597
vt 0.604174 0.684825
vt 0.614186 0.677832
vt 0.865727 0.088615
vt 0.713871 0.225497
vt 0.714100 0.223714
vt 0.152909 0.114824
vt 0.118578 0.146713
vt 0.241089 0.294126
vt 0.665257 0.143561
vt 0.688594 0.138156
vt 0.645617 0.419592
vt 0.120408 0.569399
vt 0.131429 0.569029
vt 0.964489 0.031415
vt 0.111459 0.901836
vt 0.018680 0.693757
vt 0.899096 0.873213
vt 0.902857 0.872049
vt 0.912520 0.877084
vt 0.057255 0.727600
vt 0.057711 0.717175
vt 0.146228 0.396953
vt 0.120975 0.801611
vt 0.126865 0.820806
vt 0.395091 0.242132
vt 0.006518 0.074219
vt 0.062414 0.484498
vt 0.231890 0.341953
vt 0.349784 0.627121
vt 0.023351 0.432302
vt 0.036711 0.125869
vt 0.014269 0.812369
vt 0.012103 0.794406
vt 0.925217 0.766127
vt 0.920545 0.731043
vt 0.543580 0.946918
vt 0.072260 0.487777
vt 0.020926 0.693587
vt 0.882351 0.902237
vt 0.878206 0.893914
vt 0.881736 0.890715
vt 0.088567 0.727987
vt 0.091310 0.711604
vt 0.147388 0.120667
vt 0.344682 0.946862
vt 0.368883 0.945202
vt 0.382659 0.806959
vt 0.367052 0.811433
vt 0.028923 0.548845
vt 0.358296 0.197145
vt 0.449813 0.211927
vt 0.242041 0.286430
vt 0.245060 0.285931
vt 0.253847 0.291646
vt 0.553655 0.880840
vt 0.552499 0.876629
vt 0.559418 0.875688
vt 0.557036 0.379903
vt 0.101132 0.302438
vt 0.109877 0.321676
vt 0.097978 0.314636
vt 0.821792 0.224010
vt 0.125813 0.901454
vt 0.465560 0.575525
vt 0.639577 0.411615
vt 0.632335 0.682507
vt 0.910622 0.871830
vt 0.218677 0.965621
vt 0.212114 0.955114
vt 0.217646 0.956926
vt 0.976404 0.047617
vt 0.977499 0.036341
vt 0.982946 0.034674
vt 0.487418 0.720882
vt 0.487511 0.736525
vt 0.122276 0.925443
vt 0.154831 0.421960
vt 0.364645 0.967970
vt 0.120460 0.829979
vt 0.940917 0.440247
vt 0.063804 0.483620
vt 0.367056 0.189803
vt 0.295286 0.238997
vt 0.350754 0.955776
vt 0.150073 0.257107
vt 0.137669 0.244860
vt 0.318168 0.823631
vt 0.298313 0.815718
vt 0.607831 0.069690
vt 0.619723 0.064982
vt 0.641569 0.068364
vt 0.029522 0.551212
vt 0.020599 0.549580
vt 0.420843 0.198207
vt 0.388975 0.187268
vt 0.002343 0.328507
vt 0.002343 0.339633
vt 0.001585 0.334611
vt 0.639207 0.405195
vt 0.461237 0.196048
vt 0.458825 0.202440
vt 0.703909 0.214978
vt 0.355772 0.966606
vt 0.242684 0.290760
vt 0.274489 0.174452
vt 0.276639 0.183233
vt 0.024892 0.420665
vt 0.431758 0.014354
vt 0.364119 0.799536
vt 0.637624 0.052041
vt 0.646524 0.060646
vt 0.643613 0.062503
vt 0.040295 0.330824
vt 0.255071 0.300509
vt 0.876324 0.769001
vt 0.108067 0.332466
vt 0.590984 0.669607
vt 0.587080 0.660850
vt 0.596430 0.667358
vt 0.276944 0.173177
vt 0.279673 0.480442
vt 0.282307 0.474326
vt 0.027925 0.693365
vt 0.417515 0.201314
vt 0.250444 0.478340
vt 0.239761 0.456151
vt 0.478964 0.178365
vt 0.040643 0.335811
vt 0.459707 0.209009
vt 0.890608 0.862391
vt 0.082636 0.599761
vt 0.021755 0.554477
vt 0.270528 0.164988
vt 0.086254 0.710897
vt 0.599946 0.679168
vt 0.971433 0.033446
vt 0.011298 0.994988
vt 0.014911 0.992602
vt 0.016572 0.994131
vt 0.055965 0.714795
vt 0.445510 0.730264
vt 0.559144 0.358548
vt 0.000173 0.389883
vt 0.001856 0.391106
vt 0.000107 0.392640
vt 0.263405 0.156227
vt 0.193293 0.887001
vt 0.256793 0.484952
vt 0.346745 0.624897
vt 0.871921 0.757899
vt 0.360160 0.623821
vt 0.551007 0.377610
vt 0.929744 0.762926
vt 0.101356 0.988347
vt 0.103884 0.993491
vt 0.101761 0.994977
vt 0.067407 0.641048
vt 0.666184 0.425494
vt 0.663429 0.419239
vt 0.669149 0.419623
vt 0.411249 0.724685
vt 0.115142 0.329127
vt 0.582755 0.416893
vt 0.278840 0.171438
vt 0.104830 0.990631
vt 0.291826 0.536086
vt 0.298427 0.569177
vt 0.264692 0.587516
vt 0.481861 0.199227
vt 0.512493 0.068651
vt 0.902705 0.865414
vt 0.990649 0.269589
vt 0.989910 0.270283
vt 0.983000 0.264246
vt 0.855736 0.752679
vt 0.355082 0.796375
vt 0.440747 0.031155
vt 0.426283 0.035855
vt 0.450872 0.022817
vt 0.450860 0.029314
vt 0.453933 0.030785
vt 0.427221 0.038548
vt 0.678248 0.425012
vt 0.035536 0.388436
vt 0.041709 0.372828
vt 0.040950 0.402823
vt 0.551095 0.090030
vt 0.102489 0.321929
vt 0.571891 0.638158
vt 0.107193 0.937668
vt 0.108950 0.932075
vt 0.454445 0.032097
vt 0.794952 0.121601
vt 0.376783 0.672811
vt 0.109627 0.327863
vt 0.104570 0.324746
vt 0.021420 0.703859
vt 0.021241 0.701470
vt 0.022826 0.999005
vt 0.982161 0.257797
vt 0.544096 0.956642
vt 0.880576 0.879123
vt 0.889382 0.874463
vt 0.348075 0.617243
vt 0.090029 0.318711
vt 0.594210 0.662804
vt 0.290269 0.849187
vt 0.254963 0.554927
vt 0.242302 0.583701
vt 0.242992 0.566739
vt 0.583814 0.669175
vt 0.190429 0.569210
vt 0.181198 0.560136
vt 0.187071 0.558353
vt 0.583665 0.409009
vt 0.053804 0.654002
vt 0.040113 0.649279
vt 0.053231 0.650072
vt 0.276689 0.555749
vt 0.258313 0.599629
vt 0.246113 0.589258
vt 0.652921 0.406242
vt 0.487427 0.923423
vt 0.883476 0.090355
vt 0.000589 0.292110
vt 0.002373 0.298767
vt 0.000082 0.305337
vt 0.675280 0.607153
vt 0.569967 0.880586
vt 0.565209 0.866785
vt 0.583013 0.870730
vt 0.014453 0.705865
vt 0.018365 0.702052
vt 0.141681 0.131414
vt 0.264209 0.332546
vt 0.179469 0.936722
vt 0.346446 0.954899
vt 0.645922 0.411733
vt 0.462977 0.588064
vt 0.546270 0.188580
vt 0.538376 0.203655
vt 0.539875 0.185139
vt 0.358728 0.970957
vt 0.107328 0.322711
vt 0.685124 0.579180
vt 0.680028 0.592310
vt 0.277763 0.157195
vt 0.282131 0.169435
vt 0.605892 0.666683
vt 0.071807 0.285271
vt 0.089465 0.290511
vt 0.069415 0.296844
vt 0.552429 0.338248
vt 0.069948 0.269622
vt 0.076813 0.269033
vt 0.957497 0.974449
vt 0.975839 0.945887
vt 0.976926 0.967467
vt 0.390089 0.680945
vt 0.212763 0.949747
vt 0.297054 0.583835
vt 0.256290 0.556450
vt 0.084290 0.708018
vt 0.414430 0.734453
vt 0.141974 0.263285
vt 0.347532 0.636769
vt 0.577677 0.360277
vt 0.085365 0.275499
vt 0.136057 0.400220
vt 0.279703 0.484066
vt 0.662740 0.406522
vt 0.399265 0.243043
vt 0.403019 0.247783
vt 0.031438 0.384691
vt 0.036134 0.374620
vt 0.089193 0.282365
vt 0.891712 0.858893
vt 0.089643 0.270028
vt 0.954572 0.951326
vt 0.963443 0.947274
vt 0.951977 0.966994
vt 0.907879 0.860584
vt 0.896757 0.854453
vt 0.391913 0.812110
vt 0.357948 0.822693
vt 0.019497 0.641855
vt 0.019497 0.667914
vt 0.016831 0.667764
vt 0.110603 0.941492
vt 0.873953 0.748955
vt 0.873249 0.756424
vt 0.180114 0.940552
vt 0.351505 0.776259
vt 0.116960 0.325020
vt 0.390015 0.176540
vt 0.492243 0.725620
vt 0.257247 0.228451
vt 0.280813 0.489820
vt 0.361979 0.758406
vt 0.375871 0.755667
vt 0.082922 0.300355
vt 0.917038 0.738227
vt 0.239569 0.468418
vt 0.379747 0.747608
vt 0.185211 0.930477
vt 0.292302 0.475450
vt 0.545050 0.355267
vt 0.116818 0.328563
vt 0.083395 0.580985
vt 0.390267 0.257086
vt 0.072988 0.705003
vt 0.216716 0.425307
vt 0.282994 0.079494
vt 0.285680 0.066151
vt 0.290575 0.073658
vt 0.017826 0.705501
vt 0.704018 0.207885
vt 0.479780 0.265150
vt 0.493502 0.282171
vt 0.478695 0.268176
vt 0.555993 0.870884
vt 0.704269 0.202735
vt 0.951595 0.973037
vt 0.880251 0.776795
vt 0.043116 0.331117
vt 0.403423 0.237810
vt 0.310026 0.059404
vt 0.301152 0.063297
vt 0.273422 0.147366
vt 0.261911 0.288229
vt 0.015380 0.557931
vt 0.664264 0.414174
vt 0.104028 0.996925
vt 0.541408 0.214457
vt 0.526688 0.214959
vt 0.960433 0.022095
vt 0.887707 0.859759
vt 0.547029 0.864246
vt 0.558788 0.866660
vt 0.283371 0.829400
vt 0.524457 0.849425
vt 0.351424 0.966267
vt 0.192486 0.559693
vt 0.184900 0.552378
vt 0.239313 0.961459
vt 0.351718 0.764581
vt 0.537590 0.930993
vt 0.544938 0.941105
vt 0.862148 0.701480
vt 0.245325 0.222892
vt 0.990633 0.275528
vt 0.853363 0.085699
vt 0.272693 0.054035
vt 0.272990 0.875867
vt 0.083122 0.264200
vt 0.289837 0.233164
vt 0.562743 0.908259
vt 0.564162 0.915044
vt 0.540362 0.899273
vt 0.554237 0.921503
vt 0.133603 0.560056
vt 0.137801 0.560157
vt 0.249929 0.955411
vt 0.249331 0.964462
vt 0.636830 0.666323
vt 0.648637 0.684436
vt 0.678659 0.419356
vt 0.509047 0.240244
vt 0.495660 0.242126
vt 0.505567 0.227493
vt 0.361073 0.494650
vt 0.554669 0.396070
vt 0.568364 0.398998
vt 0.166481 0.570274
vt 0.180445 0.552801
vt 0.176232 0.569383
vt 0.499009 0.924020
vt 0.464724 0.204005
vt 0.680164 0.868394
vt 0.088778 0.577163
vt 0.386082 0.181516
vt 0.227707 0.409769
vt 0.151521 0.945576
vt 0.032701 0.201189
vt 0.028422 0.206667
vt 0.019249 0.205206
vt 0.556190 0.365728
vt 0.893057 0.853806
vt 0.311779 0.626474
vt 0.139398 0.268314
vt 0.132087 0.258825
vt 0.507981 0.251326
vt 0.482308 0.246000
vt 0.366794 0.973914
vt 0.549604 0.948096
vt 0.896589 0.427398
vt 0.897781 0.407591
vt 0.904035 0.406350
vt 0.982622 0.942095
vt 0.472962 0.015319
vt 0.466545 0.007795
vt 0.475156 0.005487
vt 0.362617 0.753909
vt 0.354010 0.971324
vt 0.302200 0.801336
vt 0.886560 0.759100
vt 0.189046 0.888424
vt 0.239695 0.944320
vt 0.446247 0.223986
vt 0.440249 0.218148
vt 0.598359 0.652033
vt 0.603190 0.661008
vt 0.597741 0.656523
vt 0.528118 0.836216
vt 0.564419 0.860761
vt 0.021677 0.896805
vt 0.023382 0.885016
vt 0.026924 0.882537
vt 0.590111 0.431019
vt 0.612748 0.662221
vt 0.564019 0.925870
vt 0.548885 0.882554
vt 0.568677 0.881210
vt 0.567121 0.894697
vt 0.636769 0.056676
vt 0.074248 0.601621
vt 0.074696 0.578940
vt 0.876242 0.762718
vt 0.709320 0.905352
vt 0.735074 0.901199
vt 0.730513 0.923374
vt 0.501317 0.210441
vt 0.492513 0.187455
vt 0.260334 0.305172
vt 0.294513 0.242282
vt 0.341189 0.956715
vt 0.329980 0.961022
vt 0.758595 0.051427
vt 0.751579 0.035771
vt 0.761967 0.036738
vt 0.683619 0.424522
vt 0.986786 0.280896
vt 0.994953 0.283423
vt 0.998324 0.300762
vt 0.596644 0.656695
vt 0.466425 0.020041
vt 0.548427 0.396725
vt 0.683079 0.420232
vt 0.581186 0.886172
vt 0.027369 0.016493
vt 0.021512 0.027430
vt 0.022581 0.009256
vt 0.038998 0.645277
vt 0.396084 0.252406
vt 0.686668 0.876379
vt 0.284837 0.467632
vt 0.340632 0.890383
vt 0.345942 0.867289
vt 0.350362 0.865200
vt 0.542594 0.889862
vt 0.544086 0.343310
vt 0.170900 0.557706
vt 0.609384 0.656323
vt 0.676268 0.179468
vt 0.664308 0.842165
vt 0.776705 0.031648
vt 0.767464 0.032991
vt 0.776929 0.029811
vt 0.089668 0.436310
vt 0.080141 0.437908
vt 0.074109 0.417993
vt 0.307023 0.627478
vt 0.299196 0.618404
vt 0.269337 0.341599
vt 0.295291 0.253495
vt 0.883209 0.108596
vt 0.889004 0.117628
vt 0.880796 0.110332
vt 0.888922 0.407741
vt 0.908942 0.012077
vt 0.908971 0.007027
vt 0.912412 0.006421
vt 0.738332 0.070441
vt 0.740039 0.075533
vt 0.726851 0.062805
vt 0.994852 0.020130
vt 0.121179 0.321283
vt 0.384398 0.260254
vt 0.187404 0.136461
vt 0.729229 0.870010
vt 0.711805 0.892926
vt 0.467903 0.278500
vt 0.469870 0.270666
vt 0.471818 0.279113
vt 0.298135 0.473170
vt 0.469210 0.250761
vt 0.455941 0.251271
vt 0.462865 0.239530
vt 0.007978 0.018835
vt 0.010732 0.008905
vt 0.567473 0.853572
vt 0.479806 0.282754
vt 0.111879 0.947343
vt 0.012855 0.197125
vt 0.025778 0.193746
vt 0.891866 0.842646
vt 0.434634 0.280412
vt 0.465225 0.288938
vt 0.907898 0.857582
vt 0.185352 0.932057
vt 0.184238 0.935948
vt 0.187601 0.151070
vt 0.405192 0.728467
vt 0.983022 0.279994
vt 0.969802 0.020331
vt 0.029919 0.097810
vt 0.035692 0.093278
vt 0.025836 0.111061
vt 0.982657 0.267816
vt 0.259167 0.950733
vt 0.881264 0.083500
vt 0.744629 0.067718
vt 0.340413 0.825919
vt 0.340451 0.809175
vt 0.346641 0.818877
vt 0.881627 0.788372
vt 0.907989 0.939615
vt 0.031175 0.987249
vt 0.861298 0.083776
vt 0.884834 0.765185
vt 0.483353 0.283608
vt 0.159998 0.163276
vt 0.137828 0.180595
vt 0.136378 0.169030
vt 0.491483 0.229934
vt 0.588388 0.432923
vt 0.697302 0.206615
vt 0.688572 0.196959
vt 0.194855 0.142360
vt 0.291385 0.988748
vt 0.288699 0.997015
vt 0.284462 0.994226
vt 0.535775 0.894046
vt 0.032925 0.107213
vt 0.128432 0.557464
vt 0.882432 0.872022
vt 0.754539 0.030942
vt 0.087335 0.571921
vt 0.079900 0.564515
vt 0.093579 0.565245
vt 0.945658 0.863127
vt 0.942774 0.864567
vt 0.943643 0.861101
vt 0.081468 0.572928
vt 0.585714 0.438259
vt 0.855943 0.109702
vt 0.851362 0.111122
vt 0.856703 0.104663
vt 0.938917 0.862569
vt 0.698276 0.214967
vt 0.688903 0.204383
vt 0.966467 0.003980
vt 0.966782 0.002196
vt 0.971024 0.002653
vt 0.868531 0.857177
vt 0.879593 0.847474
vt 0.621346 0.881997
vt 0.590141 0.863812
vt 0.878368 0.750309
vt 0.892580 0.742810
vt 0.183167 0.544713
vt 0.324721 0.669475
vt 0.309864 0.637619
vt 0.886119 0.777758
vt 0.276051 0.458710
vt 0.343199 0.968956
vt 0.336299 0.974778
vt 0.876552 0.114751
vt 0.877542 0.105320
vt 0.577475 0.903464
vt 0.908894 0.004123
vt 0.360022 0.757038
vt 0.127680 0.139508
vt 0.128091 0.176245
vt 0.854632 0.078535
vt 0.560576 0.388287
vt 0.670409 0.414472
vt 0.395486 0.263832
vt 0.972984 0.008419
vt 0.678643 0.906228
vt 0.146297 0.405412
vt 0.021719 0.881296
vt 0.167814 0.693516
vt 0.157225 0.679380
vt 0.168260 0.680768
vt 0.681599 0.419039
vt 0.127384 0.552779
vt 0.643786 0.071013
vt 0.948929 0.856788
vt 0.347822 0.538951
vt 0.285298 0.900994
vt 0.286623 0.897566
vt 0.288494 0.899462
vt 0.124600 0.039112
vt 0.127211 0.037434
vt 0.127830 0.040205
vt 0.279321 0.897316
vt 0.696742 0.218457
vt 0.076100 0.443130
vt 0.894942 0.115662
vt 0.178402 0.007217
vt 0.176305 0.003584
vt 0.196793 0.002654
vt 0.561307 0.980181
vt 0.556982 0.979735
vt 0.562071 0.976526
vt 0.610197 0.067057
vt 0.080270 0.579074
vt 0.506526 0.926846
vt 0.069389 0.416803
vt 0.786964 0.455083
vt 0.794585 0.443398
vt 0.799097 0.451190
vt 0.837321 0.937297
vt 0.841142 0.942506
vt 0.836701 0.943807
vt 0.873158 0.534596
vt 0.872404 0.532067
vt 0.877207 0.529664
vt 0.816646 0.010583
vt 0.811791 0.009724
vt 0.816285 0.008540
vt 0.246529 0.534977
vt 0.253136 0.543575
vt 0.238522 0.548163
vt 0.119847 0.738070
vt 0.134514 0.739851
vt 0.117245 0.739602
vt 0.978545 0.253189
vt 0.980014 0.249544
vt 0.018040 0.194370
vt 0.012926 0.242120
vt 0.009619 0.243906
vt 0.010488 0.241074
vt 0.971711 0.261943
vt 0.972772 0.259290
vt 0.974827 0.263439
vt 0.977556 0.262128
vt 0.349296 0.833210
vt 0.345740 0.837270
vt 0.342440 0.832680
vt 0.732174 0.858665
vt 0.740397 0.856795
vt 0.069550 0.442795
vt 0.135421 0.035052
vt 0.297619 0.603278
vt 0.125717 0.045258
vt 0.825420 0.438137
vt 0.826698 0.435852
vt 0.834418 0.438028
vt 0.308864 0.168216
vt 0.304557 0.163982
vt 0.311350 0.164051
vt 0.601393 0.064869
vt 0.061973 0.944926
vt 0.056146 0.911875
vt 0.062166 0.910744
vt 0.189130 0.007655
vt 0.140179 0.551901
vt 0.141241 0.558222
vt 0.353934 0.847083
vt 0.291453 0.467315
vt 0.356288 0.865744
vt 0.354911 0.867547
vt 0.726887 0.857183
vt 0.874671 0.290941
vt 0.849575 0.290973
vt 0.843387 0.282423
vt 0.230818 0.924905
vt 0.128447 0.888116
vt 0.127972 0.883727
vt 0.130401 0.888948
vt 0.991579 0.005549
vt 0.983828 0.010682
vt 0.980322 0.007740
vt 0.308646 0.472280
vt 0.543805 0.924905
vt 0.530927 0.922995
vt 0.291055 0.459359
vt 0.941728 0.870178
vt 0.702370 0.225060
vt 0.811556 0.006949
vt 0.816819 0.004274
vt 0.345759 0.846862
vt 0.353805 0.851019
vt 0.240430 0.940451
vt 0.592900 0.859907
vt 0.002872 0.314678
vt 0.000565 0.313838
vt 0.002360 0.301915
vt 0.984532 0.252425
vt 0.717496 0.062000
vt 0.692997 0.073483
vt 0.703726 0.062736
vt 0.502723 0.776768
vt 0.492122 0.792620
vt 0.977303 0.265105
vt 0.349957 0.860260
vt 0.117627 0.033417
vt 0.086854 0.443862
vt 0.966753 0.256849
vt 0.031590 0.998679
vt 0.475082 0.283916
vt 0.899078 0.396836
vt 0.189442 0.025711
vt 0.191401 0.028689
vt 0.184848 0.029813
vt 0.353183 0.873235
vt 0.289897 0.894100
vt 0.125588 0.889289
vt 0.410765 0.254445
vt 0.559406 0.359381
vt 0.992597 0.010186
vt 0.364998 0.859714
vt 0.300506 0.169227
vt 0.695110 0.893251
vt 0.561858 0.969086
vt 0.564351 0.965981
vt 0.569630 0.972949
vt 0.479330 0.289253
vt 0.885302 0.105012
vt 0.652626 0.064550
vt 0.878649 0.533132
vt 0.354532 0.822634
vt 0.194167 0.831857
vt 0.177005 0.826135
vt 0.185135 0.823850
vt 0.033009 0.081126
vt 0.033715 0.090759
vt 0.027324 0.087383
vt 0.084095 0.575036
vt 0.545701 0.982309
vt 0.550084 0.972355
vt 0.554356 0.977555
vt 0.163029 0.798853
vt 0.161325 0.804649
vt 0.158284 0.799421
vt 0.513514 0.925420
vt 0.515717 0.938579
vt 0.510806 0.935728
vt 0.132474 0.552189
vt 0.540141 0.878701
vt 0.889767 0.800725
vt 0.892315 0.071681
vt 0.887453 0.074938
vt 0.881294 0.077481
vt 0.904475 0.397056
vt 0.910727 0.409817
vt 0.803330 0.444718
vt 0.726040 0.366927
vt 0.724848 0.377151
vt 0.723181 0.369993
vt 0.502888 0.921767
vt 0.023995 0.081587
vt 0.029725 0.095294
vt 0.291830 0.901584
vt 0.363289 0.303321
vt 0.361165 0.291329
vt 0.367727 0.302534
vt 0.790991 0.216921
vt 0.789354 0.212598
vt 0.797024 0.213674
vt 0.073658 0.549500
vt 0.066768 0.561680
vt 0.067675 0.546568
vt 0.479393 0.201256
vt 0.828395 0.428770
vt 0.299664 0.165233
vt 0.888017 0.834734
vt 0.082371 0.442786
vt 0.152751 0.667000
vt 0.152589 0.655971
vt 0.157817 0.664561
vt 0.523180 0.913837
vt 0.984982 0.250098
vt 0.986843 0.243214
vt 0.986310 0.248545
vt 0.647160 0.946419
vt 0.647885 0.945774
vt 0.648860 0.948767
vt 0.677598 0.315161
vt 0.686162 0.316791
vt 0.679868 0.320672
vt 0.132432 0.886488
vt 0.867265 0.117329
vt 0.614320 0.656535
vt 0.860788 0.105605
vt 0.160690 0.265946
vt 0.162526 0.268104
vt 0.159359 0.269011
vt 0.552970 0.981062
vt 0.530218 0.905834
vt 0.528832 0.895452
vt 0.523663 0.927360
vt 0.033866 0.990956
vt 0.181849 0.025126
vt 0.714957 0.760717
vt 0.709213 0.753766
vt 0.716477 0.756328
vt 0.023723 0.107878
vt 0.351863 0.974542
vt 0.403379 0.268326
vt 0.980819 0.269181
vt 0.362400 0.837525
vt 0.047075 0.609729
vt 0.034560 0.619175
vt 0.022635 0.621493
vt 0.966142 0.008605
vt 0.131915 0.894706
vt 0.022454 0.210523
vt 0.021883 0.210070
vt 0.025901 0.207273
vt 0.035139 0.650485
vt 0.736563 0.874293
vt 0.168353 0.807759
vt 0.347211 0.855710
vt 0.911516 0.389299
vt 0.905729 0.387673
vt 0.870159 0.821150
vt 0.877231 0.829175
vt 0.866908 0.832504
vt 0.823564 0.429707
vt 0.571749 0.430022
vt 0.950510 0.870021
vt 0.948884 0.865477
vt 0.951092 0.868974
vt 0.188801 0.541899
vt 0.198514 0.552173
vt 0.163024 0.649057
vt 0.077983 0.551301
vt 0.076951 0.558865
vt 0.070093 0.277398
vt 0.067150 0.282315
vt 0.065366 0.279525
vt 0.008261 0.030859
vt 0.077360 0.452613
vt 0.110474 0.752870
vt 0.114838 0.752908
vt 0.012347 0.904707
vt 0.010884 0.899221
vt 0.014482 0.903575
vt 0.162303 0.666198
vt 0.643633 0.944930
vt 0.172590 0.677240
vt 0.175145 0.670832
vt 0.365536 0.308269
vt 0.263674 0.611189
vt 0.679335 0.415235
vt 0.280124 0.802260
vt 0.171877 0.816385
vt 0.692741 0.178355
vt 0.687171 0.187431
vt 0.683355 0.183494
vt 0.181493 0.259994
vt 0.177280 0.262483
vt 0.180111 0.257597
vt 0.039845 0.169103
vt 0.045905 0.168890
vt 0.039763 0.174252
vt 0.554189 0.013961
vt 0.549832 0.022853
vt 0.550656 0.015597
vt 0.718463 0.535227
vt 0.735863 0.533032
vt 0.717306 0.542268
vt 0.883284 0.230784
vt 0.887425 0.234490
vt 0.884998 0.238221
vt 0.865620 0.081504
vt 0.995049 0.498120
vt 0.991861 0.508785
vt 0.981456 0.502966
vt 0.179293 0.542093
vt 0.889169 0.783000
vt 0.881075 0.074823
vt 0.035210 0.175536
vt 0.687889 0.196047
vt 0.685955 0.194115
vt 0.690119 0.189971
vt 0.651643 0.072161
vt 0.118044 0.753011
vt 0.988921 0.277801
vt 0.590773 0.002740
vt 0.596079 0.002976
vt 0.591375 0.009870
vt 0.773205 0.221564
vt 0.760791 0.226678
vt 0.765634 0.218408
vt 0.790420 0.204346
vt 0.701370 0.247378
vt 0.695809 0.256478
vt 0.694848 0.248179
vt 0.773336 0.478938
vt 0.784745 0.477238
vt 0.789383 0.485082
vt 0.295319 0.741034
vt 0.297075 0.748826
vt 0.294591 0.747361
vt 0.358994 0.301890
vt 0.823077 0.354366
vt 0.827856 0.350451
vt 0.826062 0.358335
vt 0.816599 0.363167
vt 0.160151 0.259250
vt 0.541441 0.973412
vt 0.541225 0.967062
vt 0.968366 0.251327
vt 0.282566 0.888895
vt 0.722118 0.508295
vt 0.727036 0.500892
vt 0.724524 0.515326
vt 0.172619 0.806239
vt 0.721946 0.528617
vt 0.035664 0.117126
vt 0.035620 0.120762
vt 0.032359 0.115347
vt 0.579442 0.895818
vt 0.931001 0.173097
vt 0.928068 0.170136
vt 0.936562 0.170393
vt 0.132377 0.429433
vt 0.133150 0.425177
vt 0.136076 0.427934
vt 0.290867 0.907411
vt 0.862608 0.118953
vt 0.135440 0.004370
vt 0.134569 0.002503
vt 0.155564 0.003678
vt 0.731863 0.057604
vt 0.755410 0.059519
vt 0.021551 0.212937
vt 0.678623 0.883021
vt 0.991814 0.429336
vt 0.998854 0.445242
vt 0.987530 0.435622
vt 0.888146 0.870399
vt 0.989501 0.374923
vt 0.979918 0.369321
vt 0.990883 0.371546
vt 0.069836 0.281051
vt 0.858872 0.812403
vt 0.858270 0.807612
vt 0.861784 0.810027
vt 0.668876 0.643936
vt 0.661183 0.649624
vt 0.666029 0.623078
vt 0.731137 0.520861
vt 0.719537 0.521601
vt 0.987112 0.509874
vt 0.111688 0.748509
vt 0.826240 0.485251
vt 0.817246 0.496604
vt 0.822192 0.484594
vt 0.181320 0.020288
vt 0.678803 0.925237
vt 0.084598 0.452434
vt 0.257117 0.540206
vt 0.155931 0.674910
vt 0.457605 0.017796
vt 0.449314 0.021105
vt 0.450540 0.016591
vt 0.783040 0.468119
vt 0.798262 0.456347
vt 0.865015 0.820181
vt 0.872732 0.814398
vt 0.284261 0.815696
vt 0.034527 0.612658
vt 0.829028 0.367998
vt 0.772673 0.211614
vt 0.337998 0.831591
vt 0.709397 0.526178
vt 0.781820 0.202148
vt 0.169108 0.511051
vt 0.173971 0.502236
vt 0.184220 0.513456
vt 0.987866 0.253710
vt 0.301893 0.747585
vt 0.239486 0.398015
vt 0.236975 0.394021
vt 0.242387 0.396950
vt 0.703455 0.763290
vt 0.703553 0.751836
vt 0.815296 0.485190
vt 0.547459 0.017347
vt 0.711788 0.746639
vt 0.880172 0.245944
vt 0.891423 0.247215
vt 0.884026 0.253227
vt 0.297409 0.462913
vt 0.701787 0.510252
vt 0.176313 0.830461
vt 0.713227 0.765468
vt 0.705492 0.772542
vt 0.168115 0.664380
vt 0.281915 0.324412
vt 0.292329 0.329516
vt 0.284274 0.331698
vt 0.019966 0.209690
vt 0.893474 0.872445
vt 0.147142 0.561250
vt 0.742339 0.546618
vt 0.722851 0.563203
vt 0.721239 0.555433
vt 0.241350 0.386289
vt 0.677784 0.897938
vt 0.907737 0.219887
vt 0.910099 0.216239
vt 0.911136 0.221245
vt 0.747936 0.030287
vt 0.844936 0.036343
vt 0.865421 0.034092
vt 0.857784 0.044576
vt 0.369014 0.308326
vt 0.777938 0.219143
vt 0.779328 0.222697
vt 0.744571 0.850674
vt 0.737372 0.840971
vt 0.741590 0.836985
vt 0.845967 0.915790
vt 0.852808 0.932819
vt 0.838190 0.923717
vt 0.984358 0.429083
vt 0.671071 0.668051
vt 0.953861 0.869808
vt 0.881477 0.232834
vt 0.937710 0.763630
vt 0.680819 0.258261
vt 0.687100 0.247289
vt 0.084262 0.556574
vt 0.444949 0.019801
vt 0.445533 0.017033
vt 0.819783 0.469032
vt 0.827264 0.448494
vt 0.979646 0.010724
vt 0.749283 0.876975
vt 0.278907 0.910083
vt 0.024896 0.868045
vt 0.855196 0.824110
vt 0.163687 0.536859
vt 0.903137 0.831061
vt 0.735917 0.501610
vt 0.451717 0.010781
vt 0.461452 0.010962
vt 0.996212 0.378615
vt 0.991970 0.385220
vt 0.682929 0.195865
vt 0.237129 0.545444
vt 0.242571 0.532083
vt 0.455947 0.240045
vt 0.457693 0.235993
vt 0.679304 0.256062
vt 0.854977 0.055317
vt 0.848241 0.048374
vt 0.713348 0.508525
vt 0.054981 0.939692
vt 0.052032 0.944101
vt 0.044867 0.943273
vt 0.167037 0.657896
vt 0.552734 0.964188
vt 0.717344 0.060129
vt 0.988902 0.013018
vt 0.085783 0.447354
vt 0.999406 0.501760
vt 0.883561 0.529905
vt 0.032165 0.119408
vt 0.165765 0.272874
vt 0.031548 0.166699
vt 0.766365 0.027097
vt 0.530803 0.880109
vt 0.118505 0.452696
vt 0.128215 0.461472
vt 0.119085 0.456186
vt 0.889213 0.763810
vt 0.894416 0.771901
vt 0.819751 0.449135
vt 0.808577 0.435049
vt 0.894587 0.392483
vt 0.860038 0.052604
vt 0.981606 0.511705
vt 0.985571 0.512413
vt 0.823048 0.306293
vt 0.817978 0.300249
vt 0.832487 0.295054
vt 0.263681 0.628117
vt 0.258406 0.614863
vt 0.272437 0.625370
vt 0.106329 0.019504
vt 0.085129 0.019591
vt 0.103326 0.016984
vt 0.024678 0.356254
vt 0.028298 0.360853
vt 0.024233 0.376212
vt 0.695935 0.764827
vt 0.570163 0.976070
vt 0.459808 0.024506
vt 0.456810 0.022492
vt 0.712243 0.498897
vt 0.787285 0.201987
vt 0.944397 0.282002
vt 0.933379 0.278346
vt 0.936024 0.273342
vt 0.881230 0.290305
vt 0.887200 0.287831
vt 0.879844 0.300474
vt 0.748747 0.844866
vt 0.883725 0.080213
vt 0.988256 0.239724
vt 0.220254 0.407286
vt 0.948765 0.873677
vt 0.166681 0.820337
vt 0.658053 0.668470
vt 0.015155 0.249192
vt 0.098105 0.010846
vt 0.056602 0.763846
vt 0.056602 0.728545
vt 0.063182 0.729423
vt 0.150199 0.626434
vt 0.147104 0.627855
vt 0.143732 0.624671
vt 0.842460 0.041433
vt 0.839175 0.035807
vt 0.799882 0.205188
vt 0.118734 0.889923
vt 0.801994 0.454834
vt 0.127975 0.186462
vt 0.703522 0.531498
vt 0.891157 0.081895
vt 0.122485 0.877965
vt 0.393890 0.139634
vt 0.402465 0.142453
vt 0.397848 0.151254
vt 0.801600 0.440323
vt 0.546197 0.009972
vt 0.068248 0.582052
vt 0.691412 0.221003
vt 0.799717 0.461375
vt 0.465801 0.018582
vt 0.336915 0.826578
vt 0.119938 0.431290
vt 0.901960 0.208089
vt 0.900426 0.203559
vt 0.904002 0.205924
vt 0.169296 0.499256
vt 0.177795 0.495297
vt 0.845108 0.296627
vt 0.544315 0.020044
vt 0.850099 0.968347
vt 0.836945 0.965935
vt 0.844564 0.957899
vt 0.860023 0.123397
vt 0.738502 0.559078
vt 0.729798 0.566398
vt 0.776577 0.208725
vt 0.906681 0.226154
vt 0.527322 0.448832
vt 0.521067 0.449039
vt 0.520232 0.444869
vt 0.813080 0.353078
vt 0.983658 0.493835
vt 0.607468 0.647768
vt 0.894311 0.118862
vt 0.995529 0.464869
vt 0.987366 0.467603
vt 0.994768 0.454854
vt 0.070987 0.174036
vt 0.070135 0.171383
vt 0.078489 0.170956
vt 0.294988 0.760255
vt 0.289657 0.754437
vt 0.294738 0.753361
vt 0.232393 0.536383
vt 0.014670 0.899173
vt 0.872223 0.808451
vt 0.868780 0.111853
vt 0.381111 0.658956
vt 0.231611 0.397900
vt 0.484912 0.022040
vt 0.471860 0.019091
vt 0.477325 0.010852
vt 0.169170 0.263630
vt 0.343369 0.861736
vt 0.989210 0.453080
vt 0.832420 0.431830
vt 0.135428 0.885235
vt 0.911683 0.205467
vt 0.915778 0.209638
vt 0.911732 0.213351
vt 0.750871 0.052106
vt 0.534176 0.018299
vt 0.539649 0.015645
vt 0.706691 0.743394
vt 0.698575 0.740635
vt 0.697483 0.729531
vt 0.956769 0.869979
vt 0.195215 0.037254
vt 0.570920 0.967029
vt 0.309113 0.462668
vt 0.058830 0.499473
vt 0.063624 0.500778
vt 0.058569 0.504698
vt 0.487927 0.011582
vt 0.942639 0.030973
vt 0.949618 0.031680
vt 0.946223 0.039565
vt 0.093762 0.557834
vt 0.893974 0.830418
vt 0.762764 0.232323
vt 0.713976 0.551088
vt 0.702099 0.559803
vt 0.707885 0.550779
vt 0.656896 0.852575
vt 0.199310 0.535675
vt 0.019512 0.374889
vt 0.189253 0.015780
vt 0.944060 0.255640
vt 0.937352 0.250733
vt 0.945185 0.251253
vt 0.055612 0.636321
vt 0.050150 0.630357
vt 0.056064 0.632405
vt 0.806714 0.454717
vt 0.054567 0.496356
vt 0.060259 0.493098
vt 0.269126 0.636307
vt 0.856072 0.927445
vt 0.466417 0.021803
vt 0.443870 0.009368
vt 0.894158 0.776532
vt 0.522214 0.433310
vt 0.526686 0.439493
vt 0.521578 0.440408
vt 0.014197 0.888616
vt 0.583112 0.504730
vt 0.572220 0.494602
vt 0.587291 0.477844
vt 0.298604 0.896950
vt 0.462981 0.013166
vt 0.415029 0.080752
vt 0.418858 0.088308
vt 0.414885 0.086519
vt 0.864994 0.056237
vt 0.243335 0.406117
vt 0.504769 0.585005
vt 0.505775 0.589228
vt 0.500958 0.588738
vt 0.074598 0.033064
vt 0.048517 0.040049
vt 0.048132 0.036784
vt 0.478754 0.296680
vt 0.524392 0.276607
vt 0.522399 0.280760
vt 0.517343 0.270524
vt 0.044295 0.163570
vt 0.822287 0.506701
vt 0.125042 0.734985
vt 0.764008 0.460292
vt 0.764745 0.466504
vt 0.748830 0.469316
vt 0.465079 0.022141
vt 0.850688 0.812358
vt 0.855050 0.803008
vt 0.044228 0.641239
vt 0.044509 0.632996
vt 0.675598 0.320279
vt 0.125306 0.422884
vt 0.940106 0.032918
vt 0.942250 0.037095
vt 0.688300 0.213524
vt 0.892888 0.030220
vt 0.889635 0.021283
vt 0.892141 0.009053
vt 0.297817 0.175272
vt 0.917888 0.202440
vt 0.056705 0.643847
vt 0.903110 0.380965
vt 0.735168 0.372926
vt 0.460043 0.227948
vt 0.127893 0.880868
vt 0.172193 0.518821
vt 0.889822 0.240369
vt 0.361813 0.193681
vt 0.367568 0.195475
vt 0.366243 0.199990
vt 0.903481 0.217815
vt 0.904604 0.212946
vt 0.774559 0.230241
vt 0.250393 0.549001
vt 0.895984 0.793777
vt 0.148140 0.634611
vt 0.702580 0.198647
vt 0.809128 0.937122
vt 0.824839 0.934580
vt 0.832285 0.936209
vt 0.183042 0.015765
vt 0.697092 0.197197
vt 0.832003 0.340988
vt 0.842369 0.351519
vt 0.712687 0.739646
vt 0.902241 0.740936
vt 0.811716 0.000708
vt 0.572392 0.479046
vt 0.429973 0.816420
vt 0.424778 0.814165
vt 0.423850 0.811925
vt 0.986985 0.489612
vt 0.861020 0.800079
vt 0.568407 0.978754
vt 0.977987 0.463382
vt 0.983428 0.472878
vt 0.979325 0.472707
vt 0.698627 0.536756
vt 0.795811 0.601009
vt 0.811486 0.612292
vt 0.797359 0.607768
vt 0.819822 0.339946
vt 0.775584 0.995581
vt 0.779726 0.991481
vt 0.777524 0.998967
vt 0.535240 0.014939
vt 0.010113 0.234664
vt 0.069478 0.566251
vt 0.672981 0.618071
vt 0.674206 0.628577
vt 0.847935 0.446323
vt 0.854655 0.449883
vt 0.849877 0.466745
vt 0.042354 0.949635
vt 0.036631 0.949851
vt 0.036499 0.941855
vt 0.868928 0.805895
vt 0.050493 0.171946
vt 0.873244 0.836562
vt 0.885851 0.533320
vt 0.898150 0.549112
vt 0.974214 0.005881
vt 0.163211 0.272869
vt 0.160446 0.277828
vt 0.916444 0.214159
vt 0.882785 0.660493
vt 0.875521 0.667503
vt 0.874437 0.663038
vt 0.750366 0.028553
vt 0.673087 0.252736
vt 0.892842 0.759941
vt 0.725777 0.753370
vt 0.848190 0.976317
vt 0.697237 0.747967
vt 0.737947 0.381397
vt 0.731028 0.383471
vt 0.539968 0.113579
vt 0.534086 0.113840
vt 0.530536 0.110307
vt 0.793458 0.226544
vt 0.907210 0.202526
vt 0.892209 0.309894
vt 0.884989 0.313128
vt 0.883850 0.309731
vt 0.169808 0.254240
vt 0.886055 0.299733
vt 0.898710 0.301906
vt 0.152678 0.548962
vt 0.321860 0.170356
vt 0.133344 0.056207
vt 0.116923 0.048104
vt 0.929202 0.249069
vt 0.905375 0.266559
vt 0.903706 0.246585
vt 0.139252 0.049782
vt 0.682192 0.633226
vt 0.874490 0.122120
vt 0.627216 0.033887
vt 0.633101 0.041356
vt 0.622610 0.042865
vt 0.931589 0.157844
vt 0.395469 0.669589
vt 0.394312 0.676927
vt 0.391102 0.672889
vt 0.014967 0.357671
vt 0.297747 0.903367
vt 0.351539 0.740881
vt 0.760836 0.219619
vt 0.259997 0.528371
vt 0.406050 0.109714
vt 0.408635 0.107259
vt 0.413284 0.108571
vt 0.741571 0.512003
vt 0.412440 0.071959
vt 0.419590 0.076402
vt 0.848315 0.939622
vt 0.754320 0.451843
vt 0.999922 0.460197
vt 0.525158 0.451678
vt 0.520820 0.451239
vt 0.289689 0.748623
vt 0.882033 0.824812
vt 0.881070 0.829726
vt 0.287885 0.734928
vt 0.302456 0.755679
vt 0.251205 0.384626
vt 0.762176 0.901385
vt 0.322654 0.157785
vt 0.525766 0.433009
vt 0.677845 0.240686
vt 0.988263 0.443359
vt 0.987529 0.449375
vt 0.983126 0.448694
vt 0.943157 0.246596
vt 0.838984 0.929331
vt 0.873051 0.238294
vt 0.877231 0.232124
vt 0.721055 0.744298
vt 0.776920 0.433624
vt 0.767306 0.445982
vt 0.752598 0.446704
vt 0.865916 0.015697
vt 0.862116 0.017080
vt 0.863081 0.004520
vt 0.027280 0.368202
vt 0.897702 0.210877
vt 0.603140 0.011120
vt 0.901708 0.251672
vt 0.639245 0.941274
vt 0.929056 0.261149
vt 0.002696 0.243543
vt 0.000063 0.238036
vt 0.003985 0.903135
vt 0.844829 0.265627
vt 0.840081 0.275085
vt 0.677927 0.191973
vt 0.387936 0.674097
vt 0.939824 0.152401
vt 0.943458 0.153285
vt 0.941025 0.159948
vt 0.578699 0.506537
vt 0.602971 0.332334
vt 0.578688 0.324648
vt 0.601991 0.325858
vt 0.078204 0.166332
vt 0.464711 0.009393
vt 0.691903 0.233575
vt 0.098818 0.548439
vt 0.099866 0.544690
vt 0.101098 0.549743
vt 0.980206 0.942252
vt 0.966401 0.933697
vt 0.972705 0.934152
vt 0.828214 0.113564
vt 0.829451 0.115430
vt 0.824828 0.116628
vt 0.540985 0.009509
vt 0.286864 0.745377
vt 0.003552 0.249046
vt 0.258016 0.608057
vt 0.244500 0.598997
vt 0.865546 0.127190
vt 0.102949 0.540489
vt 0.417843 0.434271
vt 0.424205 0.429240
vt 0.419092 0.436439
vt 0.660037 0.314993
vt 0.671851 0.324612
vt 0.528386 0.279328
vt 0.653642 0.043254
vt 0.659101 0.044966
vt 0.655574 0.060681
vt 0.969909 0.032815
vt 0.597194 0.031052
vt 0.600782 0.059767
vt 0.595490 0.050534
vt 0.311917 0.182749
vt 0.453643 0.228895
vt 0.114799 0.775569
vt 0.118137 0.780333
vt 0.105949 0.783275
vt 0.015982 0.824419
vt 0.015760 0.841691
vt 0.011094 0.835124
vt 0.786880 0.225771
vt 0.517980 0.277511
vt 0.506370 0.307777
vt 0.173559 0.336960
vt 0.170164 0.359242
vt 0.162857 0.365756
vt 0.934847 0.882066
vt 0.935951 0.878764
vt 0.945206 0.881773
vt 0.056684 0.942830
vt 0.828354 0.289254
vt 0.464816 0.106524
vt 0.458013 0.109524
vt 0.459075 0.106215
vt 0.148923 0.673157
vt 0.981873 0.483985
vt 0.583659 0.003256
vt 0.583519 0.009743
vt 0.573802 0.004883
vt 0.804915 0.209954
vt 0.785037 0.497838
vt 0.865570 0.450201
vt 0.860054 0.462918
vt 0.854513 0.464954
vt 0.765283 0.436344
vt 0.852571 0.816201
vt 0.764738 0.912175
vt 0.482469 0.217501
vt 0.756682 0.221606
vt 0.887414 0.122798
vt 0.790431 0.603908
vt 0.029210 0.646455
vt 0.700982 0.239492
vt 0.817471 0.422897
vt 0.519209 0.905273
vt 0.417888 0.071451
vt 0.515967 0.448284
vt 0.896288 0.207522
vt 0.246285 0.997962
vt 0.242024 0.992097
vt 0.247912 0.990256
vt 0.299835 0.898654
vt 0.629217 0.049278
vt 0.773675 0.026138
vt 0.215895 0.220935
vt 0.213447 0.228475
vt 0.202534 0.221453
vt 0.072086 0.160336
vt 0.406533 0.142130
vt 0.029088 0.654201
vt 0.073302 0.026716
vt 0.023787 0.220269
vt 0.016855 0.210071
vt 0.302993 0.750306
vt 0.592529 0.501234
vt 0.997793 0.193207
vt 0.981748 0.191410
vt 0.996701 0.187157
vt 0.064254 0.159631
vt 0.153267 0.268905
vt 0.154405 0.262381
vt 0.158066 0.804205
vt 0.582552 0.000555
vt 0.818976 0.347636
vt 0.849583 0.115045
vt 0.837859 0.961495
vt 0.939722 0.042028
vt 0.953264 0.258712
vt 0.945334 0.262914
vt 0.010642 0.206485
vt 0.806289 0.050432
vt 0.815213 0.052493
vt 0.806979 0.070150
vt 0.052100 0.948005
vt 0.679792 0.237921
vt 0.672492 0.240195
vt 0.786123 0.996923
vt 0.879610 0.016165
vt 0.888859 0.009460
vt 0.888418 0.025886
vt 0.015357 0.914709
vt 0.019989 0.919265
vt 0.016984 0.920236
vt 0.316306 0.177070
vt 0.998312 0.506637
vt 0.991913 0.513602
vt 0.823936 0.114506
vt 0.580771 0.472367
vt 0.572925 0.972020
vt 0.866777 0.521026
vt 0.866013 0.527187
vt 0.827775 0.509468
vt 0.764044 0.214438
vt 0.183131 0.431512
vt 0.190062 0.427312
vt 0.192262 0.430875
vt 0.673948 0.654947
vt 0.675907 0.660790
vt 0.136936 0.422365
vt 0.152901 0.633450
vt 0.155968 0.630988
vt 0.160137 0.636922
vt 0.362830 0.829192
vt 0.428298 0.089968
vt 0.430698 0.097924
vt 0.425443 0.093922
vt 0.895387 0.289134
vt 0.262298 0.396114
vt 0.143718 0.033805
vt 0.055531 0.173134
vt 0.055860 0.163313
vt 0.702688 0.730177
vt 0.862871 0.830970
vt 0.256088 0.410721
vt 0.823084 0.381981
vt 0.177976 0.329488
vt 0.366952 0.294326
vt 0.131487 0.901697
vt 0.138539 0.880852
vt 0.145862 0.887564
vt 0.048563 0.160038
vt 0.048331 0.164557
vt 0.160228 0.254589
vt 0.163771 0.255933
vt 0.132241 0.881965
vt 0.131221 0.876675
vt 0.998556 0.446485
vt 0.143469 0.633149
vt 0.042192 0.179902
vt 0.664655 0.070526
vt 0.657154 0.070937
vt 0.031574 0.210811
vt 0.036655 0.225717
vt 0.976048 0.503921
vt 0.987020 0.439719
vt 0.423962 0.079530
vt 0.773271 0.207995
vt 0.764939 0.194936
vt 0.892378 0.381471
vt 0.699952 0.722243
vt 0.707099 0.728365
vt 0.939468 0.164372
vt 0.969495 0.942553
vt 0.886389 0.008113
vt 0.877608 0.000131
vt 0.883116 0.001785
vt 0.011574 0.839741
vt 0.179639 0.199803
vt 0.181606 0.191960
vt 0.183499 0.198488
vt 0.679524 0.185809
vt 0.879290 0.815249
vt 0.980014 0.015561
vt 0.278264 0.327794
vt 0.275998 0.321705
vt 0.300144 0.929033
vt 0.298323 0.933145
vt 0.264779 0.924786
vt 0.126136 0.060933
vt 0.904952 0.161873
vt 0.931471 0.174637
vt 0.935453 0.177841
vt 0.038786 0.639722
vt 0.042497 0.641149
vt 0.638492 0.367217
vt 0.640360 0.360983
vt 0.664139 0.369086
vt 0.757909 0.287678
vt 0.737857 0.291727
vt 0.722934 0.284030
vt 0.054268 0.504688
vt 0.230770 0.405471
vt 0.448581 0.245288
vt 0.904848 0.271612
vt 0.902368 0.269457
vt 0.564907 0.485075
vt 0.472437 0.300284
vt 0.426160 0.142395
vt 0.720604 0.739112
vt 0.593929 0.487765
vt 0.067576 0.949711
vt 0.490333 0.287835
vt 0.153525 0.214781
vt 0.186348 0.226980
vt 0.154240 0.225897
vt 0.010500 0.185577
vt 0.695829 0.235034
vt 0.721643 0.227023
vt 0.722430 0.229531
vt 0.771485 0.365375
vt 0.575567 0.441907
vt 0.461700 0.337633
vt 0.486025 0.332961
vt 0.529464 0.336043
vt 0.886624 0.290872
vt 0.387843 0.422554
vt 0.442723 0.010417
vt 0.442665 0.025673
vt 0.438966 0.020743
vt 0.257049 0.547731
vt 0.030130 0.113070
vt 0.337760 0.511814
vt 0.704635 0.525556
vt 0.043108 0.276394
vt 0.047155 0.270645
vt 0.065241 0.271980
vt 0.878635 0.313645
vt 0.117892 0.759846
vt 0.520924 0.454823
vt 0.776507 0.879904
vt 0.770144 0.915760
vt 0.767059 0.912854
vt 0.017782 0.207499
vt 0.397474 0.036654
vt 0.402935 0.034542
vt 0.404737 0.038349
vt 0.184247 0.444993
vt 0.536719 0.327756
vt 0.222341 0.228981
vt 0.213011 0.234330
vt 0.937561 0.869980
vt 0.516907 0.443057
vt 0.869706 0.842269
vt 0.997348 0.301528
vt 0.982229 0.301792
vt 0.978597 0.278473
vt 0.382121 0.661541
vt 0.880160 0.787583
vt 0.737694 0.567858
vt 0.707349 0.506499
vt 0.408511 0.104695
vt 0.970993 0.426750
vt 0.970285 0.447182
vt 0.963681 0.442876
vt 0.996755 0.494537
vt 0.790930 0.478620
vt 0.794076 0.483928
vt 0.821250 0.120630
vt 0.175714 0.264473
vt 0.882584 0.509120
vt 0.877815 0.526057
vt 0.148724 0.243464
vt 0.076872 0.458375
vt 0.063530 0.470323
vt 0.051651 0.470010
vt 0.699921 0.516383
vt 0.554994 0.273337
vt 0.061871 0.169008
vt 0.775215 0.987778
vt 0.618712 0.050232
vt 0.623433 0.050191
vt 0.621020 0.055300
vt 0.736112 0.527463
vt 0.549740 0.030642
vt 0.545429 0.034750
vt 0.526149 0.033762
vt 0.098719 0.797912
vt 0.104997 0.801284
vt 0.111814 0.836354
vt 0.186668 0.497884
vt 0.726771 0.801125
vt 0.731163 0.571445
vt 0.271097 0.341688
vt 0.635775 0.360424
vt 0.998828 0.116603
vt 0.994299 0.118252
vt 0.995180 0.086461
vt 0.372952 0.838448
vt 0.997564 0.371484
vt 0.718547 0.052720
vt 0.901333 0.217433
vt 0.464723 0.334140
vt 0.026805 0.119606
vt 0.394978 0.414458
vt 0.481170 0.148405
vt 0.475777 0.152274
vt 0.449018 0.150681
vt 0.850713 0.626192
vt 0.844934 0.628295
vt 0.864344 0.585453
vt 0.982305 0.495141
vt 0.005140 0.251664
vt 0.405510 0.138137
vt 0.082812 0.220473
vt 0.090107 0.221267
vt 0.088776 0.257007
vt 0.131865 0.060942
vt 0.722058 0.765533
vt 0.956466 0.903782
vt 0.849228 0.164399
vt 0.897647 0.152014
vt 0.852522 0.166300
vt 0.805640 0.616250
vt 0.848652 0.052213
vt 0.417709 0.092261
vt 0.258293 0.356789
vt 0.930450 0.877014
vt 0.444301 0.024218
vt 0.867177 0.800387
vt 0.825440 0.119318
vt 0.898516 0.151890
vt 0.524111 0.030844
vt 0.148664 0.050661
vt 0.988925 0.563195
vt 0.993914 0.563404
vt 0.996188 0.589388
vt 0.326854 0.165053
vt 0.043518 0.306092
vt 0.049041 0.302542
vt 0.048767 0.309036
vt 0.528893 0.936470
vt 0.971615 0.127731
vt 0.966496 0.144536
vt 0.958656 0.153551
vt 0.888168 0.252303
vt 0.770246 0.229911
vt 0.231752 0.537623
vt 0.233010 0.561359
vt 0.230594 0.552346
vt 0.938962 0.201596
vt 0.110130 0.849208
vt 0.101805 0.853700
vt 0.102030 0.848875
vt 0.045878 0.827493
vt 0.045746 0.824770
vt 0.049832 0.825298
vt 0.103838 0.937446
vt 0.099681 0.937769
vt 0.097357 0.932498
vt 0.368182 0.315600
vt 0.593421 0.472528
vt 0.809303 0.026178
vt 0.780769 0.034195
vt 0.792548 0.018767
vt 0.695323 0.112534
vt 0.693675 0.108920
vt 0.728278 0.105598
vt 0.138527 0.627696
vt 0.138629 0.621654
vt 0.724472 0.725991
vt 0.572671 0.505012
vt 0.940553 0.169524
vt 0.721816 0.775289
vt 0.718851 0.776707
vt 0.969728 0.471883
vt 0.976062 0.472649
vt 0.974179 0.481372
vt 0.285300 0.002171
vt 0.292511 0.004514
vt 0.285443 0.013048
vt 0.684824 0.178946
vt 0.457874 0.096031
vt 0.532229 0.265069
vt 0.529504 0.258344
vt 0.536502 0.257876
vt 0.765133 0.201776
vt 0.763094 0.606579
vt 0.054512 0.303564
vt 0.262945 0.932030
vt 0.257547 0.928426
vt 0.264077 0.926608
vt 0.655845 0.902714
vt 0.666389 0.912496
vt 0.651267 0.904154
vt 0.896403 0.790081
vt 0.700287 0.389166
vt 0.986438 0.366744
vt 0.986438 0.326127
vt 0.990520 0.367049
vt 0.983656 0.197655
vt 0.723689 0.706560
vt 0.726409 0.717141
vt 0.406204 0.264976
vt 0.569528 0.233658
vt 0.612829 0.234093
vt 0.612886 0.236880
vt 0.360079 0.600340
vt 0.371974 0.597241
vt 0.375227 0.609502
vt 0.789599 0.329095
vt 0.791088 0.322826
vt 0.798866 0.328853
vt 0.121024 0.653228
vt 0.124408 0.645696
vt 0.126509 0.652201
vt 0.410865 0.157636
vt 0.451093 0.116613
vt 0.515700 0.438657
vt 0.996373 0.532970
vt 0.124996 0.677472
vt 0.072600 0.183650
vt 0.073007 0.217430
vt 0.068049 0.184048
vt 0.187560 0.217858
vt 0.734967 0.931832
vt 0.745696 0.922417
vt 0.748370 0.927507
vt 0.948809 0.153266
vt 0.875676 0.291582
vt 0.877220 0.285267
vt 0.081553 0.382909
vt 0.117759 0.375546
vt 0.084223 0.384778
vt 0.499740 0.286459
vt 0.491519 0.296600
vt 0.946786 0.166887
vt 0.830883 0.328967
vt 0.405716 0.045492
vt 0.203414 0.465060
vt 0.195919 0.454268
vt 0.203208 0.446059
vt 0.680115 0.206157
vt 0.267140 0.311317
vt 0.298169 0.306976
vt 0.296811 0.312072
vt 0.186999 0.538214
vt 0.939148 0.730645
vt 0.947378 0.761357
vt 0.938729 0.782855
vt 0.773336 0.473751
vt 0.751639 0.472467
vt 0.993877 0.015170
vt 0.405819 0.020518
vt 0.400557 0.007828
vt 0.404119 0.002547
vt 0.136566 0.750516
vt 0.129648 0.753367
vt 0.135026 0.745465
vt 0.900881 0.782996
vt 0.497398 0.104463
vt 0.532022 0.107946
vt 0.866489 0.305182
vt 0.791793 0.338995
vt 0.924879 0.239708
vt 0.105905 0.951233
vt 0.760038 0.983519
vt 0.774574 0.986208
vt 0.737454 0.991445
vt 0.732269 0.296614
vt 0.764754 0.589295
vt 0.999329 0.016321
vt 0.999329 0.038171
vt 0.995762 0.037185
vt 0.067481 0.229632
vt 0.062335 0.196412
vt 0.072650 0.226586
vt 0.691369 0.225722
vt 0.054679 0.306754
vt 0.330506 0.035443
vt 0.345711 0.037200
vt 0.346797 0.041326
vt 0.038406 0.301930
vt 0.037365 0.572783
vt 0.036450 0.551975
vt 0.040618 0.555342
vt 0.100178 0.510149
vt 0.814087 0.298624
vt 0.820928 0.292976
vt 0.742428 0.521018
vt 0.103485 0.300786
vt 0.092634 0.263321
vt 0.100726 0.264522
vt 0.697166 0.699957
vt 0.933770 0.199591
vt 0.219548 0.325068
vt 0.222773 0.291825
vt 0.225657 0.325313
vt 0.954783 0.137840
vt 0.002889 0.350642
vt 0.002889 0.361189
vt 0.001038 0.353992
vt 0.672702 0.261190
vt 0.729524 0.717658
vt 0.101086 0.777058
vt 0.678112 0.195980
vt 0.021056 0.953564
vt 0.019480 0.973239
vt 0.012239 0.971972
vt 0.156867 0.258038
vt 0.016879 0.939489
vt 0.892777 0.536946
vt 0.965545 0.152773
vt 0.218951 0.297266
vt 0.107042 0.769904
vt 0.791057 0.491037
vt 0.995810 0.471941
vt 0.664912 0.463725
vt 0.668906 0.455945
vt 0.682024 0.439466
vt 0.802095 0.020896
vt 0.793389 0.017657
vt 0.800032 0.014545
vt 0.887298 0.660795
vt 0.885264 0.663245
vt 0.136756 0.850390
vt 0.969496 0.036897
vt 0.228660 0.307804
vt 0.030884 0.165060
vt 0.025510 0.163449
vt 0.021854 0.154268
vt 0.237794 0.593456
vt 0.008004 0.053000
vt 0.008004 0.031438
vt 0.008687 0.040279
vt 0.685835 0.323104
vt 0.665560 0.786075
vt 0.667164 0.795509
vt 0.659955 0.817728
vt 0.135950 0.418038
vt 0.662725 0.673043
vt 0.665104 0.379134
vt 0.338616 0.241825
vt 0.371455 0.249253
vt 0.339007 0.248847
vt 0.743143 0.296616
vt 0.542715 0.474527
vt 0.565344 0.468393
vt 0.164387 0.555859
vt 0.164387 0.605179
vt 0.161582 0.555351
vt 0.864968 0.531941
vt 0.141007 0.545496
vt 0.144265 0.543893
vt 0.146285 0.552001
vt 0.848123 0.306066
vt 0.666862 0.248388
vt 0.767582 0.210417
vt 0.430129 0.061338
vt 0.926952 0.020700
vt 0.938000 0.032013
vt 0.938438 0.038215
vt 0.369956 0.186887
vt 0.374655 0.190558
vt 0.829198 0.576157
vt 0.835176 0.571112
vt 0.836811 0.575784
vt 0.062872 0.283291
vt 0.057376 0.282086
vt 0.332633 0.248600
vt 0.334107 0.255271
vt 0.640417 0.945962
vt 0.902693 0.515457
vt 0.916501 0.501730
vt 0.906241 0.519982
vt 0.896019 0.250196
vt 0.580131 0.936981
vt 0.585574 0.939388
vt 0.580537 0.943626
vt 0.607675 0.059404
vt 0.604802 0.052052
vt 0.658889 0.889292
vt 0.176813 0.218329
vt 0.873560 0.284214
vt 0.798715 0.613635
vt 0.793494 0.610702
vt 0.687721 0.100003
vt 0.684247 0.074553
vt 0.301087 0.903017
vt 0.960836 0.253805
vt 0.830068 0.117319
vt 0.570438 0.502138
vt 0.833019 0.379744
vt 0.147724 0.515789
vt 0.151790 0.488414
vt 0.152580 0.514445
vt 0.924250 0.264371
vt 0.992242 0.745433
vt 0.998921 0.786722
vt 0.992242 0.781071
vt 0.956192 0.291712
vt 0.963967 0.292089
vt 0.955555 0.304934
vt 0.631791 0.935758
vt 0.610336 0.946422
vt 0.613341 0.937372
vt 0.221070 0.271153
vt 0.400721 0.014740
vt 0.998168 0.761441
vt 0.099583 0.204842
vt 0.096974 0.210053
vt 0.092681 0.210053
vt 0.978860 0.433418
vt 0.193524 0.511733
vt 0.650855 0.852448
vt 0.648087 0.851111
vt 0.469893 0.067458
vt 0.469864 0.077539
vt 0.467117 0.070304
vt 0.454727 0.550382
vt 0.442667 0.559218
vt 0.414711 0.562914
vt 0.905922 0.276471
vt 0.566150 0.508963
vt 0.549009 0.506285
vt 0.565976 0.506091
vt 0.630667 0.504306
vt 0.585407 0.511812
vt 0.582359 0.507749
vt 0.050895 0.024628
vt 0.031389 0.026334
vt 0.024706 0.023739
vt 0.528203 0.452613
vt 0.737123 0.769356
vt 0.340484 0.060286
vt 0.354179 0.056006
vt 0.354812 0.058538
vt 0.356554 0.066525
vt 0.373595 0.056366
vt 0.387117 0.063858
vt 0.464828 0.051591
vt 0.544955 0.050211
vt 0.529022 0.052668
vt 0.518183 0.050239
vt 0.603071 0.999370
vt 0.603071 0.992776
vt 0.638461 0.997587
vt 0.188454 0.478550
vt 0.188267 0.464949
vt 0.893033 0.125946
vt 0.746969 0.453249
vt 0.872948 0.196705
vt 0.888945 0.200555
vt 0.513142 0.915925
vt 0.860178 0.443306
vt 0.910683 0.868928
vt 0.931281 0.873018
vt 0.721721 0.330946
vt 0.742300 0.332907
vt 0.731625 0.338467
vt 0.459853 0.000710
vt 0.459853 0.010089
vt 0.453746 0.010090
vt 0.466596 0.899622
vt 0.495066 0.900672
vt 0.496498 0.903304
vt 0.680036 0.889536
vt 0.670215 0.891630
vt 0.978806 0.500658
vt 0.735229 0.004705
vt 0.735800 0.011236
vt 0.730114 0.003238
vt 0.152815 0.721508
vt 0.143955 0.704749
vt 0.146173 0.686102
vt 0.879752 0.020553
vt 0.872372 0.227813
vt 0.482847 0.158419
vt 0.325532 0.249154
vt 0.247068 0.552880
vt 0.742953 0.027781
vt 0.540855 0.463126
vt 0.518775 0.046804
vt 0.736440 0.226591
vt 0.743449 0.230745
vt 0.192946 0.980058
vt 0.190985 0.974109
vt 0.194986 0.980259
vt 0.757868 0.438791
vt 0.440322 0.026402
vt 0.627330 0.232438
vt 0.345659 0.142386
vt 0.347974 0.163262
vt 0.342858 0.163786
vt 0.147388 0.678344
vt 0.600621 0.002625
vt 0.283054 0.910141
vt 0.342729 0.147296
vt 0.147067 0.488139
vt 0.673494 0.189760
vt 0.644586 0.191559
vt 0.555740 0.483486
vt 0.516528 0.466186
vt 0.745671 0.015299
vt 0.738522 0.022874
vt 0.740977 0.010426
vt 0.549832 0.959952
vt 0.550982 0.957114
vt 0.856786 0.126904
vt 0.854796 0.125054
vt 0.591821 0.449617
vt 0.541230 0.961873
vt 0.545828 0.961862
vt 0.284732 0.547207
vt 0.272905 0.518831
vt 0.277754 0.525422
vt 0.545972 0.131955
vt 0.568836 0.128283
vt 0.593557 0.132442
vt 0.857476 0.984923
vt 0.844064 0.986863
vt 0.845349 0.982474
vt 0.888096 0.668519
vt 0.023284 0.566307
vt 0.031208 0.553298
vt 0.025249 0.579599
vt 0.798847 0.354843
vt 0.331780 0.311315
vt 0.792779 0.037334
vt 0.886779 0.827570
vt 0.143973 0.520084
vt 0.998463 0.587468
vt 0.603936 0.330119
vt 0.627514 0.324780
vt 0.636912 0.329544
vt 0.063896 0.155293
vt 0.150909 0.958374
vt 0.156689 0.961715
vt 0.154409 0.965077
vt 0.703902 0.795158
vt 0.977759 0.499017
vt 0.240779 0.228444
vt 0.991492 0.091358
vt 0.986379 0.088379
vt 0.991510 0.088486
vt 0.668230 0.256772
vt 0.554598 0.955499
vt 0.510978 0.996838
vt 0.475276 0.996838
vt 0.483065 0.993835
vt 0.095641 0.758321
vt 0.094842 0.748880
vt 0.735188 0.539708
vt 0.866502 0.991978
vt 0.883610 0.982003
vt 0.879316 0.989590
vt 0.445272 0.008339
vt 0.448506 0.002737
vt 0.451636 0.009744
vt 0.111795 0.854678
vt 0.097632 0.302597
vt 0.760052 0.207944
vt 0.885273 0.126272
vt 0.879035 0.130909
vt 0.527729 0.926714
vt 0.529188 0.931087
vt 0.081799 0.260185
vt 0.066157 0.270775
vt 0.063098 0.264669
vt 0.692096 0.063810
vt 0.900504 0.232945
vt 0.038612 0.823004
vt 0.034766 0.814328
vt 0.224883 0.184385
vt 0.236885 0.164842
vt 0.238369 0.167458
vt 0.427917 0.078654
vt 0.196798 0.501412
vt 0.529730 0.099342
vt 0.867269 0.024973
vt 0.871922 0.018879
vt 0.872141 0.023242
vt 0.524586 0.284695
vt 0.821328 0.114530
vt 0.652785 0.317864
vt 0.620756 0.323477
vt 0.624285 0.320484
vt 0.144779 0.674172
vt 0.940871 0.851729
vt 0.938645 0.853151
vt 0.942069 0.828795
vt 0.639695 0.933798
vt 0.624451 0.945928
vt 0.607399 0.949364
vt 0.034060 0.798765
vt 0.850446 0.609550
vt 0.521787 0.476598
vt 0.999783 0.870232
vt 0.993666 0.828835
vt 0.999783 0.846841
vt 0.743093 0.863879
vt 0.100003 0.967784
vt 0.085931 0.969915
vt 0.049070 0.986196
vt 0.022604 0.986196
vt 0.043289 0.981894
vt 0.867592 0.856502
vt 0.544580 0.047582
vt 0.454071 0.947751
vt 0.414031 0.936688
vt 0.415294 0.929841
vt 0.470367 0.054693
vt 0.812774 0.931368
vt 0.498738 0.294115
vt 0.887816 0.050983
vt 0.920726 0.047220
vt 0.908943 0.050983
vt 0.971243 0.504194
vt 0.256227 0.189289
vt 0.248427 0.196865
vt 0.248837 0.191398
vt 0.344509 0.999409
vt 0.308903 0.999409
vt 0.343349 0.992245
vt 0.437928 0.885755
vt 0.421407 0.909986
vt 0.418691 0.909701
vt 0.249935 0.993968
vt 0.249802 0.989775
vt 0.270784 0.992666
vt 0.155385 0.812910
vt 0.176951 0.361506
vt 0.389625 0.670064
vt 0.053673 0.298996
vt 0.465876 0.077958
vt 0.499258 0.357119
vt 0.495137 0.363058
vt 0.428577 0.357235
vt 0.136040 0.753072
vt 0.139434 0.749144
vt 0.143461 0.750914
vt 0.465763 0.122005
vt 0.417889 0.122005
vt 0.465218 0.118054
vt 0.526559 0.895479
vt 0.531571 0.928591
vt 0.568116 0.498908
vt 0.555189 0.492218
vt 0.354351 0.188406
vt 0.161806 0.634966
vt 0.202351 0.843126
vt 0.210916 0.853311
vt 0.208867 0.879565
vt 0.951444 0.982427
vt 0.951690 0.980770
vt 0.953802 0.982531
vt 0.744469 0.383951
vt 0.923234 0.960033
vt 0.924209 0.956768
vt 0.929554 0.960072
vt 0.105454 0.665248
vt 0.107904 0.675478
vt 0.101049 0.668374
vt 0.468490 0.045263
vt 0.687770 0.068900
vt 0.122994 0.756179
vt 0.257327 0.202882
vt 0.294137 0.204612
vt 0.279279 0.206045
vt 0.060371 0.232846
vt 0.044619 0.242777
vt 0.038129 0.238890
vt 0.608350 0.868672
vt 0.599472 0.070134
vt 0.948694 0.145518
vt 0.990514 0.170032
vt 0.980723 0.153078
vt 0.978096 0.131156
vt 0.557087 0.022203
vt 0.562786 0.021358
vt 0.556534 0.033333
vt 0.599955 0.063197
vt 0.158384 0.337049
vt 0.356002 0.045407
vt 0.829093 0.928850
vt 0.883568 0.445007
vt 0.887897 0.441874
vt 0.887317 0.448687
vt 0.524067 0.457316
vt 0.148034 0.519088
vt 0.042854 0.295959
vt 0.110083 0.758816
vt 0.079279 0.364211
vt 0.086835 0.340490
vt 0.081949 0.363281
vt 0.289559 0.199105
vt 0.624150 0.049600
vt 0.618780 0.046440
vt 0.258793 0.924416
vt 0.247951 0.914690
vt 0.251190 0.898839
vt 0.659753 0.328375
vt 0.659117 0.332229
vt 0.796027 0.238967
vt 0.201844 0.997908
vt 0.192274 0.988684
vt 0.254751 0.553811
vt 0.518188 0.052839
vt 0.619300 0.029252
vt 0.618710 0.033277
vt 0.612223 0.029920
vt 0.205791 0.184829
vt 0.196211 0.187104
vt 0.204764 0.180205
vt 0.406486 0.116709
vt 0.661281 0.940334
vt 0.670998 0.940335
vt 0.696304 0.944973
vt 0.014152 0.462324
vt 0.019664 0.482831
vt 0.007961 0.464506
vt 0.895471 0.985344
vt 0.746843 0.313802
vt 0.772948 0.322471
vt 0.751167 0.321787
vt 0.456008 0.101909
vt 0.331499 0.466482
vt 0.334102 0.461192
vt 0.331914 0.475570
vt 0.981613 0.063350
vt 0.990492 0.069426
vt 0.587066 0.300940
vt 0.586144 0.303677
vt 0.548700 0.300238
vt 0.978610 0.439285
vt 0.878383 0.275990
vt 0.914263 0.295168
vt 0.911547 0.298980
vt 0.348751 0.138546
vt 0.352460 0.142688
vt 0.165711 0.826490
vt 0.069105 0.315609
vt 0.019617 0.950986
vt 0.014301 0.950874
vt 0.009863 0.942183
vt 0.970374 0.240350
vt 0.088384 0.749252
vt 0.542688 0.984787
vt 0.579551 0.984866
vt 0.546046 0.988144
vt 0.569663 0.989686
vt 0.009993 0.377948
vt 0.977814 0.990649
vt 0.963995 0.988630
vt 0.971495 0.989234
vt 0.526935 0.921510
vt 0.651329 0.894071
vt 0.100088 0.773556
vt 0.850458 0.989946
vt 0.206168 0.995952
vt 0.807943 0.628267
vt 0.697218 0.430316
vt 0.732435 0.426297
vt 0.634055 0.897964
vt 0.187935 0.188609
vt 0.192582 0.216353
vt 0.531782 0.117644
vt 0.549795 0.029274
vt 0.965220 0.261841
vt 0.107639 0.998442
vt 0.105585 0.993093
vt 0.118529 0.998283
vt 0.026697 0.272287
vt 0.022656 0.248748
vt 0.028176 0.249216
vt 0.247910 0.152428
vt 0.473544 0.059415
vt 0.994753 0.364921
vt 0.849665 0.822617
vt 0.423421 0.949737
vt 0.812552 0.457795
vt 0.376136 0.602907
vt 0.722902 0.570862
vt 0.259693 0.195961
vt 0.530016 0.449523
vt 0.037006 0.241586
vt 0.343806 0.226799
vt 0.376297 0.222031
vt 0.377269 0.226596
vt 0.552210 0.321023
vt 0.729257 0.111942
vt 0.705035 0.120097
vt 0.161115 0.640309
vt 0.029065 0.002601
vt 0.047027 0.002601
vt 0.030683 0.007708
vt 0.151345 0.468011
vt 0.057536 0.762975
vt 0.063308 0.775590
vt 0.063308 0.797654
vt 0.656915 0.063994
vt 0.405456 0.116139
vt 0.370540 0.112015
vt 0.360376 0.104381
vt 0.974496 0.134833
vt 0.944020 0.515819
vt 0.943583 0.511396
vt 0.948674 0.512119
vt 0.140918 0.743471
vt 0.147918 0.745146
vt 0.679051 0.180207
vt 0.033330 0.979671
vt 0.011835 0.973728
vt 0.111994 0.849526
vt 0.167315 0.631271
vt 0.944981 0.168420
vt 0.834996 0.146132
vt 0.820496 0.122899
vt 0.865818 0.589333
vt 0.575052 0.464078
vt 0.999954 0.369780
vt 0.225292 0.549107
vt 0.579816 0.770578
vt 0.588387 0.762073
vt 0.575047 0.786087
vt 0.990083 0.580670
vt 0.061183 0.710834
vt 0.056147 0.700035
vt 0.060167 0.676500
vt 0.273899 0.327382
vt 0.046507 0.294977
vt 0.151843 0.642183
vt 0.703922 0.011225
vt 0.697871 0.012636
vt 0.700974 0.006719
vt 0.964099 0.247368
vt 0.987132 0.093075
vt 0.681609 0.513646
vt 0.255543 0.642806
vt 0.253245 0.697849
vt 0.248570 0.697214
vt 0.210433 0.358326
vt 0.204712 0.383553
vt 0.208849 0.353678
vt 0.087482 0.646169
vt 0.093630 0.666083
vt 0.088610 0.666238
vt 0.363841 0.054991
vt 0.795406 0.317011
vt 0.375950 0.198886
vt 0.416747 0.571852
vt 0.855661 0.650961
vt 0.846245 0.648114
vt 0.856939 0.644695
vt 0.270583 0.995937
vt 0.684896 0.064029
vt 0.081868 0.329482
vt 0.141751 0.063294
vt 0.869974 0.075027
vt 0.735666 0.317815
vt 0.681240 0.713789
vt 0.955041 0.879324
vt 0.831748 0.321460
vt 0.175304 0.663426
vt 0.177500 0.630645
vt 0.177804 0.646150
vt 0.409966 0.014518
vt 0.414137 0.001682
vt 0.414776 0.013294
vt 0.528387 0.479110
vt 0.187027 0.781687
vt 0.192232 0.773209
vt 0.190174 0.779283
vt 0.617603 0.902197
vt 0.139628 0.519678
vt 0.120634 0.633504
vt 0.115335 0.295794
vt 0.110184 0.304696
vt 0.113767 0.295198
vt 0.145677 0.951843
vt 0.144418 0.956506
vt 0.141648 0.957685
vt 0.010423 0.253403
vt 0.012911 0.251362
vt 0.017602 0.268038
vt 0.352696 0.063678
vt 0.136817 0.612203
vt 0.139061 0.616098
vt 0.119356 0.614722
vt 0.874047 0.974428
vt 0.868237 0.971130
vt 0.883067 0.967248
vt 0.808851 0.039816
vt 0.009920 0.640045
vt 0.011268 0.617687
vt 0.015329 0.637263
vt 0.965171 0.409916
vt 0.989174 0.376552
vt 0.969381 0.411969
vt 0.797761 0.334072
vt 0.496709 0.583508
vt 0.642613 0.653303
vt 0.244003 0.556289
vt 0.228929 0.537248
vt 0.547047 0.418366
vt 0.022220 0.469748
vt 0.028591 0.468029
vt 0.026310 0.470502
vt 0.572495 0.000581
vt 0.064028 0.231434
vt 0.069300 0.237491
vt 0.049768 0.243390
vt 0.484916 0.294906
vt 0.676719 0.194820
vt 0.434884 0.057469
vt 0.170238 0.212510
vt 0.514241 0.447424
vt 0.450436 0.433117
vt 0.503928 0.439366
vt 0.587781 0.050059
vt 0.588356 0.031025
vt 0.592019 0.031345
vt 0.850592 0.576782
vt 0.940435 0.820685
vt 0.938100 0.928115
vt 0.932492 0.924490
vt 0.936475 0.925372
vt 0.177077 0.033629
vt 0.171500 0.036727
vt 0.147356 0.033474
vt 0.986063 0.231782
vt 0.980320 0.231629
vt 0.987386 0.227827
vt 0.219422 0.440481
vt 0.205546 0.439374
vt 0.137866 0.298066
vt 0.130593 0.314075
vt 0.126751 0.311175
vt 0.976526 0.236994
vt 0.366806 0.071562
vt 0.627164 0.073769
vt 0.610063 0.084380
vt 0.606349 0.083757
vt 0.895047 0.264521
vt 0.678564 0.526609
vt 0.731245 0.844278
vt 0.309662 0.206637
vt 0.583619 0.018835
vt 0.581504 0.028784
vt 0.560711 0.028046
vt 0.041902 0.070278
vt 0.055715 0.043903
vt 0.061125 0.048437
vt 0.033762 0.177866
vt 0.020745 0.167370
vt 0.023156 0.165989
vt 0.024914 0.725354
vt 0.017595 0.741205
vt 0.016388 0.739853
vt 0.756139 0.529452
vt 0.740873 0.530988
vt 0.752443 0.957398
vt 0.730832 0.955876
vt 0.754171 0.955503
vt 0.381562 0.193959
vt 0.751568 0.145451
vt 0.759357 0.148502
vt 0.745659 0.155365
vt 0.916568 0.299601
vt 0.387053 0.060211
vt 0.089438 0.496360
vt 0.095516 0.471267
vt 0.104918 0.469665
vt 0.198334 0.978124
vt 0.963705 0.473911
vt 0.965584 0.469359
vt 0.973655 0.429212
vt 0.750907 0.231269
vt 0.284799 0.113294
vt 0.302356 0.127951
vt 0.279427 0.118095
vt 0.723006 0.432088
vt 0.728115 0.432069
vt 0.713843 0.967735
vt 0.684041 0.970965
vt 0.702262 0.963417
vt 0.854040 0.596299
vt 0.266701 0.513734
vt 0.263059 0.491499
vt 0.370259 0.203564
vt 0.020153 0.720258
vt 0.219069 0.829488
vt 0.209683 0.810811
vt 0.230005 0.824408
vt 0.390411 0.043961
vt 0.924125 0.000238
vt 0.931559 0.001305
vt 0.930744 0.005500
vt 0.409984 0.945753
vt 0.406017 0.944254
vt 0.409432 0.941489
vt 0.926403 0.951172
vt 0.475360 0.157146
vt 0.435454 0.153019
vt 0.241839 0.811349
vt 0.215370 0.785795
vt 0.233827 0.795675
vt 0.907706 0.019786
vt 0.907460 0.030628
vt 0.905159 0.030682
vt 0.030308 0.580232
vt 0.954376 0.677055
vt 0.951675 0.705570
vt 0.940322 0.729916
vt 0.345608 0.001539
vt 0.352728 0.009038
vt 0.344554 0.005473
vt 0.727297 0.313432
vt 0.687088 0.331945
vt 0.632249 0.064684
vt 0.867127 0.042207
vt 0.444640 0.066109
vt 0.442218 0.056846
vt 0.457890 0.045999
vt 0.623553 0.029103
vt 0.240914 0.732790
vt 0.235767 0.702143
vt 0.235767 0.675654
vt 0.022988 0.790591
vt 0.026814 0.780788
vt 0.040154 0.777892
vt 0.564357 0.435089
vt 0.563764 0.439926
vt 0.551865 0.439023
vt 0.674256 0.062113
vt 0.719883 0.096607
vt 0.730025 0.081862
vt 0.737161 0.080416
vt 0.578559 0.975947
vt 0.915266 0.126196
vt 0.935415 0.122410
vt 0.934147 0.129194
vt 0.871423 0.128283
vt 0.468679 0.362442
vt 0.737183 0.085600
vt 0.737035 0.088337
vt 0.734934 0.088154
vt 0.834582 0.128219
vt 0.281298 0.006529
vt 0.285296 0.015524
vt 0.281523 0.022265
vt 0.587158 0.942264
vt 0.592489 0.935868
vt 0.619319 0.015015
vt 0.595703 0.015015
vt 0.595904 0.011495
vt 0.915664 0.121092
vt 0.751418 0.723396
vt 0.754745 0.730823
vt 0.741736 0.740610
vt 0.839688 0.545686
vt 0.835531 0.544720
vt 0.849766 0.542512
vt 0.890337 0.037522
vt 0.892337 0.035008
vt 0.895215 0.035553
vt 0.590312 0.099540
vt 0.226680 0.570816
vt 0.736987 0.939460
vt 0.725500 0.934407
vt 0.735249 0.936571
vt 0.236124 0.140847
vt 0.246305 0.138148
vt 0.239477 0.145468
vt 0.949993 0.117857
vt 0.213611 0.825806
vt 0.982335 0.440502
vt 0.796324 0.119620
vt 0.827554 0.141598
vt 0.177437 0.966680
vt 0.196057 0.964605
vt 0.206154 0.977261
vt 0.971090 0.527821
vt 0.973927 0.550786
vt 0.971090 0.550241
vt 0.921813 0.875034
vt 0.942001 0.900189
vt 0.921428 0.879242
vt 0.038747 0.794225
vt 0.040068 0.792136
vt 0.042164 0.809935
vt 0.461818 0.631278
vt 0.501655 0.625459
vt 0.489922 0.630559
vt 0.301420 0.923016
vt 0.898534 0.272978
vt 0.694420 0.775827
vt 0.027353 0.115495
vt 0.300419 0.016948
vt 0.294809 0.007409
vt 0.295977 0.002689
vt 0.773584 0.117205
vt 0.758831 0.126583
vt 0.725680 0.126583
vt 0.527451 0.455948
vt 0.688087 0.518079
vt 0.647936 0.656300
vt 0.393886 0.009960
vt 0.744777 0.457880
vt 0.682064 0.967101
vt 0.890137 0.159910
vt 0.123934 0.951673
vt 0.946658 0.807784
vt 0.083472 0.373690
vt 0.996981 0.527321
vt 0.034157 0.611299
vt 0.023740 0.617960
vt 0.011499 0.616889
vt 0.856261 0.931414
vt 0.116108 0.879663
vt 0.826853 0.829431
vt 0.773564 0.528813
vt 0.791775 0.499195
vt 0.559975 0.496401
vt 0.558961 0.018916
vt 0.880421 0.013211
vt 0.875593 0.014597
vt 0.836976 0.383134
vt 0.081467 0.641826
vt 0.087173 0.641812
vt 0.068125 0.670412
vt 0.954426 0.187083
vt 0.943107 0.190272
vt 0.957101 0.173957
vt 0.033133 0.827646
vt 0.953750 0.906747
vt 0.945611 0.937122
vt 0.946984 0.884675
vt 0.152016 0.617591
vt 0.017932 0.843690
vt 0.016706 0.818559
vt 0.019622 0.825507
vt 0.578350 0.127254
vt 0.699409 0.099343
vt 0.330171 0.709706
vt 0.320978 0.710041
vt 0.329596 0.702911
vt 0.793577 0.043117
vt 0.030141 0.166886
vt 0.957087 0.161684
vt 0.549157 0.803897
vt 0.562019 0.807314
vt 0.541658 0.809267
vt 0.146435 0.646018
vt 0.531927 0.438413
vt 0.163377 0.822849
vt 0.784514 0.194597
vt 0.660172 0.647259
vt 0.999279 0.512674
vt 0.826252 0.562728
vt 0.371464 0.240717
vt 0.038888 0.160716
vt 0.872526 0.193323
vt 0.240041 0.690856
vt 0.199205 0.161041
vt 0.204449 0.159768
vt 0.195357 0.168291
vt 0.183320 0.169240
vt 0.184542 0.162217
vt 0.188988 0.169016
vt 0.241137 0.820594
vt 0.245062 0.819861
vt 0.244188 0.822622
vt 0.056088 0.438952
vt 0.050280 0.448823
vt 0.048792 0.444626
vt 0.180961 0.491820
vt 0.871190 0.293348
vt 0.560038 0.454132
vt 0.559383 0.456535
vt 0.016467 0.188239
vt 0.014524 0.177155
vt 0.020182 0.191890
vt 0.331748 0.167897
vt 0.256858 0.191823
vt 0.947591 0.159857
vt 0.056877 0.317233
vt 0.075889 0.319516
vt 0.066688 0.320635
vt 0.949105 0.486594
vt 0.952041 0.491956
vt 0.068471 0.649844
vt 0.973991 0.047026
vt 0.955063 0.063243
vt 0.952643 0.057914
vt 0.023037 0.760745
vt 0.010059 0.742937
vt 0.016505 0.746554
vt 0.041003 0.835297
vt 0.041317 0.845297
vt 0.033578 0.836207
vt 0.711554 0.121612
vt 0.737125 0.116296
vt 0.714124 0.127633
vt 0.293301 0.175161
vt 0.411740 0.211383
vt 0.817686 0.514306
vt 0.665501 0.007966
vt 0.658799 0.009214
vt 0.662923 0.002238
vt 0.777141 0.531268
vt 0.817804 0.214357
vt 0.810037 0.197041
vt 0.826715 0.212266
vt 0.034340 0.792639
vt 0.124349 0.416572
vt 0.949392 0.514754
vt 0.953324 0.545315
vt 0.114668 0.312085
vt 0.962357 0.721054
vt 0.962731 0.679965
vt 0.969475 0.702939
vt 0.962426 0.764571
vt 0.973065 0.777431
vt 0.966633 0.791598
vt 0.531495 0.874417
vt 0.349959 0.925733
vt 0.340682 0.923408
vt 0.774526 0.991445
vt 0.166296 0.203761
vt 0.182966 0.216739
vt 0.293429 0.186349
vt 0.283863 0.184008
vt 0.871385 0.351457
vt 0.864902 0.345521
vt 0.872282 0.336977
vt 0.155248 0.181222
vt 0.158963 0.174769
vt 0.157364 0.196297
vt 0.051537 0.165746
vt 0.962814 0.991036
vt 0.185703 0.221184
vt 0.151845 0.258096
vt 0.062317 0.227518
vt 0.541134 0.483152
vt 0.739784 0.115931
vt 0.956820 0.937966
vt 0.441810 0.221316
vt 0.410165 0.216908
vt 0.411041 0.212719
vt 0.805915 0.428695
vt 0.328879 0.043279
vt 0.385166 0.999313
vt 0.382426 0.993356
vt 0.386213 0.992342
vt 0.012948 0.482691
vt 0.992320 0.326875
vt 0.999879 0.359612
vt 0.987849 0.326200
vt 0.433722 0.449782
vt 0.438763 0.451705
vt 0.449701 0.464009
vt 0.573434 0.936770
vt 0.739479 0.086780
vt 0.984014 0.557267
vt 0.987400 0.518565
vt 0.989477 0.560964
vt 0.151990 0.963797
vt 0.640837 0.321673
vt 0.224141 0.636414
vt 0.221970 0.613865
vt 0.228202 0.635939
vt 0.056249 0.973512
vt 0.060072 0.968606
vt 0.077377 0.986100
vt 0.677044 0.621371
vt 0.402615 0.934065
vt 0.406458 0.937515
vt 0.743366 0.505093
vt 0.380902 0.605357
vt 0.725265 0.324260
vt 0.048697 0.441075
vt 0.708122 0.122477
vt 0.419192 0.863174
vt 0.430372 0.875035
vt 0.424061 0.873280
vt 0.783637 0.316871
vt 0.561719 0.446291
vt 0.562305 0.448737
vt 0.542249 0.446226
vt 0.239244 0.556302
vt 0.841034 0.625354
vt 0.723449 0.007482
vt 0.724570 0.004561
vt 0.735320 0.013112
vt 0.249712 0.996811
vt 0.634533 0.066260
vt 0.721724 0.009903
vt 0.148663 0.544777
vt 0.908618 0.042720
vt 0.774747 0.015179
vt 0.780597 0.009796
vt 0.789872 0.013000
vt 0.939997 0.179711
vt 0.133125 0.949571
vt 0.132646 0.953105
vt 0.128987 0.952994
vt 0.051111 0.266052
vt 0.654578 0.677741
vt 0.105878 0.842526
vt 0.102200 0.844809
vt 0.101150 0.840691
vt 0.788834 0.330821
vt 0.771200 0.325919
vt 0.893958 0.628652
vt 0.889644 0.628659
vt 0.893891 0.625385
vt 0.050529 0.075881
vt 0.134975 0.500288
vt 0.134975 0.546349
vt 0.124721 0.525203
vt 0.963894 0.353881
vt 0.967425 0.352393
vt 0.973567 0.355778
vt 0.469076 0.903502
vt 0.106868 0.644826
vt 0.098451 0.665684
vt 0.703878 0.005751
vt 0.495644 0.100004
vt 0.072894 0.251056
vt 0.954921 0.204030
vt 0.879428 0.024896
vt 0.704578 0.936761
vt 0.726722 0.928171
vt 0.969391 0.273729
vt 0.954308 0.822139
vt 0.253976 0.931967
vt 0.031792 0.233528
vt 0.020552 0.236513
vt 0.010918 0.233382
vt 0.087625 0.883756
vt 0.087099 0.856906
vt 0.091435 0.855047
vt 0.051116 0.262491
vt 0.017332 0.151991
vt 0.017332 0.127342
vt 0.020469 0.138501
vt 0.064522 0.350906
vt 0.193090 0.783977
vt 0.191949 0.811016
vt 0.222390 0.153532
vt 0.496189 0.112072
vt 0.135603 0.214780
vt 0.152563 0.170394
vt 0.149130 0.189340
vt 0.205095 0.790971
vt 0.591134 0.895050
vt 0.994653 0.235906
vt 0.989198 0.228537
vt 0.993598 0.222374
vt 0.211845 0.482741
vt 0.197066 0.507307
vt 0.828809 0.119256
vt 0.979508 0.234480
vt 0.675064 0.938737
vt 0.705342 0.932059
vt 0.847760 0.538743
vt 0.767856 0.234852
vt 0.031345 0.245141
vt 0.451102 0.442960
vt 0.441159 0.449426
vt 0.234250 0.584049
vt 0.021427 0.324456
vt 0.011849 0.309023
vt 0.013926 0.304901
vt 0.603475 0.323943
vt 0.986158 0.172751
vt 0.382410 0.634919
vt 0.327841 0.178814
vt 0.112630 0.273056
vt 0.135651 0.279094
vt 0.135468 0.281190
vt 0.145864 0.423488
vt 0.151086 0.417889
vt 0.135610 0.462818
vt 0.205487 0.394776
vt 0.757371 0.526739
vt 0.916772 0.200494
vt 0.872563 0.656564
vt 0.932413 0.268600
vt 0.013040 0.303675
vt 0.009927 0.289269
vt 0.015028 0.288705
vt 0.154612 0.811640
vt 0.183589 0.278532
vt 0.155076 0.285175
vt 0.156069 0.280601
vt 0.857196 0.534203
vt 0.860343 0.535326
vt 0.064648 0.966437
vt 0.061092 0.963340
vt 0.666364 0.243872
vt 0.024743 0.652987
vt 0.196535 0.437268
vt 0.113196 0.883364
vt 0.103285 0.887502
vt 0.063016 0.657161
vt 0.583184 0.061714
vt 0.575357 0.065714
vt 0.576996 0.060470
vt 0.557931 0.502578
vt 0.434628 0.133230
vt 0.222728 0.668903
vt 0.168941 0.723618
vt 0.170698 0.685100
vt 0.173235 0.721938
vt 0.828240 0.923740
vt 0.555515 0.044841
vt 0.570226 0.044742
vt 0.551327 0.052939
vt 0.730445 0.785402
vt 0.545119 0.040410
vt 0.881311 0.138395
vt 0.915684 0.135700
vt 0.923406 0.141107
vt 0.830366 0.452179
vt 0.689418 0.767468
vt 0.419088 0.919188
vt 0.432598 0.928624
vt 0.414895 0.924468
vt 0.198350 0.495816
vt 0.098155 0.243857
vt 0.089420 0.211861
vt 0.419515 0.912538
vt 0.795778 0.636145
vt 0.793699 0.621839
vt 0.043524 0.637996
vt 0.351262 0.493338
vt 0.731028 0.000546
vt 0.735614 0.000966
vt 0.422377 0.577795
vt 0.604769 0.077618
vt 0.899081 0.045500
vt 0.871436 0.044024
vt 0.893731 0.037957
vt 0.905886 0.045728
vt 0.974989 0.904858
vt 0.968246 0.912090
vt 0.975587 0.869413
vt 0.709245 0.006295
vt 0.022400 0.740269
vt 0.626281 0.028924
vt 0.682499 0.530319
vt 0.881688 0.590398
vt 0.940483 0.702788
vt 0.040877 0.536578
vt 0.068597 0.545896
vt 0.052598 0.544189
vt 0.591811 0.450728
vt 0.259270 0.923231
vt 0.298129 0.917414
vt 0.312270 0.921957
vt 0.322850 0.924347
vt 0.788359 0.992594
vt 0.451608 0.000566
vt 0.085486 0.656951
vt 0.520952 0.042347
vt 0.402327 0.021017
vt 0.570980 0.010245
vt 0.572353 0.007953
vt 0.833820 0.621064
vt 0.089015 0.210458
vt 0.095111 0.185465
vt 0.098925 0.200855
vt 0.938455 0.147178
vt 0.904031 0.151481
vt 0.908364 0.147400
vt 0.666928 0.916675
vt 0.513199 0.984404
vt 0.548112 0.990560
vt 0.511289 0.989109
vt 0.154583 0.947414
vt 0.106303 0.108944
vt 0.092519 0.110038
vt 0.105951 0.074159
vt 0.795500 0.070919
vt 0.839257 0.070919
vt 0.796264 0.074884
vt 0.175224 0.815838
vt 0.170588 0.789691
vt 0.179458 0.815220
vt 0.833531 0.330935
vt 0.442649 0.635964
vt 0.442613 0.638774
vt 0.423339 0.627568
vt 0.105371 0.164239
vt 0.098302 0.136236
vt 0.100698 0.132215
vt 0.078847 0.254824
vt 0.730081 0.007318
vt 0.835154 0.934675
vt 0.624604 0.009801
vt 0.632873 0.008254
vt 0.635582 0.009626
vt 0.777835 0.031203
vt 0.833399 0.282001
vt 0.018051 0.462374
vt 0.950093 0.042601
vt 0.182508 0.275953
vt 0.181208 0.270928
vt 0.190794 0.270122
vt 0.099418 0.501781
vt 0.084023 0.523642
vt 0.078264 0.520166
vt 0.867225 0.835843
vt 0.214986 0.789511
vt 0.055764 0.345110
vt 0.889921 0.149011
vt 0.681320 0.963569
vt 0.681529 0.960797
vt 0.062557 0.668228
vt 0.410721 0.445140
vt 0.368454 0.288037
vt 0.881379 0.527183
vt 0.887936 0.525609
vt 0.102778 0.113371
vt 0.716583 0.294342
vt 0.700609 0.269082
vt 0.076637 0.161931
vt 0.552048 0.028118
vt 0.897258 0.999289
vt 0.898443 0.996675
vt 0.927730 0.992366
vt 0.603317 0.892789
vt 0.951555 0.219623
vt 0.949958 0.213169
vt 0.957439 0.218044
vt 0.110059 0.317385
vt 0.055490 0.296900
vt 0.103690 0.485232
vt 0.107973 0.472615
vt 0.046400 0.284080
vt 0.041749 0.280001
vt 0.717926 0.433104
vt 0.024308 0.583303
vt 0.024308 0.607173
vt 0.016929 0.584314
vt 0.178906 0.270196
vt 0.896263 0.127144
vt 0.933718 0.009507
vt 0.562493 0.504990
vt 0.688095 0.730581
vt 0.611741 0.315457
vt 0.316562 0.734932
vt 0.312614 0.730922
vt 0.314768 0.719714
vt 0.112600 0.890821
vt 0.678683 0.970129
vt 0.106475 0.928255
vt 0.104691 0.906297
vt 0.110386 0.902874
vt 0.958178 0.644276
vt 0.962948 0.647314
vt 0.958014 0.664055
vt 0.522260 0.884542
vt 0.167957 0.612209
vt 0.175579 0.620494
vt 0.167963 0.663687
vt 0.074186 0.488175
vt 0.085646 0.486176
vt 0.067004 0.511872
vt 0.107879 0.227381
vt 0.120089 0.266108
vt 0.107064 0.259410
vt 0.672904 0.114535
vt 0.692972 0.120268
vt 0.672467 0.123436
vt 0.317240 0.011729
vt 0.324296 0.002016
vt 0.330281 0.009795
vt 0.047737 0.501054
vt 0.888210 0.225371
vt 0.891108 0.232823
vt 0.887337 0.232567
vt 0.820180 0.219905
vt 0.817595 0.219649
vt 0.870811 0.531643
vt 0.033118 0.790979
vt 0.101838 0.166492
vt 0.224278 0.914413
vt 0.230053 0.909530
vt 0.223160 0.926766
vt 0.099991 0.906439
vt 0.096930 0.915556
vt 0.076142 0.908940
vt 0.537709 0.984607
vt 0.622447 0.011603
vt 0.608775 0.011603
vt 0.619430 0.002634
vt 0.587166 0.024070
vt 0.378346 0.207997
vt 0.046334 0.968453
vt 0.056640 0.965472
vt 0.793963 0.240559
vt 0.803650 0.243013
vt 0.791374 0.260137
vt 0.865848 0.453854
vt 0.875212 0.451992
vt 0.875453 0.460653
vt 0.247148 0.378486
vt 0.494396 0.116643
vt 0.788558 0.634145
vt 0.881022 0.982071
vt 0.861657 0.988687
vt 0.743502 0.324663
vt 0.769385 0.338628
vt 0.892826 0.341144
vt 0.714903 0.963767
vt 0.465252 0.464502
vt 0.452073 0.454642
vt 0.071638 0.450268
vt 0.919513 0.130708
vt 0.906478 0.127241
vt 0.934105 0.901212
vt 0.859717 0.468713
vt 0.895128 0.218047
vt 0.954044 0.009267
vt 0.963730 0.006463
vt 0.965446 0.008426
vt 0.115298 0.438767
vt 0.109734 0.454056
vt 0.108721 0.408569
vt 0.677424 0.668543
vt 0.022312 0.493013
vt 0.120201 0.125231
vt 0.117956 0.130046
vt 0.082057 0.127546
vt 0.171484 0.273306
vt 0.535363 0.253345
vt 0.567461 0.251806
vt 0.594164 0.290551
vt 0.629012 0.280424
vt 0.631982 0.282561
vt 0.409495 0.039579
vt 0.016888 0.959172
vt 0.158775 0.204814
vt 0.162820 0.203173
vt 0.045658 0.627322
vt 0.053360 0.619323
vt 0.994337 0.328814
vt 0.755241 0.619312
vt 0.030123 0.271840
vt 0.459188 0.901870
vt 0.060745 0.176307
vt 0.053055 0.179208
vt 0.944116 0.045677
vt 0.954783 0.049559
vt 0.921506 0.046918
vt 0.667074 0.804739
vt 0.268097 0.029384
vt 0.274182 0.011066
vt 0.279767 0.010380
vt 0.970131 0.797754
vt 0.966569 0.804001
vt 0.660261 0.323017
vt 0.511290 0.466557
vt 0.523114 0.479933
vt 0.518621 0.477616
vt 0.052534 0.204258
vt 0.418752 0.997134
vt 0.970200 0.723078
vt 0.545232 0.063346
vt 0.518582 0.064634
vt 0.545002 0.061718
vt 0.439801 0.933392
vt 0.302926 0.031818
vt 0.304113 0.026246
vt 0.323083 0.031663
vt 0.355585 0.047747
vt 0.003572 0.254781
vt 0.002016 0.252598
vt 0.178588 0.780558
vt 0.837421 0.049896
vt 0.320065 0.083585
vt 0.317736 0.088791
vt 0.276400 0.085175
vt 0.834628 0.043232
vt 0.720040 0.011716
vt 0.706077 0.011293
vt 0.713830 0.009207
vt 0.469190 0.448985
vt 0.452119 0.450190
vt 0.230641 0.877005
vt 0.855028 0.937102
vt 0.142951 0.891660
vt 0.143325 0.938482
vt 0.139887 0.904858
vt 0.054377 0.310291
vt 0.646903 0.183240
vt 0.276948 0.081205
vt 0.932725 0.177486
vt 0.880726 0.177486
vt 0.895079 0.170575
vt 0.832359 0.387711
vt 0.832088 0.393608
vt 0.003947 0.960124
vt 0.228345 0.875057
vt 0.895689 0.034447
vt 0.893150 0.032588
vt 0.897536 0.013331
vt 0.339954 0.140666
vt 0.471057 0.445121
vt 0.291127 0.980122
vt 0.262263 0.980058
vt 0.297569 0.970528
vt 0.687269 0.699150
vt 0.685006 0.657924
vt 0.888788 0.149786
vt 0.222171 0.801624
vt 0.135589 0.514175
vt 0.005458 0.460677
vt 0.008797 0.458872
vt 0.020788 0.461258
vt 0.427200 0.585899
vt 0.453051 0.588595
vt 0.447890 0.589743
vt 0.744483 0.233570
vt 0.438586 0.899529
vt 0.594431 0.130548
vt 0.270458 0.402188
vt 0.386904 0.213960
vt 0.835733 0.159765
vt 0.836416 0.124284
vt 0.843340 0.114396
vt 0.705926 0.937697
vt 0.008761 0.678844
vt 0.016484 0.658417
vt 0.015489 0.676762
vt 0.139404 0.014448
vt 0.157696 0.019849
vt 0.157894 0.025527
vt 0.826658 0.617137
vt 0.850368 0.592363
vt 0.640775 0.934171
vt 0.668921 0.926584
vt 0.702868 0.926584
vt 0.019963 0.789230
vt 0.311102 0.208469
vt 0.290619 0.211466
vt 0.290654 0.206306
vt 0.926342 0.088353
vt 0.883672 0.088353
vt 0.925789 0.084941
vt 0.148812 0.961849
vt 0.857280 0.170791
vt 0.856443 0.173384
vt 0.840894 0.161645
vt 0.295806 0.333026
vt 0.291096 0.340610
vt 0.636396 0.291982
vt 0.651786 0.273859
vt 0.640758 0.291820
vt 0.724686 0.217101
vt 0.566474 0.437583
vt 0.204922 0.972511
vt 0.263289 0.912698
vt 0.858536 0.174116
vt 0.908679 0.957797
vt 0.757966 0.959568
vt 0.937990 0.028922
vt 0.298292 0.068730
vt 0.329968 0.074315
vt 0.291194 0.074973
vt 0.827546 0.395291
vt 0.915990 0.292443
vt 0.999141 0.468541
vt 0.994805 0.515175
vt 0.420309 0.107673
vt 0.036831 0.234726
vt 0.096572 0.637237
vt 0.888680 0.128684
vt 0.623037 0.580959
vt 0.594258 0.555377
vt 0.626187 0.574762
vt 0.591578 0.560359
vt 0.493146 0.009058
vt 0.511167 0.009081
vt 0.492031 0.013817
vt 0.148998 0.869998
vt 0.144349 0.854201
vt 0.149712 0.857272
vt 0.510845 0.022695
vt 0.509990 0.025307
vt 0.494409 0.024070
vt 0.790309 0.010090
vt 0.786717 0.007127
vt 0.790002 0.001201
vt 0.960971 0.974406
vt 0.999264 0.969707
vt 0.993136 0.974406
vt 0.215641 0.381196
vt 0.227622 0.353593
vt 0.225877 0.374258
vt 0.982416 0.967665
vt 0.745226 0.928527
vt 0.750414 0.936052
vt 0.030828 0.582824
vt 0.031187 0.608197
vt 0.028904 0.606741
vt 0.026269 0.743546
vt 0.941845 0.928599
vt 0.046349 0.449322
vt 0.050952 0.250188
vt 0.149937 0.648674
vt 0.850629 0.334410
vt 0.626487 0.583670
vt 0.008062 0.665657
vt 0.070604 0.035581
vt 0.077313 0.038023
vt 0.048809 0.041087
vt 0.913954 0.999289
vt 0.203605 0.819982
vt 0.517128 0.307365
vt 0.544397 0.312173
vt 0.478676 0.312147
vt 0.367922 0.117641
vt 0.860617 0.584023
vt 0.995397 0.629880
vt 0.998398 0.664183
vt 0.994729 0.671053
vt 0.013055 0.169738
vt 0.755019 0.545673
vt 0.392489 0.118122
vt 0.404938 0.117033
vt 0.392835 0.120572
vt 0.964994 0.045847
vt 0.455274 0.636340
vt 0.281565 0.632851
vt 0.279007 0.649389
vt 0.137144 0.956523
vt 0.242032 0.029886
vt 0.243179 0.024953
vt 0.265498 0.028841
vt 0.703940 0.381392
vt 0.048763 0.974862
vt 0.966822 0.241073
vt 0.056179 0.473174
vt 0.835722 0.524516
vt 0.845693 0.526068
vt 0.829220 0.528602
vt 0.261454 0.674722
vt 0.461075 0.964030
vt 0.462739 0.957510
vt 0.481017 0.948905
vt 0.712943 0.961259
vt 0.901760 0.039677
vt 0.328849 0.923710
vt 0.445260 0.995108
vt 0.424319 0.997489
vt 0.439346 0.993183
vt 0.319677 0.080084
vt 0.949011 0.593424
vt 0.948041 0.551844
vt 0.951811 0.558603
vt 0.797498 0.955032
vt 0.761238 0.959173
vt 0.791241 0.950498
vt 0.145649 0.036561
vt 0.043147 0.049769
vt 0.193788 0.777765
vt 0.337843 0.166485
vt 0.523881 0.303018
vt 0.523884 0.297571
vt 0.331437 0.071101
vt 0.322288 0.071832
vt 0.322688 0.066801
vt 0.849442 0.135062
vt 0.301327 0.999268
vt 0.296302 0.985738
vt 0.298903 0.985437
vt 0.050611 0.452408
vt 0.127734 0.207513
vt 0.130384 0.208070
vt 0.130663 0.214308
vt 0.080001 0.813236
vt 0.074638 0.782206
vt 0.079355 0.775374
vt 0.291669 0.987512
vt 0.360967 0.283430
vt 0.037183 0.497739
vt 0.022626 0.502294
vt 0.023053 0.499977
vt 0.164729 0.254978
vt 0.522536 0.079124
vt 0.548686 0.087923
vt 0.535362 0.089070
vt 0.530441 0.935615
vt 0.392283 0.218915
vt 0.949191 0.535197
vt 0.050768 0.332571
vt 0.227010 0.807857
vt 0.161765 0.938703
vt 0.884980 0.130600
vt 0.175175 0.364098
vt 0.443177 0.360506
vt 0.013741 0.174228
vt 0.009495 0.174128
vt 0.005945 0.158109
vt 0.129958 0.074870
vt 0.134711 0.068585
vt 0.168778 0.068585
vt 0.899192 0.036743
vt 0.145942 0.714786
vt 0.754084 0.554122
vt 0.398922 0.222963
vt 0.121646 0.062148
vt 0.094765 0.067630
vt 0.093249 0.061973
vt 0.900774 0.797857
vt 0.901899 0.804474
vt 0.795824 0.959173
vt 0.669091 0.972164
vt 0.669092 0.968873
vt 0.672902 0.969616
vt 0.671272 0.974272
vt 0.933260 0.596271
vt 0.927884 0.617046
vt 0.929243 0.591368
vt 0.653915 0.944175
vt 0.660800 0.949086
vt 0.654607 0.952359
vt 0.321522 0.003502
vt 0.315198 0.012207
vt 0.315280 0.005364
vt 0.137638 0.019670
vt 0.354309 0.018852
vt 0.347066 0.019428
vt 0.343310 0.017234
vt 0.120620 0.220930
vt 0.127828 0.223003
vt 0.116874 0.234445
vt 0.798119 0.742814
vt 0.791474 0.780500
vt 0.792506 0.707963
vt 0.401089 0.621154
vt 0.089446 0.302708
vt 0.153068 0.414524
vt 0.216179 0.779981
vt 0.223822 0.786007
vt 0.207898 0.411415
vt 0.226197 0.928085
vt 0.018948 0.818751
vt 0.151453 0.871347
vt 0.796507 0.659997
vt 0.812816 0.631493
vt 0.208787 0.436100
vt 0.244616 0.593480
vt 0.862943 0.918904
vt 0.855669 0.910904
vt 0.858770 0.912174
vt 0.017536 0.350295
vt 0.019380 0.345179
vt 0.020067 0.348962
vt 0.250253 0.186658
vt 0.243875 0.192286
vt 0.646758 0.975315
vt 0.647829 0.967558
vt 0.656951 0.971493
vt 0.734088 0.079563
vt 0.914152 0.032078
vt 0.909654 0.034304
vt 0.909291 0.013333
vt 0.982981 0.227598
vt 0.120238 0.991650
vt 0.106730 0.990757
vt 0.334884 0.065062
vt 0.334159 0.076478
vt 0.980209 0.870352
vt 0.756748 0.956652
vt 0.326429 0.698459
vt 0.330093 0.692304
vt 0.334158 0.690725
vt 0.897960 0.988772
vt 0.194628 0.495157
vt 0.123949 0.950541
vt 0.879436 0.442345
vt 0.881881 0.436332
vt 0.069567 0.340025
vt 0.609447 0.012503
vt 0.633067 0.012503
vt 0.631491 0.014988
vt 0.638421 0.973402
vt 0.070400 0.157532
vt 0.804785 0.508232
vt 0.792095 0.540352
vt 0.783481 0.535958
vt 0.566403 0.443845
vt 0.872493 0.568165
vt 0.896521 0.993231
vt 0.555048 0.065350
vt 0.513203 0.067623
vt 0.513189 0.065350
vt 0.458494 0.557116
vt 0.108569 0.468680
vt 0.813132 0.962431
vt 0.121219 0.269491
vt 0.069774 0.284972
vt 0.066088 0.287287
vt 0.839920 0.167800
vt 0.139422 0.485021
vt 0.410500 0.015679
vt 0.420396 0.013003
vt 0.426024 0.015627
vt 0.337625 0.470478
vt 0.755284 0.236581
vt 0.712680 0.240035
vt 0.697342 0.235926
vt 0.197701 0.209683
vt 0.192874 0.185180
vt 0.840953 0.070137
vt 0.821737 0.069507
vt 0.836850 0.064381
vt 0.054204 0.167091
vt 0.242880 0.810947
vt 0.356105 0.020645
vt 0.375018 0.022369
vt 0.347658 0.034216
vt 0.655506 0.912078
vt 0.964834 0.004765
vt 0.660636 0.251225
vt 0.279593 0.009770
vt 0.275635 0.009770
vt 0.278526 0.004958
vt 0.344177 0.034593
vt 0.972270 0.571835
vt 0.010363 0.486893
vt 0.018389 0.487607
vt 0.010683 0.506604
vt 0.921462 0.010071
vt 0.011158 0.161070
vt 0.247182 0.755353
vt 0.246992 0.712909
vt 0.250799 0.714010
vt 0.249776 0.932693
vt 0.797326 0.532932
vt 0.922269 0.868311
vt 0.921126 0.822060
vt 0.924299 0.838983
vt 0.380493 0.598654
vt 0.727956 0.099886
vt 0.739315 0.102043
vt 0.145458 0.234691
vt 0.906937 0.132454
vt 0.153945 0.074053
vt 0.087990 0.806951
vt 0.527324 0.395514
vt 0.532713 0.387220
vt 0.535034 0.389412
vt 0.585227 0.290334
vt 0.958655 0.203708
vt 0.858286 0.340274
vt 0.859223 0.333091
vt 0.978553 0.473693
vt 0.980821 0.485295
vt 0.148896 0.684609
vt 0.553379 0.809887
vt 0.133761 0.760154
vt 0.324741 0.050864
vt 0.343553 0.053842
vt 0.845522 0.298241
vt 0.865067 0.297840
vt 0.946987 0.145275
vt 0.917375 0.135004
vt 0.941481 0.132826
vt 0.667895 0.025986
vt 0.665408 0.017973
vt 0.682753 0.026357
vt 0.463409 0.416928
vt 0.463185 0.424550
vt 0.454856 0.418508
vt 0.561950 0.065458
vt 0.663343 0.820727
vt 0.463569 0.071156
vt 0.408984 0.892349
vt 0.980117 0.193262
vt 0.957042 0.186734
vt 0.145456 0.034527
vt 0.923552 0.554576
vt 0.913752 0.540295
vt 0.930922 0.545145
vt 0.904644 0.545765
vt 0.914986 0.563071
vt 0.552878 0.044003
vt 0.552878 0.019326
vt 0.557579 0.043730
vt 0.478012 0.055642
vt 0.025269 0.584114
vt 0.951197 0.340426
vt 0.944884 0.345654
vt 0.943399 0.340616
vt 0.880141 0.656190
vt 0.798170 0.939438
vt 0.319924 0.463908
vt 0.249606 0.698255
vt 0.578429 0.114407
vt 0.625922 0.114407
vt 0.626284 0.116324
vt 0.242898 0.021169
vt 0.257196 0.021383
vt 0.013316 0.273487
vt 0.004615 0.265603
vt 0.012080 0.265855
vt 0.529520 0.250880
vt 0.960744 0.621555
vt 0.494401 0.911590
vt 0.670457 0.324961
vt 0.037672 0.480947
vt 0.187253 0.492654
vt 0.671247 0.787369
vt 0.136702 0.520236
vt 0.883874 0.143476
vt 0.021886 0.273076
vt 0.159161 0.704116
vt 0.891759 0.528594
vt 0.289641 0.169208
vt 0.598521 0.513858
vt 0.135999 0.283658
vt 0.464079 0.116523
vt 0.595094 0.061731
vt 0.206189 0.360677
vt 0.475850 0.502613
vt 0.442374 0.492140
vt 0.478381 0.497591
vt 0.159739 0.039691
vt 0.189527 0.034438
vt 0.191267 0.039581
vt 0.691750 0.128025
vt 0.942498 0.207487
vt 0.112554 0.762675
vt 0.088048 0.762913
vt 0.956065 0.128942
vt 0.192689 0.426334
vt 0.648583 0.114644
vt 0.160236 0.188418
vt 0.687090 0.063269
vt 0.684275 0.055534
vt 0.714142 0.055982
vt 0.055460 0.815745
vt 0.049904 0.811594
vt 0.055149 0.784157
vt 0.329245 0.255553
vt 0.682875 0.060920
vt 0.286228 0.014271
vt 0.903297 0.276563
vt 0.352129 0.144493
vt 0.963045 0.800108
vt 0.957660 0.829467
vt 0.957426 0.796308
vt 0.430678 0.079810
vt 0.565175 0.017109
vt 0.087178 0.365658
vt 0.714769 0.060003
vt 0.160445 0.212978
vt 0.375269 0.949914
vt 0.397443 0.947974
vt 0.418545 0.949455
vt 0.550190 0.379954
vt 0.911745 0.815602
vt 0.898869 0.827245
vt 0.939977 0.281143
vt 0.266306 0.396453
vt 0.962199 0.784671
vt 0.060523 0.189278
vt 0.368031 0.219445
vt 0.719124 0.584515
vt 0.965874 0.985215
vt 0.790267 0.967069
vt 0.768263 0.971325
vt 0.757185 0.968357
vt 0.143239 0.672897
vt 0.625752 0.315608
vt 0.790699 0.441601
vt 0.777203 0.477596
vt 0.785029 0.439645
vt 0.848681 0.143469
vt 0.886737 0.146200
vt 0.847566 0.153653
vt 0.051263 0.460155
vt 0.794745 0.006596
vt 0.247288 0.676686
vt 0.180612 0.629363
vt 0.162755 0.638576
vt 0.103288 0.906868
vt 0.100637 0.907877
vt 0.381828 0.264149
vt 0.400172 0.134975
vt 0.405100 0.133621
vt 0.056967 0.783249
vt 0.758397 0.002631
vt 0.773946 0.002560
vt 0.771362 0.011335
vt 0.224928 0.162665
vt 0.900552 0.988395
vt 0.897142 0.517469
vt 0.017521 0.611479
vt 0.211693 0.320938
vt 0.452869 0.590704
vt 0.937091 0.957825
vt 0.313496 0.139835
vt 0.299921 0.130238
vt 0.602480 0.104925
vt 0.260943 0.189090
vt 0.301013 0.733565
vt 0.310214 0.730851
vt 0.306037 0.760642
vt 0.857238 0.934769
vt 0.627742 0.000017
vt 0.970381 0.521991
vt 0.968385 0.541170
vt 0.963837 0.502273
vt 0.937250 0.150221
vt 0.116780 0.035077
vt 0.100712 0.042979
vt 0.100712 0.040948
vt 0.040982 0.545894
vt 0.109725 0.464150
vt 0.506296 0.082063
vt 0.565310 0.004518
vt 0.569154 0.005544
vt 0.563759 0.011166
vt 0.994244 0.605931
vt 0.991314 0.613982
vt 0.991741 0.590239
vt 0.303960 0.020094
vt 0.304487 0.007029
vt 0.308705 0.007356
vt 0.183532 0.458438
vt 0.975183 0.099490
vt 0.969070 0.096556
vt 0.976386 0.092465
vt 0.005264 0.268818
vt 0.717243 0.958330
vt 0.971571 0.870994
vt 0.014446 0.076414
vt 0.010545 0.075729
vt 0.012632 0.073509
vt 0.962603 0.247828
vt 0.308370 0.021001
vt 0.117252 0.453734
vt 0.119153 0.458727
vt 0.111884 0.453138
vt 0.399310 0.311701
vt 0.424010 0.307346
vt 0.465196 0.310599
vt 0.044084 0.151220
vt 0.044026 0.154099
vt 0.018263 0.151560
vt 0.380526 0.185769
vt 0.049725 0.180448
vt 0.833096 0.388736
vt 0.997886 0.327661
vt 0.941634 0.809390
vt 0.939026 0.798297
vt 0.644598 0.232359
vt 0.020404 0.923543
vt 0.020404 0.947836
vt 0.017397 0.947099
vt 0.199775 0.886606
vt 0.208022 0.880405
vt 0.201873 0.921274
vt 0.873738 0.631090
vt 0.875901 0.628009
vt 0.876375 0.632019
vt 0.126145 0.965819
vt 0.717488 0.962166
vt 0.969563 0.806237
vt 0.213349 0.284372
vt 0.964125 0.807348
vt 0.183532 0.236949
vt 0.270089 0.830706
vt 0.269741 0.837617
vt 0.263559 0.824012
vt 0.090216 0.500288
vt 0.834754 0.928875
vt 0.872856 0.636203
vt 0.146877 0.012765
vt 0.812055 0.639082
vt 0.799429 0.670512
vt 0.218888 0.876868
vt 0.214456 0.769923
vt 0.503093 0.455270
vt 0.305757 0.987498
vt 0.047120 0.201324
vt 0.063114 0.183121
vt 0.048682 0.205467
vt 0.799508 0.225019
vt 0.960873 0.758140
vt 0.962951 0.780941
vt 0.953240 0.758869
vt 0.046751 0.512274
vt 0.790300 0.011901
vt 0.551188 0.487426
vt 0.202287 0.962793
vt 0.999292 0.562306
vt 0.427895 0.147204
vt 0.419105 0.907078
vt 0.397988 0.924285
vt 0.384694 0.915689
vt 0.374148 0.999419
vt 0.368436 0.996484
vt 0.373978 0.994745
vt 0.569358 0.003562
vt 0.857631 0.532668
vt 0.212335 0.931175
vt 0.215261 0.923592
vt 0.223805 0.933046
vt 0.268085 0.763143
vt 0.343884 0.009262
vt 0.522259 0.035674
vt 0.519604 0.020619
vt 0.522615 0.019799
vt 0.954409 0.003988
vt 0.908115 0.199520
vt 0.735795 0.013964
vt 0.149983 0.811482
vt 0.330630 0.715161
vt 0.323341 0.715277
vt 0.811532 0.251168
vt 0.026074 0.608634
vt 0.424822 0.532603
vt 0.416557 0.545198
vt 0.410677 0.534339
vt 0.152359 0.545842
vt 0.150358 0.566331
vt 0.421541 0.066830
vt 0.403542 0.072208
vt 0.402005 0.067477
vt 0.123119 0.236310
vt 0.246522 0.652309
vt 0.248928 0.641334
vt 0.783253 0.107521
vt 0.740051 0.107923
vt 0.764971 0.103186
vt 0.314266 0.700769
vt 0.978476 0.216628
vt 0.974091 0.221250
vt 0.973790 0.215281
vt 0.468444 0.220704
vt 0.150236 0.394394
vt 0.160350 0.391307
vt 0.152057 0.396323
vt 0.399304 0.064747
vt 0.420766 0.056104
vt 0.135603 0.545456
vt 0.255417 0.208564
vt 0.496224 0.499831
vt 0.495853 0.495705
vt 0.497839 0.491998
vt 0.847936 0.819576
vt 0.021255 0.114429
vt 0.669818 0.049237
vt 0.053492 0.254402
vt 0.281488 0.741198
vt 0.515247 0.496957
vt 0.222071 0.556577
vt 0.103517 0.496757
vt 0.278400 0.509489
vt 0.529178 0.285624
vt 0.559009 0.803674
vt 0.499238 0.596549
vt 0.493536 0.591672
vt 0.477615 0.510810
vt 0.480036 0.504431
vt 0.546551 0.954854
vt 0.129337 0.759266
vt 0.091541 0.638229
vt 0.078663 0.842474
vt 0.080292 0.832872
vt 0.080825 0.842662
vt 0.040473 0.636071
vt 0.177179 0.187012
vt 0.413763 0.267999
vt 0.426744 0.045897
vt 0.441368 0.063658
vt 0.419058 0.002485
vt 0.962352 0.946373
vt 0.727311 0.302785
vt 0.425397 0.098596
vt 0.421391 0.093453
vt 0.914378 0.300988
vt 0.351232 0.064454
vt 0.363867 0.073979
vt 0.338626 0.069714
vt 0.637034 0.376072
vt 0.223274 0.536303
vt 0.157966 0.213509
vt 0.152383 0.187754
vt 0.158638 0.690300
vt 0.846067 0.161500
vt 0.176328 0.189334
vt 0.976648 0.450965
vt 0.973579 0.471080
vt 0.526976 0.412479
vt 0.536774 0.395688
vt 0.070163 0.361630
vt 0.068934 0.345886
vt 0.092671 0.499032
vt 0.177077 0.168044
vt 0.186856 0.176474
vt 0.320030 0.068565
vt 0.011253 0.345861
vt 0.979135 0.091868
vt 0.237669 0.368464
vt 0.335324 0.069024
vt 0.507279 0.472222
vt 0.725635 0.839244
vt 0.964106 0.653655
vt 0.969596 0.654370
vt 0.963740 0.675400
vt 0.708079 0.791559
vt 0.018601 0.484560
vt 0.520763 0.602086
vt 0.229012 0.165379
vt 0.574514 0.801839
vt 0.575855 0.797554
vt 0.588476 0.799119
vt 0.774252 0.331183
vt 0.203741 0.165550
vt 0.683010 0.708840
vt 0.513136 0.015438
vt 0.952449 0.886670
vt 0.643570 0.937627
vt 0.261157 0.522561
vt 0.677936 0.333083
vt 0.050183 0.785014
vt 0.948578 0.930983
vt 0.955693 0.904428
vt 0.954454 0.949278
vt 0.729893 0.765388
vt 0.578656 0.099057
vt 0.568463 0.117156
vt 0.568618 0.104743
vt 0.508631 0.250395
vt 0.924085 0.987565
vt 0.960059 0.990162
vt 0.925513 0.990484
vt 0.431733 0.156438
vt 0.970198 0.090033
vt 0.970427 0.070226
vt 0.975784 0.091101
vt 0.399671 0.627392
vt 0.495263 0.018375
vt 0.165321 0.204969
vt 0.148109 0.266844
vt 0.312455 0.752508
vt 0.173581 0.270305
vt 0.021652 0.767758
vt 0.091670 0.111186
vt 0.115761 0.120944
vt 0.089487 0.114583
vt 0.943746 0.981043
vt 0.963959 0.632406
vt 0.674943 0.919619
vt 0.873654 0.019442
vt 0.589522 0.905810
vt 0.583577 0.896002
vt 0.590568 0.896367
vt 0.297731 0.909759
vt 0.983728 0.053355
vt 0.967441 0.164907
vt 0.890865 0.236157
vt 0.775114 0.116553
vt 0.793180 0.122616
vt 0.772877 0.121570
vt 0.974139 0.069861
vt 0.975888 0.513459
vt 0.964500 0.501188
vt 0.272457 0.321659
vt 0.569397 0.009262
vt 0.208825 0.274766
vt 0.210160 0.279058
vt 0.201787 0.272269
vt 0.689794 0.989056
vt 0.721347 0.986295
vt 0.726995 0.991614
vt 0.029645 0.181535
vt 0.163360 0.703119
vt 0.160891 0.703653
vt 0.160687 0.686120
vt 0.453597 0.640789
vt 0.058297 0.552392
vt 0.048504 0.583518
vt 0.051331 0.552895
vt 0.529942 0.293312
vt 0.678192 0.964789
vt 0.286304 0.110307
vt 0.273389 0.857914
vt 0.526656 0.287713
vt 0.216795 0.088113
vt 0.217550 0.093298
vt 0.180796 0.097544
vt 0.400443 0.095908
vt 0.112987 0.305608
vt 0.118113 0.296677
vt 0.004636 0.830605
vt 0.962676 0.666123
vt 0.022476 0.462186
vt 0.365054 0.006361
vt 0.360773 0.019536
vt 0.360032 0.005501
vt 0.559235 0.992679
vt 0.568328 0.996117
vt 0.532801 0.992691
vt 0.243985 0.186083
vt 0.450052 0.999508
vt 0.413964 0.999508
vt 0.449514 0.996073
vt 0.815418 0.184149
vt 0.794915 0.190962
vt 0.777316 0.185484
vt 0.955139 0.979018
vt 0.573330 0.979666
vt 0.274506 0.805903
vt 0.577571 0.055281
vt 0.041993 0.574826
vt 0.043628 0.156094
vt 0.240459 0.020778
vt 0.236223 0.022320
vt 0.237011 0.008931
vt 0.586784 0.311330
vt 0.402393 0.891830
vt 0.183697 0.813337
vt 0.709450 0.926520
vt 0.938169 0.194196
vt 0.424127 0.994996
vt 0.023998 0.453322
vt 0.019112 0.457815
vt 0.019845 0.453979
vt 0.935457 0.923167
vt 0.206441 0.921577
vt 0.214329 0.900347
vt 0.192319 0.824730
vt 0.633337 0.571219
vt 0.224086 0.611173
vt 0.227558 0.571491
vt 0.226623 0.626840
vt 0.020718 0.502023
vt 0.852005 0.958754
vt 0.823980 0.951245
vt 0.864778 0.950426
vt 0.879872 0.629644
vt 0.873875 0.591305
vt 0.564037 0.452017
vt 0.888742 0.145033
vt 0.019603 0.056134
vt 0.149600 0.277417
vt 0.722422 0.369519
vt 0.718552 0.378926
vt 0.714380 0.366002
vt 0.069893 0.289110
vt 0.932620 0.912231
vt 0.457923 0.117153
vt 0.674369 0.439603
vt 0.285131 0.022926
vt 0.010119 0.354502
vt 0.874196 0.616018
vt 0.871370 0.634194
vt 0.864855 0.634584
vt 0.524436 0.020615
vt 0.521503 0.016599
vt 0.525005 0.019307
vt 0.110020 0.314925
vt 0.512697 0.060679
vt 0.809714 0.174230
vt 0.787518 0.169947
vt 0.839384 0.165976
vt 0.018510 0.505941
vt 0.022421 0.969896
vt 0.021647 0.944312
vt 0.024009 0.944312
vt 0.865581 0.327546
vt 0.955317 0.803210
vt 0.145254 0.824788
vt 0.773383 0.013837
vt 0.753361 0.838617
vt 0.305922 0.005509
vt 0.675412 0.945162
vt 0.671345 0.952957
vt 0.443033 0.078305
vt 0.073130 0.242630
vt 0.012214 0.287170
vt 0.340726 0.074358
vt 0.015143 0.250412
vt 0.025414 0.270949
vt 0.680408 0.620852
vt 0.005459 0.524574
vt 0.006736 0.517585
vt 0.009046 0.521016
vt 0.490282 0.500881
vt 0.636299 0.009445
vt 0.638553 0.005574
vt 0.645488 0.009577
vt 0.669611 0.044076
vt 0.875632 0.026768
vt 0.215599 0.912913
vt 0.200383 0.976458
vt 0.932241 0.075976
vt 0.889065 0.075976
vt 0.894139 0.071790
vt 0.008129 0.523714
vt 0.020559 0.529052
vt 0.531286 0.019219
vt 0.180089 0.663798
vt 0.004458 0.950383
vt 0.840712 0.387558
vt 0.839458 0.396757
vt 0.833025 0.564109
vt 0.055921 0.181152
vt 0.061234 0.182888
vt 0.055762 0.186951
vt 0.935624 0.560130
vt 0.691849 0.096361
vt 0.690886 0.088876
vt 0.699095 0.087699
vt 0.542868 0.057174
vt 0.482208 0.507645
vt 0.477450 0.461672
vt 0.968764 0.680015
vt 0.202687 0.800731
vt 0.565261 0.809223
vt 0.328948 0.045605
vt 0.999850 0.609373
vt 0.534645 0.376314
vt 0.552780 0.357886
vt 0.554597 0.366771
vt 0.243363 0.147661
vt 0.362003 0.082300
vt 0.364845 0.078287
vt 0.861888 0.130232
vt 0.023089 0.942230
vt 0.390928 0.074480
vt 0.072482 0.049307
vt 0.067905 0.061267
vt 0.065166 0.049411
vt 0.049449 0.283779
vt 0.962922 0.301230
vt 0.053187 0.106847
vt 0.060687 0.106063
vt 0.063603 0.139396
vt 0.574570 0.944061
vt 0.084017 0.897469
vt 0.206384 0.237564
vt 0.031914 0.159758
vt 0.706458 0.130085
vt 0.688501 0.114392
vt 0.947202 0.379447
vt 0.942525 0.378883
vt 0.949714 0.361949
vt 0.426808 0.426583
vt 0.125602 0.577111
vt 0.128395 0.583613
vt 0.121765 0.583823
vt 0.988251 0.417387
vt 0.009675 0.321625
vt 0.444848 0.425198
vt 0.646713 0.952905
vt 0.818054 0.281956
vt 0.808846 0.273066
vt 0.811957 0.270736
vt 0.758832 0.960027
vt 0.793721 0.959946
vt 0.756107 0.965631
vt 0.363110 0.052640
vt 0.036653 0.789527
vt 0.473169 0.370925
vt 0.482099 0.374136
vt 0.492601 0.381087
vt 0.514842 0.016971
vt 0.267862 0.555138
vt 0.280631 0.123283
vt 0.331324 0.319459
vt 0.267164 0.313846
vt 0.332738 0.312352
vt 0.031550 0.181745
vt 0.057762 0.288732
vt 0.014348 0.171460
vt 0.179598 0.686121
vt 0.487503 0.604093
vt 0.494349 0.598267
vt 0.491596 0.603363
vt 0.051887 0.289693
vt 0.039515 0.630478
vt 0.092878 0.884165
vt 0.703084 0.953866
vt 0.736781 0.950918
vt 0.743651 0.954826
vt 0.087068 0.494731
vt 0.858323 0.469612
vt 0.309262 0.442797
vt 0.324137 0.449726
vt 0.825519 0.057423
vt 0.847768 0.049647
vt 0.845717 0.052348
vt 0.679762 0.967135
vt 0.976908 0.326878
vt 0.096114 0.168882
vt 0.902493 0.196931
vt 0.717714 0.003994
vt 0.595363 0.236579
vt 0.560472 0.238550
vt 0.556735 0.234204
vt 0.790316 0.615960
vt 0.785329 0.581004
vt 0.785329 0.543588
vt 0.218215 0.180018
vt 0.850219 0.529636
vt 0.807338 0.212669
vt 0.596942 0.884306
vt 0.291347 0.080018
vt 0.702204 0.002122
vt 0.877892 0.574688
vt 0.992363 0.858150
vt 0.646412 0.271101
vt 0.126122 0.254021
vt 0.807412 0.218112
vt 0.240345 0.030343
vt 0.937939 0.051525
vt 0.007898 0.158498
vt 0.411307 0.220269
vt 0.365440 0.086913
vt 0.234614 0.878551
vt 0.037525 0.200725
vt 0.044253 0.207467
vt 0.036337 0.189704
vt 0.032008 0.194685
vt 0.023658 0.191646
vt 0.421970 0.662886
vt 0.413071 0.661449
vt 0.422610 0.660499
vt 0.334868 0.925072
vt 0.368246 0.100207
vt 0.139561 0.619511
vt 0.235112 0.915519
vt 0.614389 0.155770
vt 0.610204 0.160296
vt 0.611088 0.153353
vt 0.258251 0.823894
vt 0.275867 0.791080
vt 0.651818 0.264474
vt 0.652564 0.258206
vt 0.654951 0.267503
vt 0.160867 0.406217
vt 0.089313 0.850340
vt 0.975685 0.171704
vt 0.211370 0.939283
vt 0.291631 0.193430
vt 0.890521 0.210176
vt 0.888062 0.214464
vt 0.882783 0.219429
vt 0.074791 0.812262
vt 0.295380 0.325745
vt 0.302768 0.329220
vt 0.345503 0.030885
vt 0.431995 0.239459
vt 0.539706 0.998485
vt 0.825649 0.538065
vt 0.927228 0.982068
vt 0.920387 0.990441
vt 0.921664 0.982068
vt 0.412365 0.198676
vt 0.157782 0.357759
vt 0.179510 0.680897
vt 0.057867 0.960881
vt 0.727229 0.709560
vt 0.521053 0.817279
vt 0.527505 0.812553
vt 0.531380 0.815423
vt 0.935260 0.373814
vt 0.940028 0.373425
vt 0.477015 0.589205
vt 0.475646 0.594566
vt 0.841898 0.429254
vt 0.341086 0.035785
vt 0.332976 0.033983
vt 0.687817 0.775421
vt 0.582029 0.318972
vt 0.810550 0.027453
vt 0.820551 0.025216
vt 0.829155 0.045487
vt 0.788323 0.015302
vt 0.890500 0.034536
vt 0.578628 0.924322
vt 0.585711 0.913669
vt 0.588699 0.915730
vt 0.474606 0.306770
vt 0.757227 0.017076
vt 0.300434 0.050176
vt 0.293221 0.045251
vt 0.300571 0.043943
vt 0.757295 0.849659
vt 0.513434 0.069652
vt 0.962379 0.162796
vt 0.166402 0.854086
vt 0.164851 0.866717
vt 0.152203 0.828910
vt 0.654246 0.029244
vt 0.644230 0.034715
vt 0.650868 0.025610
vt 0.592949 0.758559
vt 0.480742 0.456975
vt 0.981598 0.425295
vt 0.981550 0.422357
vt 0.999795 0.425609
vt 0.832784 0.981964
vt 0.847199 0.990286
vt 0.811986 0.982193
vt 0.267540 0.023735
vt 0.492647 0.375052
vt 0.874419 0.016703
vt 0.959489 0.221921
vt 0.242343 0.698382
vt 0.095628 0.853417
vt 0.505875 0.477110
vt 0.428336 0.637072
vt 0.835830 0.912410
vt 0.838428 0.914563
vt 0.855846 0.580921
vt 0.318045 0.324663
vt 0.317256 0.331634
vt 0.307004 0.329950
vt 0.356162 0.050849
vt 0.153367 0.235800
vt 0.129938 0.078905
vt 0.992220 0.477103
vt 0.993588 0.475439
vt 0.995385 0.478874
vt 0.838453 0.320813
vt 0.010336 0.382006
vt 0.011919 0.380851
vt 0.013457 0.401507
vt 0.237601 0.876530
vt 0.100853 0.850438
vt 0.870116 0.005707
vt 0.758359 0.155731
vt 0.839286 0.408704
vt 0.024647 0.663561
vt 0.025921 0.659623
vt 0.030787 0.663577
vt 0.262878 0.408627
vt 0.275491 0.413188
vt 0.271645 0.417252
vt 0.434380 0.336758
vt 0.424849 0.343575
vt 0.420049 0.341340
vt 0.499040 0.489309
vt 0.492922 0.491018
vt 0.497749 0.484501
vt 0.549879 0.377484
vt 0.231930 0.365149
vt 0.236040 0.355112
vt 0.241357 0.364164
vt 0.451699 0.429095
vt 0.381697 0.996223
vt 0.836449 0.518058
vt 0.376845 0.907875
vt 0.382645 0.888117
vt 0.110740 0.224372
vt 0.292081 0.110075
vt 0.657805 0.968730
vt 0.621041 0.460857
vt 0.618180 0.456876
vt 0.628189 0.448546
vt 0.947441 0.168589
vt 0.871061 0.589891
vt 0.443616 0.137708
vt 0.902819 0.279499
vt 0.961953 0.905261
vt 0.778208 0.002494
vt 0.675560 0.128781
vt 0.475830 0.363882
vt 0.497564 0.371692
vt 0.251404 0.824109
vt 0.921696 0.335694
vt 0.157866 0.273112
vt 0.317327 0.440118
vt 0.582093 0.906803
vt 0.578724 0.902007
vt 0.584734 0.947919
vt 0.579264 0.946702
vt 0.368772 0.093131
vt 0.965407 0.546328
vt 0.528132 0.408204
vt 0.523400 0.408156
vt 0.521063 0.403925
vt 0.402320 0.652245
vt 0.386944 0.604932
vt 0.407356 0.650500
vt 0.698581 0.098286
vt 0.885585 0.959117
vt 0.330632 0.448283
vt 0.784065 0.005581
vt 0.038160 0.786150
vt 0.657483 0.255221
vt 0.555843 0.010359
vt 0.486732 0.383537
vt 0.491120 0.388311
vt 0.633470 0.285779
vt 0.087650 0.106084
vt 0.521843 0.414086
vt 0.169046 0.393474
vt 0.094531 0.171476
vt 0.098947 0.184953
vt 0.979082 0.986937
vt 0.980672 0.990433
vt 0.894551 0.276264
vt 0.993671 0.707326
vt 0.997012 0.669141
vt 0.999456 0.710339
vt 0.140259 0.422646
vt 0.836174 0.170798
vt 0.437816 0.434556
vt 0.633276 0.574132
vt 0.113311 0.471752
vt 0.951467 0.646400
vt 0.951130 0.615361
vt 0.956577 0.646817
vt 0.475730 0.494141
vt 0.712643 0.378262
vt 0.565480 0.070182
vt 0.523376 0.070182
vt 0.560064 0.065802
vt 0.072920 0.364999
vt 0.008870 0.056137
vt 0.663867 0.065200
vt 0.806658 0.176122
vt 0.519825 0.494502
vt 0.979705 0.421681
vt 0.083558 0.067275
vt 0.429817 0.105409
vt 0.859563 0.630225
vt 0.963729 0.590960
vt 0.970552 0.565680
vt 0.973925 0.590960
vt 0.206532 0.931565
vt 0.818899 0.066589
vt 0.357458 0.119676
vt 0.929750 0.578628
vt 0.939381 0.574086
vt 0.938853 0.580488
vt 0.898551 0.199556
vt 0.024119 0.517675
vt 0.269213 0.958513
vt 0.298311 0.960614
vt 0.259372 0.975393
vt 0.428962 0.661030
vt 0.536916 0.009519
vt 0.862169 0.931706
vt 0.978805 0.286694
vt 0.980625 0.300174
vt 0.974244 0.296776
vt 0.775227 0.656527
vt 0.773346 0.654080
vt 0.781023 0.653609
vt 0.212508 0.284018
vt 0.205512 0.279637
vt 0.251327 0.373155
vt 0.528640 0.481813
vt 0.716813 0.098878
vt 0.730238 0.096128
vt 0.741871 0.098364
vt 0.033087 0.503913
vt 0.035931 0.499351
vt 0.034111 0.506096
vt 0.470440 0.366521
vt 0.181086 0.612864
vt 0.014701 0.378070
vt 0.333647 0.926099
vt 0.370039 0.927305
vt 0.335213 0.933014
vt 0.046896 0.556817
vt 0.445169 0.486660
vt 0.990632 0.479194
vt 0.989699 0.483682
vt 0.987508 0.480778
vt 0.030422 0.494662
vt 0.413172 0.163182
vt 0.655456 0.852701
vt 0.678346 0.888447
vt 0.785657 0.332855
vt 0.949997 0.802033
vt 0.004132 0.282670
vt 0.050339 0.781479
vt 0.945450 0.337267
vt 0.689023 0.738516
vt 0.016391 0.791151
vt 0.016301 0.765550
vt 0.237830 0.664176
vt 0.240637 0.684611
vt 0.102123 0.171172
vt 0.930347 0.379726
vt 0.050470 0.194447
vt 0.600312 0.309392
vt 0.061817 0.439492
vt 0.720608 0.061959
vt 0.941207 0.343448
vt 0.805492 0.235301
vt 0.119931 0.680192
vt 0.484973 0.587734
vt 0.299361 0.555279
vt 0.302744 0.561844
vt 0.299121 0.603259
vt 0.890381 0.027298
vt 0.891672 0.030415
vt 0.880343 0.026622
vt 0.027813 0.670842
vt 0.156816 0.521774
vt 0.161797 0.485548
vt 0.163372 0.511468
vt 0.915011 0.146578
vt 0.020274 0.249915
vt 0.759959 0.239374
vt 0.052643 0.845199
vt 0.053076 0.854339
vt 0.110084 0.272208
vt 0.249589 0.998934
vt 0.452332 0.948587
vt 0.869175 0.188445
vt 0.823947 0.189182
vt 0.838738 0.187461
vt 0.853779 0.484090
vt 0.850926 0.480122
vt 0.161780 0.032046
vt 0.158790 0.032847
vt 0.160068 0.011336
vt 0.296962 0.979623
vt 0.957642 0.091496
vt 0.961934 0.091850
vt 0.954461 0.099290
vt 0.791860 0.475076
vt 0.798913 0.476257
vt 0.019273 0.485270
vt 0.385877 0.215490
vt 0.092751 0.842801
vt 0.182136 0.247793
vt 0.164406 0.246112
vt 0.154620 0.852657
vt 0.162509 0.253284
vt 0.140278 0.769536
vt 0.118820 0.763474
vt 0.008339 0.454158
vt 0.567565 0.097201
vt 0.182759 0.486261
vt 0.403655 0.656288
vt 0.538153 0.046432
vt 0.924779 0.808174
vt 0.877899 0.436069
vt 0.369723 0.944257
vt 0.324610 0.945772
vt 0.329652 0.943002
vt 0.880671 0.572864
vt 0.958701 0.247730
vt 0.980845 0.441494
vt 0.975638 0.471630
vt 0.634909 0.243240
vt 0.725748 0.163827
vt 0.176223 0.527713
vt 0.088276 0.132810
vt 0.675800 0.958074
vt 0.874290 0.573419
vt 0.790867 0.649886
vt 0.788319 0.649712
vt 0.781786 0.629290
vt 0.831593 0.217482
vt 0.005405 0.175224
vt 0.525842 0.381816
vt 0.952828 0.339450
vt 0.774430 0.681668
vt 0.766858 0.658774
vt 0.201093 0.035795
vt 0.223621 0.035383
vt 0.210743 0.040218
vt 0.541610 0.817739
vt 0.826652 0.922300
vt 0.832208 0.907245
vt 0.069269 0.518068
vt 0.201950 0.810571
vt 0.428526 0.356215
vt 0.420628 0.352285
vt 0.423505 0.350580
vt 0.244772 0.929544
vt 0.861935 0.489531
vt 0.611599 0.456584
vt 0.407984 0.820019
vt 0.404139 0.822292
vt 0.403376 0.813999
vt 0.860380 0.905785
vt 0.182890 0.178792
vt 0.315657 0.145693
vt 0.528399 0.363690
vt 0.242142 0.645992
vt 0.244860 0.645067
vt 0.008028 0.309169
vt 0.613428 0.039522
vt 0.031777 0.186985
vt 0.178440 0.722680
vt 0.174799 0.383061
vt 0.058199 0.149157
vt 0.063088 0.142369
vt 0.060717 0.149773
vt 0.519590 0.264969
vt 0.461485 0.262720
vt 0.503755 0.262176
vt 0.585760 0.160148
vt 0.563323 0.158015
vt 0.596059 0.157698
vt 0.209428 0.514409
vt 0.213922 0.471513
vt 0.216454 0.472082
vt 0.202393 0.813699
vt 0.409910 0.658213
vt 0.399678 0.715917
vt 0.404499 0.791866
vt 0.408937 0.993551
vt 0.223267 0.591826
vt 0.175610 0.786399
vt 0.609899 0.450439
vt 0.441965 0.642893
vt 0.923003 0.594577
vt 0.207755 0.974441
vt 0.063369 0.290564
vt 0.154855 0.882980
vt 0.749428 0.388270
vt 0.970006 0.299296
vt 0.537676 0.236969
vt 0.338871 0.457645
vt 0.419776 0.600187
vt 0.407976 0.622421
vt 0.419369 0.594653
vt 0.783651 0.649011
vt 0.777411 0.622583
vt 0.211595 0.882413
vt 0.097754 0.837005
vt 0.552576 0.060419
vt 0.737798 0.934338
vt 0.188437 0.532162
vt 0.757179 0.627659
vt 0.731470 0.620291
vt 0.757816 0.624260
vt 0.330837 0.266337
vt 0.324603 0.261926
vt 0.514420 0.023463
vt 0.976136 0.104611
vt 0.970520 0.103476
vt 0.300052 0.525361
vt 0.954990 0.902084
vt 0.965982 0.868961
vt 0.129210 0.061989
vt 0.456618 0.983857
vt 0.493309 0.983857
vt 0.483529 0.987670
vt 0.072878 0.222106
vt 0.079139 0.220166
vt 0.769625 0.625048
vt 0.616068 0.428572
vt 0.641663 0.429173
vt 0.632607 0.440064
vt 0.855607 0.177579
vt 0.843943 0.222206
vt 0.078339 0.042966
vt 0.175960 0.672309
vt 0.712442 0.233210
vt 0.198385 0.932292
vt 0.424391 0.584291
vt 0.121296 0.201229
vt 0.121667 0.193756
vt 0.124918 0.202474
vt 0.062622 0.151651
vt 0.029265 0.632276
vt 0.030826 0.634081
vt 0.024994 0.631624
vt 0.930176 0.145004
vt 0.162710 0.522344
vt 0.493798 0.585879
vt 0.997948 0.824210
vt 0.992943 0.787679
vt 0.997101 0.787143
vt 0.169983 0.783472
vt 0.621143 0.041007
vt 0.866868 0.957980
vt 0.863161 0.968820
vt 0.055087 0.854471
vt 0.899924 0.034164
vt 0.659067 0.134851
vt 0.644288 0.118842
vt 0.906424 0.045015
vt 0.481214 0.300094
vt 0.024461 0.046466
vt 0.028480 0.046457
vt 0.023312 0.058888
vt 0.613917 0.437617
vt 0.076196 0.822667
vt 0.078306 0.820554
vt 0.077983 0.825752
vt 0.192242 0.376943
vt 0.154506 0.402754
vt 0.053205 0.612412
vt 0.851145 0.734665
vt 0.848544 0.726864
vt 0.859252 0.732571
vt 0.016819 0.622783
vt 0.108504 0.165833
vt 0.109553 0.136699
vt 0.114864 0.134691
vt 0.411744 0.879011
vt 0.408494 0.890871
vt 0.396132 0.877697
vt 0.581146 0.047224
vt 0.452792 0.955112
vt 0.441418 0.955830
vt 0.054311 0.879762
vt 0.049033 0.887002
vt 0.036349 0.887406
vt 0.204030 0.176335
vt 0.834231 0.594895
vt 0.845251 0.590680
vt 0.823398 0.612741
vt 0.915234 0.598959
vt 0.906647 0.591786
vt 0.918559 0.591965
vt 0.919156 0.941449
vt 0.918721 0.948490
vt 0.899855 0.950105
vt 0.661267 0.478879
vt 0.650716 0.465074
vt 0.658639 0.471486
vt 0.212756 0.434172
vt 0.214020 0.290141
vt 0.212660 0.300799
vt 0.203419 0.299414
vt 0.944598 0.056061
vt 0.942698 0.653553
vt 0.946355 0.653519
vt 0.943071 0.695488
vt 0.687020 0.112193
vt 0.511549 0.882924
vt 0.740502 0.101529
vt 0.742762 0.102916
vt 0.296026 0.640678
vt 0.942698 0.638827
vt 0.107578 0.454465
vt 0.713761 0.119874
vt 0.795951 0.259050
vt 0.673762 0.331640
vt 0.489555 0.483819
vt 0.494019 0.481515
vt 0.804343 0.273287
vt 0.799311 0.266500
vt 0.814947 0.292348
vt 0.818616 0.996023
vt 0.811191 0.987777
vt 0.825039 0.991785
vt 0.198078 0.395370
vt 0.665450 0.821920
vt 0.669537 0.808668
vt 0.756841 0.158699
vt 0.775970 0.161994
vt 0.691794 0.131523
vt 0.936532 0.372885
vt 0.937909 0.347590
vt 0.773195 0.125961
vt 0.655068 0.011117
vt 0.652239 0.004918
vt 0.930769 0.017273
vt 0.152566 0.520039
vt 0.342855 0.220301
vt 0.057822 0.870358
vt 0.322011 0.911362
vt 0.318506 0.905385
vt 0.334906 0.910300
vt 0.968249 0.142893
vt 0.962276 0.097044
vt 0.419505 0.587468
vt 0.416816 0.587644
vt 0.210571 0.250639
vt 0.038210 0.780639
vt 0.275899 0.120932
vt 0.931108 0.834786
vt 0.089894 0.773583
vt 0.213330 0.854594
vt 0.999496 0.536072
vt 0.991177 0.561375
vt 0.992181 0.535688
vt 0.514087 0.821758
vt 0.510799 0.821124
vt 0.676637 0.792245
vt 0.069689 0.275050
vt 0.415670 0.823255
vt 0.215200 0.292441
vt 0.216299 0.296102
vt 0.020707 0.620070
vt 0.022065 0.634057
vt 0.201458 0.394924
vt 0.164365 0.164047
vt 0.801480 0.263195
vt 0.443872 0.989979
vt 0.458849 0.985966
vt 0.480526 0.988335
vt 0.039048 0.867445
vt 0.055301 0.862716
vt 0.032998 0.886839
vt 0.387214 0.273784
vt 0.376883 0.276333
vt 0.393700 0.263683
vt 0.663975 0.461178
vt 0.606377 0.153358
vt 0.997442 0.476050
vt 0.975296 0.720223
vt 0.329905 0.989120
vt 0.300171 0.980938
vt 0.336550 0.986426
vt 0.965011 0.546996
vt 0.967739 0.546988
vt 0.801255 0.498619
vt 0.503007 0.258350
vt 0.520351 0.260648
vt 0.206975 0.832851
vt 0.390535 0.636453
vt 0.168926 0.834170
vt 0.767778 0.094987
vt 0.773891 0.101396
vt 0.769704 0.103533
vt 0.020416 0.229369
vt 0.191446 0.518292
vt 0.779245 0.435066
vt 0.739126 0.090565
vt 0.911687 0.585649
vt 0.879961 0.565122
vt 0.915557 0.578128
vt 0.561369 0.811356
vt 0.885371 0.034551
vt 0.486753 0.494749
vt 0.642738 0.473643
vt 0.085478 0.035159
vt 0.973957 0.269292
vt 0.027860 0.034307
vt 0.959603 0.077374
vt 0.195852 0.398974
vt 0.189191 0.402024
vt 0.372341 0.218736
vt 0.338046 0.218736
vt 0.392060 0.210285
vt 0.738718 0.625108
vt 0.571735 0.006253
vt 0.891132 0.982944
vt 0.395621 0.668615
vt 0.088051 0.168268
vt 0.760679 0.626059
vt 0.358803 0.043665
vt 0.265476 0.391947
vt 0.288388 0.407874
vt 0.274232 0.405346
vt 0.486329 0.489453
vt 0.138462 0.923133
vt 0.781481 0.620055
vt 0.422413 0.165249
vt 0.153956 0.869639
vt 0.875353 0.440088
vt 0.181084 0.723862
vt 0.435480 0.879054
vt 0.550642 0.063757
vt 0.546069 0.064564
vt 0.548293 0.034111
vt 0.524102 0.822389
vt 0.605241 0.149964
vt 0.846049 0.640984
vt 0.859759 0.635261
vt 0.632699 0.565984
vt 0.591189 0.547405
vt 0.043215 0.790512
vt 0.044582 0.811932
vt 0.412195 0.592649
vt 0.192186 0.039626
vt 0.509933 0.389650
vt 0.890926 0.216428
vt 0.060792 0.645594
vt 0.061622 0.677905
vt 0.057959 0.643646
vt 0.127489 0.204520
vt 0.820643 0.125713
vt 0.387135 0.699438
vt 0.771635 0.935130
vt 0.116937 0.562638
vt 0.121403 0.575945
vt 0.118171 0.585096
vt 0.035255 0.638610
vt 0.809377 0.499605
vt 0.111999 0.474866
vt 0.792408 0.436797
vt 0.952526 0.091866
vt 0.900024 0.030755
vt 0.900024 0.014409
vt 0.904099 0.030230
vt 0.019227 0.170599
vt 0.255588 0.037173
vt 0.228243 0.037173
vt 0.224530 0.034992
vt 0.842321 0.910825
vt 0.522275 0.004422
vt 0.312999 0.019903
vt 0.309976 0.019517
vt 0.312955 0.007039
vt 0.385751 0.604804
vt 0.900708 0.954015
vt 0.149136 0.822320
vt 0.992725 0.828468
vt 0.665286 0.260438
vt 0.673089 0.058012
vt 0.665595 0.070491
vt 0.328786 0.065418
vt 0.065615 0.106185
vt 0.956754 0.892898
vt 0.957893 0.864221
vt 0.966560 0.862716
vt 0.013390 0.739645
vt 0.015507 0.721074
vt 0.301629 0.715123
vt 0.296116 0.717228
vt 0.300115 0.714114
vt 0.969949 0.043904
vt 0.731232 0.349698
vt 0.732318 0.352170
vt 0.729766 0.352846
vt 0.189719 0.420831
vt 0.435874 0.332911
vt 0.733986 0.092779
vt 0.240185 0.906800
vt 0.697726 0.000128
vt 0.063332 0.444003
vt 0.060783 0.447896
vt 0.819518 0.043427
vt 0.818502 0.045796
vt 0.723182 0.320088
vt 0.849112 0.074351
vt 0.826133 0.076361
vt 0.805281 0.074863
vt 0.892245 0.136580
vt 0.327413 0.025674
vt 0.286384 0.651798
vt 0.605358 0.033117
vt 0.279211 0.022713
vt 0.472327 0.052800
vt 0.469897 0.040333
vt 0.500157 0.052834
vt 0.421798 0.159353
vt 0.330799 0.078186
vt 0.916924 0.025857
vt 0.911669 0.010860
vt 0.763972 0.190428
vt 0.784740 0.115763
vt 0.489749 0.580983
vt 0.009450 0.737727
vt 0.073798 0.816074
vt 0.672431 0.938413
vt 0.288308 0.720908
vt 0.290058 0.717000
vt 0.297738 0.720752
vt 0.290622 0.017124
vt 0.784762 0.652134
vt 0.795111 0.989732
vt 0.787397 0.991045
vt 0.783006 0.986744
vt 0.002375 0.294370
vt 0.000060 0.281243
vt 0.002885 0.280495
vt 0.100377 0.171502
vt 0.097787 0.173469
vt 0.101641 0.177559
vt 0.868653 0.045052
vt 0.869053 0.041846
vt 0.874002 0.040325
vt 0.108084 0.314671
vt 0.290403 0.629112
vt 0.946599 0.385316
vt 0.943165 0.382369
vt 0.679536 0.048446
vt 0.679048 0.054815
vt 0.895870 0.225075
vt 0.656680 0.920990
vt 0.448293 0.419301
vt 0.740640 0.617608
vt 0.117735 0.191777
vt 0.117879 0.187120
vt 0.261822 0.689997
vt 0.869308 0.137059
vt 0.235582 0.790510
vt 0.630944 0.448341
vt 0.710507 0.127479
vt 0.507636 0.089261
vt 0.963958 0.167969
vt 0.921926 0.585808
vt 0.853394 0.493359
vt 0.368213 0.938073
vt 0.893111 0.520837
vt 0.864342 0.942920
vt 0.164364 0.876539
vt 0.290667 0.189043
vt 0.955350 0.252865
vt 0.069643 0.448366
vt 0.677063 0.016353
vt 0.689526 0.026175
vt 0.955355 0.600606
vt 0.114124 0.179497
vt 0.740664 0.114927
vt 0.016868 0.279044
vt 0.022965 0.297797
vt 0.258662 0.825003
vt 0.254860 0.830204
vt 0.923031 0.579954
vt 0.938108 0.565085
vt 0.762068 0.283741
vt 0.342767 0.449731
vt 0.202619 0.361371
vt 0.204181 0.509890
vt 0.206907 0.518672
vt 0.370164 0.535550
vt 0.371506 0.527607
vt 0.380679 0.538935
vt 0.513669 0.373799
vt 0.760976 0.089782
vt 0.019309 0.637734
vt 0.902766 0.990499
vt 0.897325 0.726657
vt 0.901268 0.716898
vt 0.900058 0.734136
vt 0.180760 0.529835
vt 0.871273 0.940346
vt 0.978198 0.062399
vt 0.570973 0.457100
vt 0.803107 0.478869
vt 0.106697 0.618001
vt 0.470500 0.882577
vt 0.437982 0.881096
vt 0.489767 0.880404
vt 0.930710 0.584236
vt 0.960744 0.859854
vt 0.089098 0.116313
vt 0.501111 0.376490
vt 0.049994 0.840051
vt 0.483872 0.483056
vt 0.816784 0.191894
vt 0.828746 0.015513
vt 0.824413 0.010292
vt 0.831002 0.009694
vt 0.791570 0.819017
vt 0.797254 0.754051
vt 0.798514 0.826705
vt 0.495537 0.364398
vt 0.502741 0.357124
vt 0.892047 0.033141
vt 0.582717 0.456154
vt 0.191366 0.188252
vt 0.213457 0.826866
vt 0.452830 0.945381
vt 0.473903 0.944661
vt 0.475380 0.947828
vt 0.223230 0.093322
vt 0.174880 0.174826
vt 0.335971 0.207380
vt 0.137177 0.200514
vt 0.508349 0.466711
vt 0.037436 0.758254
vt 0.033948 0.753144
vt 0.041211 0.751781
vt 0.578378 0.980390
vt 0.299125 0.337743
vt 0.498684 0.388634
vt 0.803623 0.484264
vt 0.798058 0.489174
vt 0.490504 0.587862
vt 0.097213 0.846502
vt 0.782167 0.990647
vt 0.783303 0.989221
vt 0.477151 0.310633
vt 0.434955 0.306942
vt 0.500735 0.308420
vt 0.776350 0.096543
vt 0.777070 0.100942
vt 0.091791 0.343465
vt 0.089213 0.372942
vt 0.087394 0.333489
vt 0.956555 0.947470
vt 0.321830 0.018746
vt 0.304020 0.022889
vt 0.408231 0.163259
vt 0.445935 0.436789
vt 0.656740 0.000174
vt 0.879631 0.037802
vt 0.148952 0.218904
vt 0.335863 0.010013
vt 0.358295 0.010013
vt 0.337287 0.014042
vt 0.215120 0.497491
vt 0.217281 0.472783
vt 0.219343 0.526726
vt 0.683169 0.730161
vt 0.303472 0.780071
vt 0.308367 0.798204
vt 0.963879 0.207766
vt 0.708903 0.423363
vt 0.933532 0.193172
vt 0.710499 0.296870
vt 0.107718 0.975209
vt 0.597578 0.028498
vt 0.199404 0.397866
vt 0.417236 0.042958
vt 0.416029 0.053467
vt 0.599559 0.248075
vt 0.629467 0.235843
vt 0.633905 0.243863
vt 0.439092 0.423978
vt 0.951856 0.511006
vt 0.947328 0.547657
vt 0.943689 0.544932
vt 0.945401 0.523432
vt 0.995545 0.709606
vt 0.998790 0.746698
vt 0.995318 0.750875
vt 0.999917 0.483226
vt 0.532083 0.993234
vt 0.518224 0.996947
vt 0.496391 0.993632
vt 0.307078 0.721450
vt 0.303596 0.726755
vt 0.303938 0.718510
vt 0.869576 0.906852
vt 0.310296 0.006115
vt 0.443038 0.480845
vt 0.215551 0.875913
vt 0.854086 0.856947
vt 0.827826 0.848336
vt 0.856330 0.851937
vt 0.738043 0.092703
vt 0.908132 0.542253
vt 0.761486 0.061907
vt 0.776864 0.075150
vt 0.098579 0.831742
vt 0.090859 0.827996
vt 0.099329 0.823382
vt 0.363829 0.280037
vt 0.331385 0.268014
vt 0.782030 0.019637
vt 0.573550 0.914388
vt 0.804186 0.670959
vt 0.672689 0.050752
vt 0.498078 0.946270
vt 0.960513 0.180115
vt 0.966092 0.183020
vt 0.321738 0.033925
vt 0.323203 0.040412
vt 0.313955 0.032549
vt 0.621143 0.473801
vt 0.135325 0.415415
vt 0.336550 0.978480
vt 0.406059 0.869068
vt 0.494394 0.302625
vt 0.577031 0.242163
vt 0.567179 0.924059
vt 0.971950 0.654658
vt 0.751771 0.016128
vt 0.751874 0.002527
vt 0.754102 0.010056
vt 0.190026 0.487645
vt 0.897740 0.952916
vt 0.681084 0.741246
vt 0.933768 0.386342
vt 0.043944 0.506858
vt 0.570249 0.964158
vt 0.565641 0.951171
vt 0.654929 0.390189
vt 0.268617 0.987535
vt 0.134852 0.604274
vt 0.126270 0.598380
vt 0.970081 0.980041
vt 0.962554 0.980514
vt 0.932620 0.926522
vt 0.926060 0.928130
vt 0.952623 0.858478
vt 0.367358 0.932626
vt 0.863655 0.352885
vt 0.849228 0.371296
vt 0.855083 0.351997
vt 0.425515 0.589211
vt 0.247425 0.529527
vt 0.240900 0.527207
vt 0.248786 0.523368
vt 0.756330 0.009194
vt 0.112555 0.184730
vt 0.120027 0.183198
vt 0.183550 0.529410
vt 0.334048 0.029523
vt 0.574997 0.793433
vt 0.588784 0.309484
vt 0.945270 0.582116
vt 0.274540 0.736861
vt 0.262878 0.764327
vt 0.844437 0.738674
vt 0.467669 0.476248
vt 0.484791 0.473449
vt 0.836681 0.379781
vt 0.051220 0.192436
vt 0.035838 0.188443
vt 0.052225 0.189203
vt 0.095971 0.847916
vt 0.326193 0.032522
vt 0.328772 0.037192
vt 0.807464 0.477456
vt 0.814783 0.488443
vt 0.756379 0.192305
vt 0.750725 0.184230
vt 0.779511 0.182592
vt 0.371570 0.592551
vt 0.786459 0.400656
vt 0.791375 0.407990
vt 0.783538 0.416880
vt 0.079625 0.112585
vt 0.131531 0.225900
vt 0.844228 0.382636
vt 0.934447 0.918918
vt 0.947031 0.002197
vt 0.951242 0.008974
vt 0.945656 0.004579
vt 0.503019 0.305524
vt 0.299428 0.733025
vt 0.298434 0.726880
vt 0.280172 0.728577
vt 0.752758 0.102245
vt 0.845880 0.399038
vt 0.056198 0.663770
vt 0.998834 0.362182
vt 0.090938 0.821052
vt 0.676153 0.436503
vt 0.832185 0.276791
vt 0.093934 0.551201
vt 0.093934 0.511146
vt 0.097033 0.551127
vt 0.216799 0.402844
vt 0.212061 0.404904
vt 0.210774 0.399193
vt 0.046444 0.389111
vt 0.045014 0.405450
vt 0.042877 0.373146
vt 0.563107 0.012547
vt 0.650188 0.459517
vt 0.957169 0.198732
vt 0.960932 0.192553
vt 0.499484 0.301046
vt 0.161456 0.757796
vt 0.152840 0.750887
vt 0.159736 0.752882
vt 0.174384 0.782825
vt 0.371881 0.281291
vt 0.648021 0.441512
vt 0.668608 0.469208
vt 0.952618 0.893665
vt 0.950223 0.891772
vt 0.484858 0.300267
vt 0.495487 0.596117
vt 0.951248 0.096158
vt 0.075664 0.849206
vt 0.078568 0.854503
vt 0.973792 0.861801
vt 0.968593 0.863808
vt 0.445993 0.471109
vt 0.439647 0.464232
vt 0.435772 0.458065
vt 0.400519 0.814374
vt 0.405344 0.807941
vt 0.055397 0.230196
vt 0.966591 0.201834
vt 0.979137 0.194050
vt 0.499871 0.458390
vt 0.437649 0.436858
vt 0.206705 0.960620
vt 0.289000 0.729600
vt 0.013671 0.641296
vt 0.008902 0.648676
vt 0.008518 0.644624
vt 0.223061 0.187763
vt 0.042492 0.512049
vt 0.722274 0.841311
vt 0.600467 0.461006
vt 0.659943 0.264381
vt 0.978228 0.174686
vt 0.599014 0.307441
vt 0.387860 0.004027
vt 0.390191 0.010794
vt 0.383621 0.000497
vt 0.952794 0.394404
vt 0.944567 0.397417
vt 0.848116 0.132484
vt 0.731208 0.367535
vt 0.724882 0.362368
vt 0.728167 0.360863
vt 0.701927 0.041064
vt 0.684835 0.049391
vt 0.697346 0.035241
vt 0.916182 0.584558
vt 0.639965 0.454884
vt 0.777677 0.608669
vt 0.748112 0.084890
vt 0.954695 0.894102
vt 0.561350 0.188499
vt 0.542486 0.185173
vt 0.595953 0.185089
vt 0.445959 0.476067
vt 0.437373 0.415428
vt 0.944715 0.850843
vt 0.872453 0.332558
vt 0.794312 0.420054
vt 0.214486 0.304097
vt 0.869922 0.726810
vt 0.950862 0.047083
vt 0.105498 0.931558
vt 0.325197 0.063736
vt 0.961028 0.305169
vt 0.041921 0.401048
vt 0.667228 0.925141
vt 0.196622 0.400882
vt 0.154417 0.843732
vt 0.635046 0.249674
vt 0.070839 0.141133
vt 0.005101 0.823503
vt 0.822545 0.840477
vt 0.039662 0.044624
vt 0.038710 0.042599
vt 0.044435 0.041813
vt 0.282111 0.715149
vt 0.273831 0.719876
vt 0.266078 0.696558
vt 0.243411 0.200288
vt 0.175203 0.395484
vt 0.848863 0.492395
vt 0.616878 0.047046
vt 0.764262 0.206059
vt 0.980332 0.226274
vt 0.974537 0.236019
vt 0.047859 0.514757
vt 0.796837 0.439033
vt 0.764258 0.625881
vt 0.364264 0.276219
vt 0.632769 0.482572
vt 0.637727 0.462235
vt 0.511271 0.407459
vt 0.402988 0.223707
vt 0.966359 0.205922
vt 0.501680 0.385443
vt 0.652122 0.000319
vt 0.150573 0.817051
vt 0.980628 0.771623
vt 0.070725 0.148265
vt 0.073899 0.149897
vt 0.975795 0.981828
vt 0.583062 0.957779
vt 0.851650 0.393907
vt 0.558728 0.112312
vt 0.295117 0.910974
vt 0.619254 0.305389
vt 0.895677 0.239505
vt 0.041824 0.441060
vt 0.045069 0.436427
vt 0.044439 0.468826
vt 0.810390 0.982937
vt 0.740527 0.352106
vt 0.825914 0.534169
vt 0.405895 0.838980
vt 0.402313 0.830725
vt 0.838848 0.364499
vt 0.844342 0.349643
vt 0.851875 0.345853
vt 0.841551 0.895475
vt 0.981323 0.225881
vt 0.807881 0.255682
vt 0.823799 0.262073
vt 0.652789 0.022202
vt 0.164802 0.890686
vt 0.154751 0.243762
vt 0.968446 0.235322
vt 0.771811 0.623556
vt 0.977249 0.094617
vt 0.444729 0.105920
vt 0.308860 0.429578
vt 0.726643 0.751476
vt 0.744776 0.754435
vt 0.156738 0.827423
vt 0.870492 0.604816
vt 0.597012 0.833589
vt 0.605290 0.815237
vt 0.608781 0.832268
vt 0.988872 0.420243
vt 0.017956 0.816814
vt 0.015836 0.792580
vt 0.020001 0.791433
vt 0.498941 0.299168
vt 0.677438 0.040948
vt 0.682800 0.043701
vt 0.657609 0.457390
vt 0.500199 0.868893
vt 0.958029 0.226723
vt 0.960144 0.233236
vt 0.984140 0.098886
vt 0.701348 0.036679
vt 0.169958 0.526037
vt 0.851879 0.498960
vt 0.044065 0.292929
vt 0.089949 0.849341
vt 0.263655 0.688791
vt 0.470082 0.306308
vt 0.249453 0.738825
vt 0.257666 0.692248
vt 0.256916 0.749578
vt 0.657627 0.917861
vt 0.872091 0.930177
vt 0.882493 0.938050
vt 0.827961 0.025641
vt 0.825764 0.014337
vt 0.835994 0.026900
vt 0.637877 0.379904
vt 0.195982 0.597867
vt 0.200434 0.546976
vt 0.202644 0.599317
vt 0.491918 0.302965
vt 0.799571 0.165976
vt 0.260678 0.553517
vt 0.799396 0.838684
vt 0.923174 0.908206
vt 0.584459 0.808893
vt 0.102443 0.208296
vt 0.107985 0.458452
vt 0.883763 0.195747
vt 0.155580 0.758985
vt 0.157956 0.760512
vt 0.947833 0.103855
vt 0.944637 0.100027
vt 0.397630 0.532609
vt 0.403817 0.526996
vt 0.828769 0.991527
vt 0.810140 0.986282
vt 0.593020 0.463961
vt 0.703371 0.342025
vt 0.932456 0.332722
vt 0.939008 0.337664
vt 0.934478 0.339785
vt 0.213619 0.032739
vt 0.228596 0.030098
vt 0.242935 0.031992
vt 0.451632 0.547901
vt 0.500940 0.598149
vt 0.983489 0.980373
vt 0.910198 0.450552
vt 0.940718 0.445552
vt 0.922304 0.458122
vt 0.397095 0.799504
vt 0.394765 0.836722
vt 0.383483 0.850598
vt 0.940500 0.026062
vt 0.361411 0.993796
vt 0.368559 0.980503
vt 0.673416 0.572907
vt 0.984766 0.368556
vt 0.978757 0.368030
vt 0.985541 0.326584
vt 0.244129 0.366053
vt 0.091742 0.835122
vt 0.115194 0.182177
vt 0.083418 0.813145
vt 0.198249 0.173792
vt 0.205294 0.169671
vt 0.402221 0.541469
vt 0.033453 0.627586
vt 0.941811 0.778864
vt 0.675138 0.734902
vt 0.678871 0.729827
vt 0.916695 0.920259
vt 0.958588 0.110669
vt 0.763114 0.622499
vt 0.266191 0.424756
vt 0.288146 0.423410
vt 0.271946 0.449683
vt 0.137597 0.460640
vt 0.152536 0.419257
vt 0.144548 0.463625
vt 0.241244 0.932058
vt 0.940083 0.386311
vt 0.503044 0.919590
vt 0.473559 0.924789
vt 0.438537 0.921054
vt 0.444888 0.665542
vt 0.410050 0.548489
vt 0.838285 0.345116
vt 0.566981 0.811591
vt 0.709432 0.037154
vt 0.911215 0.878096
vt 0.253384 0.364119
vt 0.243815 0.359500
vt 0.020461 0.639534
vt 0.285706 0.725229
vt 0.752674 0.307333
vt 0.756535 0.299088
vt 0.758249 0.307130
vt 0.603684 0.318133
vt 0.952847 0.418788
vt 0.947152 0.438989
vt 0.377114 0.009382
vt 0.380091 0.271580
vt 0.919043 0.587058
vt 0.815180 0.543493
vt 0.817432 0.552362
vt 0.803451 0.548723
vt 0.124624 0.185602
vt 0.342727 0.463074
vt 0.334580 0.005046
vt 0.334580 0.011646
vt 0.331105 0.010230
vt 0.409593 0.853836
vt 0.401727 0.852652
vt 0.411106 0.841428
vt 0.868988 0.930159
vt 0.826593 0.025527
vt 0.820944 0.022748
vt 0.823432 0.010801
vt 0.157579 0.342455
vt 0.145089 0.354163
vt 0.141264 0.345175
vt 0.775612 0.619474
vt 0.774239 0.427323
vt 0.924650 0.937661
vt 0.816557 0.275483
vt 0.760447 0.286511
vt 0.763930 0.292625
vt 0.754848 0.292861
vt 0.305003 0.902799
vt 0.320120 0.897222
vt 0.642278 0.001223
vt 0.368515 0.095983
vt 0.559688 0.105724
vt 0.146200 0.758420
vt 0.863722 0.136490
vt 0.455384 0.647698
vt 0.039995 0.442560
vt 0.036058 0.452860
vt 0.032372 0.444248
vt 0.751157 0.297369
vt 0.143304 0.762386
vt 0.138323 0.759071
vt 0.637003 0.442419
vt 0.884046 0.377247
vt 0.815863 0.284041
vt 0.650770 0.454989
vt 0.793559 0.539337
vt 0.031922 0.763524
vt 0.208161 0.402923
vt 0.944573 0.994309
vt 0.967041 0.994980
vt 0.973935 0.996827
vt 0.388780 0.064738
vt 0.983954 0.984958
vt 0.758218 0.420488
vt 0.766091 0.406662
vt 0.770765 0.411806
vt 0.955607 0.999309
vt 0.976840 0.175383
vt 0.941815 0.509029
vt 0.927868 0.524836
vt 0.944801 0.501234
vt 0.712721 0.588165
vt 0.502965 0.392484
vt 0.753029 0.085648
vt 0.753264 0.079677
vt 0.142641 0.193074
vt 0.139018 0.193960
vt 0.138097 0.187528
vt 0.382895 0.281841
vt 0.374950 0.285381
vt 0.868392 0.438077
vt 0.067615 0.297065
vt 0.033776 0.947544
vt 0.029023 0.963271
vt 0.024643 0.947101
vt 0.149586 0.468323
vt 0.151840 0.463411
vt 0.262316 0.910360
vt 0.125240 0.779292
vt 0.041605 0.453931
vt 0.030402 0.640545
vt 0.509103 0.909073
vt 0.936448 0.583303
vt 0.127815 0.190092
vt 0.090610 0.839547
vt 0.878587 0.649305
vt 0.161948 0.473913
vt 0.165307 0.503285
vt 0.513525 0.122998
vt 0.466497 0.118884
vt 0.514848 0.118042
vt 0.729188 0.356544
vt 0.725200 0.351785
vt 0.922855 0.948198
vt 0.702621 0.033083
vt 0.511038 0.358248
vt 0.980535 0.098328
vt 0.147266 0.806823
vt 0.029276 0.759373
vt 0.420016 0.826547
vt 0.240459 0.737257
vt 0.240062 0.766279
vt 0.235731 0.708929
vt 0.766278 0.621991
vt 0.353660 0.441480
vt 0.390698 0.426738
vt 0.355670 0.447433
vt 0.955117 0.898735
vt 0.043777 0.509650
vt 0.969527 0.110922
vt 0.412240 0.034992
vt 0.414191 0.035021
vt 0.634600 0.459562
vt 0.378357 0.520381
vt 0.392903 0.534569
vt 0.383311 0.533139
vt 0.129642 0.267042
vt 0.125369 0.245600
vt 0.347016 0.443335
vt 0.653848 0.015359
vt 0.647958 0.018916
vt 0.024194 0.032367
vt 0.527499 0.545834
vt 0.537799 0.546922
vt 0.544387 0.583649
vt 0.668511 0.266469
vt 0.054941 0.698916
vt 0.056419 0.712116
vt 0.043553 0.707862
vt 0.021368 0.657324
vt 0.021310 0.653164
vt 0.950914 0.755649
vt 0.607899 0.460923
vt 0.731101 0.013627
vt 0.732036 0.019630
vt 0.721790 0.011096
vt 0.500326 0.827111
vt 0.937097 0.328078
vt 0.934815 0.329191
vt 0.932673 0.314891
vt 0.197549 0.533950
vt 0.204842 0.525887
vt 0.859977 0.844527
vt 0.865307 0.848961
vt 0.115612 0.177084
vt 0.499432 0.403473
vt 0.870999 0.914438
vt 0.508739 0.417053
vt 0.920701 0.472304
vt 0.943262 0.461989
vt 0.153415 0.743819
vt 0.989212 0.535336
vt 0.369651 0.274164
vt 0.582706 0.805579
vt 0.089898 0.837487
vt 0.270192 0.733051
vt 0.856817 0.137850
vt 0.946746 0.110079
vt 0.484479 0.036022
vt 0.235678 0.932994
vt 0.816637 0.184815
vt 0.516755 0.382486
vt 0.079746 0.121211
vt 0.644710 0.955513
vt 0.413996 0.101062
vt 0.421905 0.098121
vt 0.416708 0.103905
vt 0.560939 0.094092
vt 0.673428 0.288995
vt 0.664944 0.284413
vt 0.671455 0.268734
vt 0.640628 0.034242
vt 0.645020 0.028112
vt 0.157911 0.749710
vt 0.400824 0.797887
vt 0.513794 0.367748
vt 0.823272 0.546863
vt 0.333465 0.062337
vt 0.349796 0.060482
vt 0.509927 0.398872
vt 0.451390 0.252053
vt 0.510318 0.252053
vt 0.454653 0.262920
vt 0.160806 0.829900
vt 0.840898 0.029526
vt 0.830927 0.042356
vt 0.750767 0.093868
vt 0.514562 0.363836
vt 0.299644 0.653714
vt 0.563285 0.830983
vt 0.203317 0.279993
vt 0.193959 0.271368
vt 0.442832 0.422473
vt 0.139783 0.355432
vt 0.509166 0.366505
vt 0.769310 0.622260
vt 0.988782 0.248670
vt 0.184444 0.247199
vt 0.418785 0.107381
vt 0.642632 0.446909
vt 0.430706 0.463794
vt 0.438675 0.472710
vt 0.431395 0.478285
vt 0.656930 0.955366
vt 0.843775 0.490979
vt 0.750882 0.017192
vt 0.746565 0.023357
vt 0.746418 0.007080
vt 0.739954 0.081775
vt 0.742560 0.075988
vt 0.984861 0.105035
vt 0.980166 0.102058
vt 0.651954 0.424886
vt 0.814027 0.024765
vt 0.803255 0.020442
vt 0.808826 0.010896
vt 0.444390 0.475314
vt 0.937929 0.585436
vt 0.800938 0.415213
vt 0.499565 0.465903
vt 0.690417 0.988078
vt 0.680007 0.985288
vt 0.717146 0.984431
vt 0.820472 0.192210
vt 0.857320 0.841852
vt 0.777379 0.609447
vt 0.772369 0.615007
vt 0.771599 0.612383
vt 0.011882 0.651404
vt 0.408900 0.857871
vt 0.318532 0.720187
vt 0.836361 0.273668
vt 0.825504 0.270991
vt 0.980355 0.979473
vt 0.128610 0.984829
vt 0.126003 0.992206
vt 0.122740 0.991946
vt 0.277733 0.729194
vt 0.191581 0.256137
vt 0.836637 0.546894
vt 0.823043 0.007534
vt 0.550013 0.106328
vt 0.051425 0.004936
vt 0.053851 0.007828
vt 0.035496 0.007437
vt 0.884895 0.432700
vt 0.017992 0.641317
vt 0.361313 0.925729
vt 0.851126 0.341725
vt 0.931734 0.503258
vt 0.793824 0.542952
vt 0.294859 0.625354
vt 0.812183 0.560039
vt 0.805389 0.249385
vt 0.422812 0.105193
vt 0.128293 0.998971
vt 0.776921 0.410801
vt 0.637911 0.031370
vt 0.651990 0.271258
vt 0.498457 0.874158
vt 0.331787 0.680067
vt 0.237667 0.524516
vt 0.204178 0.405773
vt 0.020880 0.218538
vt 0.003666 0.222332
vt 0.017309 0.214129
vt 0.085412 0.850301
vt 0.817185 0.270239
vt 0.748488 0.080644
vt 0.034266 0.037451
vt 0.422989 0.033425
vt 0.423040 0.040788
vt 0.070429 0.444633
vt 0.698274 0.084692
vt 0.702985 0.084341
vt 0.593887 0.792290
vt 0.374458 0.975715
vt 0.569832 0.010755
vt 0.910484 0.911651
vt 0.908212 0.905443
vt 0.914152 0.909211
vt 0.165717 0.524124
vt 0.371814 0.588212
vt 0.970854 0.854820
vt 0.306728 0.050228
vt 0.638081 0.026033
vt 0.285325 0.464822
vt 0.235731 0.765645
vt 0.860364 0.673867
vt 0.836852 0.674613
vt 0.756141 0.076463
vt 0.107727 0.174990
vt 0.041985 0.700579
vt 0.806977 0.222782
vt 0.428232 0.332974
vt 0.568845 0.017199
vt 0.567016 0.019665
vt 0.952728 0.999269
vt 0.924129 0.995289
vt 0.936195 0.994839
vt 0.922755 0.477314
vt 0.802878 0.469466
vt 0.547547 0.835372
vt 0.540723 0.831291
vt 0.923593 0.913870
vt 0.693763 0.565177
vt 0.701302 0.574041
vt 0.687756 0.577112
vt 0.051586 0.718491
vt 0.818679 0.051367
vt 0.511289 0.061238
vt 0.511974 0.047697
vt 0.518166 0.044122
vt 0.848674 0.393697
vt 0.634830 0.027484
vt 0.311078 0.334281
vt 0.981428 0.488724
vt 0.793289 0.998061
vt 0.792002 0.992078
vt 0.800190 0.998416
vt 0.015596 0.638807
vt 0.210596 0.517208
vt 0.210437 0.521645
vt 0.213092 0.391569
vt 0.216006 0.387551
vt 0.219149 0.392096
vt 0.386738 0.859318
vt 0.911440 0.194919
vt 0.216293 0.097737
vt 0.172571 0.182273
vt 0.168628 0.178412
vt 0.211609 0.396852
vt 0.630977 0.022946
vt 0.439518 0.476530
vt 0.428270 0.494316
vt 0.553360 0.954777
vt 0.556386 0.950464
vt 0.563799 0.952760
vt 0.643275 0.022445
vt 0.643329 0.024812
vt 0.723003 0.847859
vt 0.987191 0.983114
vt 0.010048 0.337723
vt 0.302913 0.625160
vt 0.506384 0.838888
vt 0.933451 0.361461
vt 0.116209 0.472605
vt 0.949896 0.111814
vt 0.710571 0.313637
vt 0.565060 0.963392
vt 0.866817 0.503666
vt 0.945477 0.952767
vt 0.663198 0.340929
vt 0.738429 0.076685
vt 0.381479 0.881224
vt 0.387589 0.871062
vt 0.296041 0.724886
vt 0.917771 0.933593
vt 0.314416 0.060325
vt 0.822931 0.002651
vt 0.377984 0.547934
vt 0.370709 0.549806
vt 0.845549 0.733815
vt 0.942359 0.473109
vt 0.933423 0.482537
vt 0.239826 0.830523
vt 0.760256 0.843675
vt 0.510996 0.890028
vt 0.889390 0.519436
vt 0.931627 0.940706
vt 0.923961 0.945606
vt 0.860532 0.320937
vt 0.848986 0.070754
vt 0.189866 0.519564
vt 0.193354 0.526363
vt 0.025286 0.655522
vt 0.605434 0.038179
vt 0.219198 0.098927
vt 0.228141 0.197702
vt 0.819956 0.009213
vt 0.933987 0.344379
vt 0.647860 0.025189
vt 0.680389 0.336224
vt 0.307193 0.038565
vt 0.308318 0.032590
vt 0.684145 0.046680
vt 0.924107 0.947929
vt 0.708625 0.095487
vt 0.229882 0.401126
vt 0.227041 0.408311
vt 0.218391 0.401898
vt 0.453965 0.831340
vt 0.467270 0.828820
vt 0.460721 0.841910
vt 0.682963 0.571404
vt 0.690427 0.562080
vt 0.810819 0.213080
vt 0.144075 0.817248
vt 0.665754 0.957949
vt 0.720445 0.019646
vt 0.923070 0.998964
vt 0.739430 0.034247
vt 0.731842 0.026153
vt 0.737949 0.027155
vt 0.106078 0.680838
vt 0.114749 0.670474
vt 0.109490 0.682384
vt 0.418088 0.348586
vt 0.114930 0.767966
vt 0.509520 0.378718
vt 0.311020 0.042709
vt 0.554539 0.090011
vt 0.540720 0.094244
vt 0.942752 0.337849
vt 0.940162 0.331675
vt 0.618965 0.477468
vt 0.612867 0.473396
vt 0.829693 0.265154
vt 0.829356 0.268943
vt 0.972826 0.116541
vt 0.958669 0.122992
vt 0.826448 0.267914
vt 0.371950 0.842528
vt 0.376910 0.868439
vt 0.361580 0.872777
vt 0.632065 0.028539
vt 0.172510 0.400279
vt 0.539373 0.103250
vt 0.029716 0.336068
vt 0.713300 0.039656
vt 0.282703 0.727669
vt 0.871936 0.036582
vt 0.354625 0.000700
vt 0.358798 0.003931
vt 0.353033 0.004136
vt 0.676208 0.745684
vt 0.816032 0.011431
vt 0.753474 0.098555
vt 0.756260 0.089435
vt 0.398880 0.587153
vt 0.198331 0.228756
vt 0.940376 0.940059
vt 0.946978 0.949178
vt 0.213582 0.399352
vt 0.034804 0.028791
vt 0.228235 0.389008
vt 0.228291 0.397134
vt 0.943702 0.009094
vt 0.306971 0.896366
vt 0.372383 0.277045
vt 0.879651 0.030365
vt 0.659362 0.273375
vt 0.786597 0.611588
vt 0.484618 0.824436
vt 0.480007 0.845733
vt 0.480824 0.826540
vt 0.111112 0.769861
vt 0.026816 0.746278
vt 0.773312 0.983721
vt 0.288143 0.416760
vt 0.938963 0.394093
vt 0.745659 0.013628
vt 0.740841 0.007886
vt 0.745429 0.001590
vt 0.715445 0.573217
vt 0.705479 0.586702
vt 0.160028 0.746553
vt 0.152185 0.741427
vt 0.152634 0.722907
vt 0.724189 0.043175
vt 0.732971 0.055921
vt 0.724742 0.053735
vt 0.120152 0.588931
vt 0.607098 0.429096
vt 0.298656 0.037543
vt 0.314552 0.712466
vt 0.032480 0.629034
vt 0.153550 0.522550
vt 0.167544 0.853086
vt 0.644480 0.450071
vt 0.435488 0.488412
vt 0.303579 0.899978
vt 0.762331 0.615193
vt 0.858491 0.869718
vt 0.872462 0.910318
vt 0.916883 0.922108
vt 0.395895 0.558907
vt 0.592069 0.459813
vt 0.594169 0.436232
vt 0.425439 0.454195
vt 0.415300 0.486498
vt 0.406796 0.450804
vt 0.188179 0.413939
vt 0.762803 0.716752
vt 0.753171 0.762446
vt 0.052294 0.218941
vt 0.547577 0.117058
vt 0.122182 0.779932
vt 0.690841 0.748065
vt 0.904352 0.027954
vt 0.903876 0.017209
vt 0.907144 0.016020
vt 0.735238 0.047076
vt 0.874761 0.472241
vt 0.323087 0.722065
vt 0.607491 0.049067
vt 0.789566 0.546933
vt 0.797486 0.551069
vt 0.874043 0.327600
vt 0.033449 0.777040
vt 0.024691 0.765147
vt 0.312345 0.060262
vt 0.308669 0.052508
vt 0.316918 0.055639
vt 0.833643 0.689127
vt 0.831471 0.681686
vt 0.718737 0.027479
vt 0.202643 0.313721
vt 0.190190 0.314670
vt 0.198933 0.313568
vt 0.710701 0.072883
vt 0.709860 0.076733
vt 0.705086 0.079539
vt 0.314886 0.338986
vt 0.108617 0.769674
vt 0.912115 0.914806
vt 0.908104 0.916803
vt 0.058135 0.291485
vt 0.707774 0.082387
vt 0.317771 0.336893
vt 0.024572 0.761292
vt 0.345353 0.999469
vt 0.353405 0.974787
vt 0.125017 0.993734
vt 0.880632 0.423173
vt 0.040325 0.459736
vt 0.035720 0.458920
vt 0.939308 0.091048
vt 0.007911 0.759156
vt 0.013992 0.753345
vt 0.023999 0.763629
vt 0.472112 0.831987
vt 0.467854 0.843098
vt 0.947419 0.092570
vt 0.158947 0.739582
vt 0.872450 0.649121
vt 0.031702 0.032955
vt 0.193423 0.230277
vt 0.677730 0.967556
vt 0.052240 0.210304
vt 0.036635 0.028496
vt 0.759377 0.102344
vt 0.522707 0.836178
vt 0.875578 0.676233
vt 0.880322 0.690636
vt 0.856339 0.716195
vt 0.596621 0.472279
vt 0.017517 0.653063
vt 0.012952 0.659637
vt 0.012411 0.655991
vt 0.874466 0.036366
vt 0.806422 0.553953
vt 0.240605 0.603057
vt 0.727236 0.358830
vt 0.724261 0.357598
vt 0.310120 0.713664
vt 0.516978 0.535428
vt 0.526514 0.524079
vt 0.523917 0.538215
vt 0.009277 0.750345
vt 0.932303 0.092140
vt 0.198086 0.309778
vt 0.653118 0.447332
vt 0.051654 0.287016
vt 0.311059 0.646754
vt 0.032134 0.465784
vt 0.924296 0.513694
vt 0.199544 0.300460
vt 0.201190 0.301832
vt 0.200468 0.303591
vt 0.316296 0.718929
vt 0.808319 0.558122
vt 0.951380 0.443038
vt 0.746975 0.072342
vt 0.029081 0.454707
vt 0.373889 0.277842
vt 0.868331 0.718955
vt 0.885428 0.719807
vt 0.381088 0.871455
vt 0.890359 0.373532
vt 0.907867 0.929307
vt 0.913348 0.919765
vt 0.859791 0.441938
vt 0.862763 0.433706
vt 0.866742 0.438953
vt 0.223630 0.594118
vt 0.224145 0.601251
vt 0.215745 0.606319
vt 0.733349 0.347261
vt 0.742427 0.349520
vt 0.937572 0.391970
vt 0.207112 0.259040
vt 0.202256 0.247129
vt 0.380743 0.491758
vt 0.119253 0.656527
vt 0.119200 0.684192
vt 0.331527 0.056385
vt 0.358737 0.009119
vt 0.355084 0.007130
vt 0.032425 0.033795
vt 0.143835 0.364956
vt 0.135743 0.358866
vt 0.321527 0.052143
vt 0.308684 0.639323
vt 0.934872 0.457949
vt 0.867359 0.433273
vt 0.200451 0.305619
vt 0.204475 0.309884
vt 0.923191 0.910301
vt 0.919323 0.907898
vt 0.392194 0.565410
vt 0.009865 0.654839
vt 0.140370 0.197970
vt 0.942821 0.545781
vt 0.935560 0.550259
vt 0.305870 0.704930
vt 0.308197 0.700745
vt 0.879210 0.324209
vt 0.713078 0.095095
vt 0.962769 0.763503
vt 0.962769 0.727482
vt 0.969458 0.768739
vt 0.600847 0.038610
vt 0.903852 0.011810
vt 0.018550 0.119456
vt 0.020514 0.123182
vt 0.015840 0.119273
vt 0.545501 0.936186
vt 0.173456 0.751979
vt 0.167796 0.744306
vt 0.204456 0.728269
vt 0.726625 0.181774
vt 0.015761 0.115934
vt 0.186915 0.392822
vt 0.168355 0.755369
vt 0.175615 0.759853
vt 0.167044 0.758217
vt 0.957395 0.113337
vt 0.013010 0.748889
vt 0.977147 0.373818
vt 0.971787 0.375559
vt 0.973447 0.359020
vt 0.244475 0.207895
vt 0.240522 0.207884
vt 0.867137 0.320686
vt 0.014187 0.207712
vt 0.122911 0.778833
vt 0.112764 0.687386
vt 0.534307 0.099214
vt 0.252091 0.847192
vt 0.244462 0.840106
vt 0.252038 0.843170
vt 0.203937 0.302363
vt 0.142573 0.466210
vt 0.122095 0.472530
vt 0.876898 0.371311
vt 0.879174 0.368380
vt 0.414788 0.557334
vt 0.826850 0.509075
vt 0.824805 0.678864
vt 0.846107 0.720330
vt 0.034798 0.465790
vt 0.879771 0.378969
vt 0.125494 0.789315
vt 0.020590 0.335823
vt 0.022617 0.337692
vt 0.730150 0.040010
vt 0.593458 0.789165
vt 0.904696 0.919187
vt 0.400669 0.932448
vt 0.381962 0.925523
vt 0.394567 0.923711
vt 0.309281 0.718176
vt 0.009898 0.420361
vt 0.014158 0.420361
vt 0.012506 0.443654
vt 0.088751 0.002483
vt 0.070797 0.008317
vt 0.070306 0.003621
vt 0.741219 0.370072
vt 0.563441 0.730380
vt 0.572649 0.730231
vt 0.574188 0.738495
vt 0.876093 0.056094
vt 0.864695 0.063753
vt 0.862031 0.059098
vt 0.331834 0.738158
vt 0.254828 0.840641
vt 0.415402 0.341174
vt 0.873708 0.033125
vt 0.853723 0.409697
vt 0.298408 0.034244
vt 0.235237 0.844071
vt 0.240660 0.845549
vt 0.861729 0.878503
vt 0.841336 0.319570
vt 0.997495 0.400923
vt 0.991574 0.411178
vt 0.990009 0.385115
vt 0.255426 0.205915
vt 0.791127 0.057867
vt 0.781912 0.055055
vt 0.787140 0.054267
vt 0.439737 0.840771
vt 0.913944 0.904872
vt 0.916260 0.904333
vt 0.036130 0.706055
vt 0.207234 0.313132
vt 0.209790 0.310364
vt 0.501876 0.834047
vt 0.877299 0.314580
vt 0.839314 0.645675
vt 0.837883 0.637003
vt 0.800466 0.992211
vt 0.805445 0.987347
vt 0.012308 0.653722
vt 0.887755 0.415047
vt 0.059899 0.295803
vt 0.674138 0.343907
vt 0.928861 0.391337
vt 0.934550 0.392637
vt 0.893497 0.518529
vt 0.401329 0.573922
vt 0.129117 0.347284
vt 0.131979 0.345024
vt 0.305302 0.700897
vt 0.484155 0.184257
vt 0.491483 0.185178
vt 0.486622 0.189375
vt 0.026428 0.958330
vt 0.234219 0.839894
vt 0.049873 0.654943
vt 0.211430 0.735798
vt 0.206457 0.735330
vt 0.213417 0.711122
vt 0.577182 0.731833
vt 0.206807 0.530152
vt 0.869654 0.073001
vt 0.861790 0.068590
vt 0.299379 0.711689
vt 0.195330 0.232828
vt 0.748372 0.048899
vt 0.251093 0.217094
vt 0.989250 0.415301
vt 0.416009 0.837448
vt 0.196304 0.602257
vt 0.241522 0.212829
vt 0.388468 0.576081
vt 0.873188 0.901676
vt 0.877499 0.909030
vt 0.736638 0.039930
vt 0.013779 0.102640
vt 0.012347 0.114961
vt 0.753632 0.297255
vt 0.353786 0.008795
vt 0.913468 0.528022
vt 0.187147 0.388325
vt 0.584718 0.750467
vt 0.376857 0.572409
vt 0.222112 0.520905
vt 0.237718 0.506866
vt 0.231224 0.523037
vt 0.736559 0.006283
vt 0.740280 0.009486
vt 0.736401 0.011147
vt 0.822433 0.655764
vt 0.870900 0.708601
vt 0.002287 0.377627
vt 0.002287 0.384278
vt 0.000168 0.381570
vt 0.779303 0.047380
vt 0.784268 0.048349
vt 0.170071 0.724194
vt 0.543471 0.542098
vt 0.320365 0.668769
vt 0.982181 0.832582
vt 0.979127 0.835707
vt 0.978508 0.826982
vt 0.031946 0.695353
vt 0.032314 0.702845
vt 0.623649 0.838929
vt 0.331078 0.888932
vt 0.162204 0.843970
vt 0.584046 0.745291
vt 0.994962 0.214303
vt 0.997580 0.213308
vt 0.980618 0.382784
vt 0.953817 0.446018
vt 0.518117 0.521159
vt 0.533361 0.094631
vt 0.178352 0.765514
vt 0.996855 0.411806
vt 0.568744 0.724103
vt 0.402326 0.350172
vt 0.170677 0.774088
vt 0.181021 0.770548
vt 0.338472 0.682565
vt 0.349499 0.709387
vt 0.347704 0.708916
vt 0.563864 0.724302
vt 0.568009 0.836073
vt 0.220105 0.213508
vt 0.202910 0.258655
vt 0.983273 0.220706
vt 0.998839 0.219595
vt 0.749867 0.764669
vt 0.969659 0.356482
vt 0.854148 0.309688
vt 0.546758 0.941165
vt 0.317203 0.730874
vt 0.263406 0.500055
vt 0.255188 0.529696
vt 0.815635 0.669850
vt 0.740214 0.005053
vt 0.368747 0.974997
vt 0.402526 0.095052
vt 0.408265 0.099733
vt 0.402791 0.097960
vt 0.225866 0.491773
vt 0.976583 0.845776
vt 0.751749 0.352652
vt 0.355267 0.713082
vt 0.412102 0.105484
vt 0.531309 0.101703
vt 0.385674 0.095080
vt 0.390033 0.088212
vt 0.056143 0.293732
vt 0.057879 0.303876
vt 0.511810 0.031055
vt 0.938465 0.457622
vt 0.295495 0.137346
vt 0.261236 0.133070
vt 0.286491 0.130003
vt 0.032157 0.471038
vt 0.734617 0.971108
vt 0.729725 0.974876
vt 0.730066 0.969421
vt 0.463950 0.867880
vt 0.443014 0.870086
vt 0.463979 0.864090
vt 0.973663 0.844871
vt 0.539642 0.740340
vt 0.538590 0.737387
vt 0.425613 0.333020
vt 0.294316 0.446000
vt 0.579609 0.834740
vt 0.825633 0.687415
vt 0.188690 0.403880
vt 0.244485 0.493745
vt 0.786215 0.044844
vt 0.881202 0.455333
vt 0.878212 0.469503
vt 0.950900 0.459679
vt 0.545816 0.733781
vt 0.487769 0.180039
vt 0.590521 0.748990
vt 0.945134 0.480922
vt 0.138592 0.475174
vt 0.531326 0.532971
vt 0.300935 0.890551
vt 0.304175 0.885474
vt 0.379313 0.093009
vt 0.376716 0.083301
vt 0.193605 0.748000
vt 0.235093 0.699569
vt 0.753932 0.358910
vt 0.735431 0.965055
vt 0.372614 0.474123
vt 0.726606 0.989887
vt 0.029628 0.331410
vt 0.350759 0.723283
vt 0.114993 0.691994
vt 0.113054 0.693031
vt 0.017271 0.440160
vt 0.036121 0.434480
vt 0.035695 0.436911
vt 0.157150 0.044326
vt 0.165564 0.047482
vt 0.159955 0.050360
vt 0.311680 0.660773
vt 0.111919 0.479573
vt 0.572744 0.723152
vt 0.006977 0.119114
vt 0.332977 0.679098
vt 0.788847 0.045813
vt 0.914286 0.898338
vt 0.147338 0.725102
vt 0.203273 0.186133
vt 0.650273 0.985304
vt 0.650298 0.991623
vt 0.639547 0.990682
vt 0.820107 0.639738
vt 0.516262 0.667710
vt 0.519778 0.640550
vt 0.521483 0.674502
vt 0.318270 0.887144
vt 0.408170 0.092420
vt 0.569338 0.711802
vt 0.995334 0.418027
vt 0.406337 0.362179
vt 0.885414 0.704249
vt 0.230749 0.212970
vt 0.771890 0.299505
vt 0.023989 0.738785
vt 0.026555 0.741368
vt 0.025644 0.742302
vt 0.772786 0.280233
vt 0.466261 0.851262
vt 0.129360 0.332858
vt 0.703889 0.348281
vt 0.296994 0.428217
vt 0.454492 0.846584
vt 0.813157 0.675104
vt 0.907433 0.523135
vt 0.840027 0.631934
vt 0.503244 0.675139
vt 0.517117 0.643900
vt 0.116019 0.697425
vt 0.299127 0.681635
vt 0.856322 0.070691
vt 0.855910 0.062212
vt 0.475515 0.850734
vt 0.913250 0.886782
vt 0.206888 0.719192
vt 0.403816 0.945497
vt 0.382120 0.943844
vt 0.312979 0.407736
vt 0.308322 0.411978
vt 0.354026 0.721095
vt 0.746132 0.037037
vt 0.465185 0.857650
vt 0.301333 0.423797
vt 0.158408 0.720178
vt 0.029649 0.739516
vt 0.398772 0.089731
vt 0.079909 0.100681
vt 0.076631 0.101378
vt 0.081652 0.076179
vt 0.573872 0.245400
vt 0.519603 0.240652
vt 0.577599 0.239136
vt 0.170468 0.048348
vt 0.065812 0.310722
vt 0.964665 0.391068
vt 0.891721 0.637518
vt 0.904992 0.643652
vt 0.367453 0.896236
vt 0.171144 0.052152
vt 0.586439 0.289606
vt 0.526472 0.289606
vt 0.567702 0.271022
vt 0.306814 0.419327
vt 0.954535 0.251630
vt 0.941221 0.220049
vt 0.957245 0.245375
vt 0.253509 0.141551
vt 0.007040 0.606660
vt 0.010575 0.606278
vt 0.004552 0.609221
vt 0.787331 0.041189
vt 0.783958 0.041908
vt 0.046418 0.318733
vt 0.046418 0.350879
vt 0.041947 0.346102
vt 0.743104 0.035390
vt 0.990491 0.205920
vt 0.202806 0.682955
vt 0.231805 0.684321
vt 0.189539 0.244956
vt 0.899406 0.878253
vt 0.978088 0.213855
vt 0.777281 0.306176
vt 0.968880 0.726597
vt 0.382385 0.079796
vt 0.197763 0.263966
vt 0.618311 0.803538
vt 0.186841 0.245621
vt 0.167011 0.731828
vt 0.167341 0.742315
vt 0.200562 0.612127
vt 0.826313 0.315353
vt 0.490033 0.850315
vt 0.759596 0.194920
vt 0.764185 0.193589
vt 0.763074 0.196838
vt 0.569893 0.701048
vt 0.411276 0.573988
vt 0.939611 0.724845
vt 0.932750 0.699237
vt 0.938615 0.664453
vt 0.451167 0.855609
vt 0.023768 0.463210
vt 0.166651 0.040410
vt 0.038193 0.441318
vt 0.021724 0.456996
vt 0.302220 0.402720
vt 0.035111 0.677286
vt 0.033585 0.663579
vt 0.055762 0.655066
vt 0.980560 0.854992
vt 0.972922 0.847775
vt 0.576865 0.726827
vt 0.032213 0.737521
vt 0.724863 0.971746
vt 0.752984 0.042462
vt 0.752635 0.048944
vt 0.494236 0.195554
vt 0.489560 0.201131
vt 0.483452 0.199430
vt 0.686474 0.481112
vt 0.682580 0.467736
vt 0.692150 0.474841
vt 0.500280 0.221580
vt 0.489795 0.208057
vt 0.427493 0.848339
vt 0.748421 0.216710
vt 0.213536 0.959887
vt 0.224174 0.989935
vt 0.204888 0.988174
vt 0.975866 0.743390
vt 0.758143 0.284194
vt 0.778705 0.240139
vt 0.784962 0.256963
vt 0.787758 0.261023
vt 0.756598 0.362396
vt 0.369769 0.291451
vt 0.400873 0.286722
vt 0.402574 0.296369
vt 0.567751 0.696085
vt 0.028868 0.743090
vt 0.034032 0.060835
vt 0.031073 0.059450
vt 0.037656 0.059471
vt 0.406268 0.336023
vt 0.883888 0.709709
vt 0.725387 0.981552
vt 0.374899 0.299273
vt 0.412162 0.300109
vt 0.760230 0.240731
vt 0.729589 0.965463
vt 0.973654 0.396096
vt 0.284474 0.169226
vt 0.285207 0.151621
vt 0.331137 0.153225
vt 0.843398 0.914360
vt 0.141742 0.382132
vt 0.742753 0.967496
vt 0.439886 0.863898
vt 0.053919 0.662795
vt 0.388849 0.075737
vt 0.676276 0.469464
vt 0.201236 0.755034
vt 0.524761 0.516122
vt 0.027653 0.732784
vt 0.032364 0.721285
vt 0.725644 0.974818
vt 0.399984 0.962812
vt 0.414445 0.961223
vt 0.419281 0.962983
vt 0.970701 0.821802
vt 0.507475 0.855309
vt 0.396727 0.350791
vt 0.696545 0.351144
vt 0.725620 0.965008
vt 0.183427 0.307040
vt 0.669779 0.459378
vt 0.877878 0.482018
vt 0.331226 0.414317
vt 0.571892 0.689536
vt 0.640768 0.190937
vt 0.637559 0.172517
vt 0.653861 0.169661
vt 0.624823 0.770308
vt 0.909392 0.450592
vt 0.307046 0.399413
vt 0.427822 0.854194
vt 0.836654 0.308138
vt 0.040973 0.026586
vt 0.063362 0.024627
vt 0.067519 0.027901
vt 0.271970 0.791981
vt 0.263956 0.789868
vt 0.276654 0.782760
vt 0.072725 0.467284
vt 0.093677 0.470598
vt 0.092148 0.478896
vt 0.807124 0.824952
vt 0.817540 0.825119
vt 0.820832 0.834645
vt 0.431454 0.873865
vt 0.203321 0.032942
vt 0.199053 0.031007
vt 0.204631 0.029985
vt 0.257464 0.875761
vt 0.248770 0.868922
vt 0.269656 0.875298
vt 0.821330 0.309946
vt 0.134375 0.488456
vt 0.270774 0.769596
vt 0.780961 0.036326
vt 0.782043 0.042286
vt 0.776136 0.039203
vt 0.861298 0.022027
vt 0.860151 0.018559
vt 0.861521 0.014286
vt 0.534238 0.520859
vt 0.204065 0.718497
vt 0.043112 0.437222
vt 0.202069 0.027511
vt 0.205685 0.272437
vt 0.211260 0.997403
vt 0.368253 0.568087
vt 0.362932 0.564081
vt 0.370070 0.560395
vt 0.502563 0.224866
vt 0.483682 0.213606
vt 0.376757 0.739018
vt 0.349970 0.740285
vt 0.355260 0.731545
vt 0.575650 0.686049
vt 0.768011 0.475954
vt 0.765385 0.474913
vt 0.770803 0.474266
vt 0.371235 0.075861
vt 0.018522 0.609143
vt 0.732232 0.991526
vt 0.239323 0.993776
vt 0.234968 0.999333
vt 0.228779 0.993953
vt 0.775782 0.232786
vt 0.454654 0.224200
vt 0.261461 0.775403
vt 0.402068 0.580257
vt 0.177093 0.049029
vt 0.796581 0.296908
vt 0.265216 0.808062
vt 0.255885 0.799452
vt 0.076023 0.667708
vt 0.091406 0.682488
vt 0.084373 0.686708
vt 0.347737 0.729777
vt 0.034994 0.086844
vt 0.718279 0.983858
vt 0.721899 0.974925
vt 0.689827 0.363053
vt 0.836061 0.304409
vt 0.260962 0.490895
vt 0.530976 0.637378
vt 0.186765 0.300108
vt 0.485976 0.167663
vt 0.492296 0.168595
vt 0.825690 0.602017
vt 0.817727 0.595617
vt 0.821882 0.589725
vt 0.774244 0.035899
vt 0.866983 0.404576
vt 0.088021 0.669612
vt 0.086265 0.672758
vt 0.394723 0.343466
vt 0.766487 0.495431
vt 0.869614 0.414524
vt 0.626463 0.799655
vt 0.435706 0.958852
vt 0.440555 0.974027
vt 0.431850 0.971985
vt 0.825170 0.836944
vt 0.433955 0.860886
vt 0.217611 0.611329
vt 0.074825 0.461702
vt 0.094255 0.466881
vt 0.812928 0.626550
vt 0.005532 0.591565
vt 0.400594 0.366799
vt 0.394276 0.366214
vt 0.254846 0.784142
vt 0.806793 0.671875
vt 0.808335 0.658231
vt 0.443284 0.982137
vt 0.437081 0.980085
vt 0.851421 0.714651
vt 0.858460 0.070923
vt 0.853586 0.073508
vt 0.277599 0.773126
vt 0.157171 0.032325
vt 0.148185 0.027440
vt 0.157980 0.026741
vt 0.462768 0.973233
vt 0.448723 0.968626
vt 0.459416 0.961792
vt 0.133762 0.383883
vt 0.928917 0.682144
vt 0.924480 0.681074
vt 0.926548 0.679720
vt 0.954031 0.222345
vt 0.077185 0.691035
vt 0.072410 0.686361
vt 0.027064 0.727898
vt 0.027693 0.723777
vt 0.453939 0.958670
vt 0.539083 0.520870
vt 0.418304 0.250709
vt 0.430371 0.260219
vt 0.416887 0.258782
vt 0.837523 0.621624
vt 0.966134 0.850658
vt 0.649138 0.085030
vt 0.656033 0.073478
vt 0.656978 0.094500
vt 0.483264 0.147395
vt 0.529642 0.150349
vt 0.482733 0.151471
vt 0.197731 0.616189
vt 0.196162 0.614572
vt 0.310673 0.879774
vt 0.212408 0.030066
vt 0.018045 0.220018
vt 0.020163 0.223712
vt 0.017363 0.226952
vt 0.411271 0.073701
vt 0.196081 0.620075
vt 0.751385 0.985235
vt 0.791872 0.044726
vt 0.178984 0.058703
vt 0.194838 0.052417
vt 0.425599 0.981942
vt 0.721600 0.971993
vt 0.751385 0.766572
vt 0.324373 0.876671
vt 0.693502 0.484561
vt 0.706828 0.476526
vt 0.144178 0.476180
vt 0.135479 0.482366
vt 0.717666 0.972127
vt 0.999793 0.908233
vt 0.993878 0.917658
vt 0.985776 0.921288
vt 0.454217 0.983079
vt 0.448074 0.977792
vt 0.413599 0.083352
vt 0.025733 0.330117
vt 0.198807 0.383493
vt 0.747834 0.207863
vt 0.353294 0.748246
vt 0.347449 0.751111
vt 0.746255 0.978175
vt 0.660466 0.086356
vt 0.509018 0.227127
vt 0.951144 0.358043
vt 0.429456 0.250404
vt 0.664780 0.087341
vt 0.469066 0.857293
vt 0.637385 0.071800
vt 0.762559 0.057757
vt 0.916455 0.621613
vt 0.912021 0.633608
vt 0.365143 0.578174
vt 0.299328 0.658994
vt 0.359344 0.728179
vt 0.932172 0.706912
vt 0.820239 0.616822
vt 0.818819 0.624318
vt 0.813281 0.610400
vt 0.445852 0.969962
vt 0.841346 0.111416
vt 0.808234 0.105578
vt 0.854996 0.104588
vt 0.782858 0.038702
vt 0.814511 0.814025
vt 0.204449 0.737901
vt 0.015871 0.936569
vt 0.009718 0.934596
vt 0.009222 0.917628
vt 0.786853 0.227833
vt 0.784964 0.246141
vt 0.432634 0.857424
vt 0.283052 0.783193
vt 0.280525 0.776572
vt 0.015900 0.237969
vt 0.021947 0.240164
vt 0.016154 0.249245
vt 0.578868 0.682475
vt 0.212875 0.034805
vt 0.079377 0.703737
vt 0.573491 0.604052
vt 0.603796 0.632834
vt 0.587497 0.631907
vt 0.550864 0.193553
vt 0.552365 0.224313
vt 0.541168 0.217436
vt 0.879936 0.857729
vt 0.378480 0.967620
vt 0.946333 0.217932
vt 0.420615 0.274324
vt 0.184370 0.241755
vt 0.718473 0.960583
vt 0.646809 0.931562
vt 0.616411 0.936040
vt 0.585396 0.927730
vt 0.349672 0.899206
vt 0.442142 0.957498
vt 0.026428 0.975334
vt 0.811106 0.605616
vt 0.413743 0.090644
vt 0.786613 0.301372
vt 0.617458 0.191157
vt 0.618514 0.182556
vt 0.621455 0.184379
vt 0.578326 0.700581
vt 0.912182 0.437927
vt 0.425303 0.976197
vt 0.041208 0.408727
vt 0.031221 0.388942
vt 0.036470 0.394144
vt 0.177121 0.065628
vt 0.288939 0.140544
vt 0.719507 0.976268
vt 0.121168 0.498703
vt 0.109508 0.485009
vt 0.259377 0.764721
vt 0.100580 0.466783
vt 0.109406 0.462325
vt 0.483133 0.857802
vt 0.675264 0.179665
vt 0.660906 0.177475
vt 0.668111 0.171676
vt 0.201429 0.763821
vt 0.078755 0.073621
vt 0.748541 0.192546
vt 0.748863 0.190915
vt 0.414085 0.271500
vt 0.166946 0.698218
vt 0.613325 0.986220
vt 0.615927 0.186253
vt 0.509641 0.163467
vt 0.941661 0.244531
vt 0.799252 0.825627
vt 0.225576 0.986431
vt 0.732342 0.960395
vt 0.792110 0.038463
vt 0.198034 0.018603
vt 0.208324 0.015759
vt 0.582316 0.605354
vt 0.751559 0.975399
vt 0.769762 0.040866
vt 0.573980 0.677100
vt 0.015989 0.920430
vt 0.382746 0.923744
vt 0.371793 0.568704
vt 0.626469 0.193715
vt 0.627557 0.184898
vt 0.508796 0.225595
vt 0.344051 0.723328
vt 0.618899 0.612332
vt 0.611459 0.614788
vt 0.615036 0.607875
vt 0.434887 0.254769
vt 0.435782 0.261788
vt 0.761155 0.044505
vt 0.543241 0.648962
vt 0.529084 0.675405
vt 0.347845 0.564913
vt 0.351108 0.554878
vt 0.267930 0.867869
vt 0.194361 0.772738
vt 0.282459 0.771620
vt 0.130473 0.027030
vt 0.204682 0.217942
vt 0.856896 0.057469
vt 0.202007 0.618785
vt 0.205558 0.746421
vt 0.387661 0.368951
vt 0.041144 0.917299
vt 0.042465 0.894326
vt 0.043970 0.907400
vt 0.051092 0.003069
vt 0.066673 0.002648
vt 0.056038 0.007220
vt 0.102357 0.681567
vt 0.673243 0.088365
vt 0.073898 0.697514
vt 0.842119 0.060808
vt 0.374870 0.969684
vt 0.719266 0.672189
vt 0.727446 0.675222
vt 0.711061 0.703313
vt 0.930291 0.656437
vt 0.365343 0.731599
vt 0.104534 0.467088
vt 0.510886 0.226198
vt 0.522512 0.222503
vt 0.529875 0.232394
vt 0.510102 0.245328
vt 0.853633 0.880950
vt 0.820729 0.863229
vt 0.850199 0.873614
vt 0.520087 0.185197
vt 0.535185 0.511312
vt 0.450860 0.956538
vt 0.394998 0.375974
vt 0.337024 0.389375
vt 0.786439 0.891271
vt 0.766280 0.864487
vt 0.778291 0.871360
vt 0.881009 0.483867
vt 0.207404 0.027312
vt 0.358061 0.922851
vt 0.624134 0.178577
vt 0.622118 0.175689
vt 0.628465 0.173983
vt 0.246516 0.809954
vt 0.096711 0.667678
vt 0.095403 0.674949
vt 0.029838 0.916247
vt 0.902353 0.233905
vt 0.925061 0.217592
vt 0.923939 0.238904
vt 0.439527 0.257094
vt 0.441992 0.261811
vt 0.280863 0.768965
vt 0.632416 0.175282
vt 0.270716 0.029204
vt 0.286057 0.023764
vt 0.284632 0.029561
vt 0.034119 0.226151
vt 0.273692 0.002630
vt 0.264549 0.004242
vt 0.255027 0.003214
vt 0.355307 0.585893
vt 0.342240 0.725047
vt 0.793302 0.287767
vt 0.369642 0.964203
vt 0.287998 0.771439
vt 0.296291 0.774978
vt 0.459934 0.276197
vt 0.728130 0.962296
vt 0.391793 0.349956
vt 0.427762 0.353461
vt 0.439956 0.351243
vt 0.443745 0.354235
vt 0.023110 0.717391
vt 0.871682 0.394469
vt 0.622834 0.109412
vt 0.614796 0.113677
vt 0.577951 0.113677
vt 0.890665 0.078257
vt 0.933586 0.080675
vt 0.904091 0.081854
vt 0.865602 0.267926
vt 0.859825 0.257139
vt 0.870084 0.263254
vt 0.611611 0.608089
vt 0.692038 0.471317
vt 0.943002 0.001194
vt 0.941200 0.004493
vt 0.935320 0.002277
vt 0.225797 0.327720
vt 0.212792 0.351976
vt 0.221725 0.326150
vt 0.851173 0.020561
vt 0.846912 0.018087
vt 0.851071 0.011727
vt 0.931459 0.245685
vt 0.911600 0.466655
vt 0.502849 0.636710
vt 0.392793 0.950778
vt 0.419623 0.951692
vt 0.410708 0.956136
vt 0.872171 0.261512
vt 0.090721 0.070172
vt 0.064453 0.008153
vt 0.025565 0.916315
vt 0.034271 0.901231
vt 0.106681 0.498363
vt 0.858316 0.956415
vt 0.867182 0.951566
vt 0.881862 0.951566
vt 0.754881 0.346669
vt 0.211078 0.007625
vt 0.190984 0.007625
vt 0.202733 0.005630
vt 0.005563 0.929057
vt 0.007108 0.918301
vt 0.662309 0.170498
vt 0.740036 0.211407
vt 0.447856 0.252409
vt 0.955619 0.076272
vt 0.947070 0.080822
vt 0.942795 0.076546
vt 0.357386 0.902848
vt 0.228057 0.347960
vt 0.221765 0.346804
vt 0.841554 0.893998
vt 0.835217 0.898866
vt 0.826918 0.888702
vt 0.390359 0.042001
vt 0.376597 0.022594
vt 0.390022 0.022696
vt 0.714322 0.974770
vt 0.002916 0.387550
vt 0.002916 0.390064
vt 0.001502 0.389602
vt 0.926387 0.646549
vt 0.599552 0.607993
vt 0.229706 0.009856
vt 0.233219 0.015161
vt 0.227858 0.024928
vt 0.167599 0.311513
vt 0.287140 0.033441
vt 0.106443 0.989841
vt 0.099215 0.985690
vt 0.107644 0.979022
vt 0.663575 0.162732
vt 0.029484 0.405392
vt 0.325012 0.417501
vt 0.362109 0.465080
vt 0.741318 0.201137
vt 0.872835 0.272799
vt 0.020725 0.560656
vt 0.024027 0.578310
vt 0.018216 0.575173
vt 0.073587 0.704437
vt 0.027972 0.230645
vt 0.666180 0.100109
vt 0.607888 0.768076
vt 0.625840 0.621018
vt 0.620750 0.627310
vt 0.776588 0.497696
vt 0.028044 0.716958
vt 0.043279 0.716674
vt 0.028066 0.720336
vt 0.848666 0.009313
vt 0.335715 0.851885
vt 0.904883 0.077203
vt 0.078067 0.007218
vt 0.089806 0.004073
vt 0.097191 0.006771
vt 0.677151 0.089556
vt 0.963189 0.853815
vt 0.963739 0.851709
vt 0.541449 0.148408
vt 0.570660 0.148408
vt 0.533334 0.152733
vt 0.946193 0.205415
vt 0.951841 0.207091
vt 0.943474 0.208208
vt 0.069674 0.005445
vt 0.212278 0.025437
vt 0.445436 0.271280
vt 0.130189 0.033348
vt 0.060483 0.989266
vt 0.057638 0.992416
vt 0.050687 0.990043
vt 0.845907 0.864692
vt 0.041732 0.709434
vt 0.751579 0.781474
vt 0.733880 0.764497
vt 0.267451 0.119307
vt 0.221189 0.614783
vt 0.218955 0.623536
vt 0.075934 0.300338
vt 0.080112 0.308373
vt 0.070103 0.298558
vt 0.808996 0.585872
vt 0.021495 0.909031
vt 0.935250 0.009116
vt 0.845740 0.018948
vt 0.842288 0.003634
vt 0.845714 0.004846
vt 0.577200 0.665936
vt 0.940937 0.216334
vt 0.378854 0.734062
vt 0.578189 0.102818
vt 0.193300 0.042215
vt 0.145847 0.999447
vt 0.136708 0.993143
vt 0.136469 0.974713
vt 0.537570 0.674465
vt 0.849569 0.004966
vt 0.021231 0.899495
vt 0.023988 0.901988
vt 0.613505 0.180697
vt 0.234748 0.022720
vt 0.614828 0.655152
vt 0.749829 0.963127
vt 0.248967 0.153627
vt 0.804867 0.060292
vt 0.779122 0.066066
vt 0.787234 0.058989
vt 0.197818 0.624596
vt 0.700176 0.172662
vt 0.736180 0.163015
vt 0.751960 0.175719
vt 0.461232 0.347385
vt 0.783664 0.355256
vt 0.065882 0.094007
vt 0.668839 0.070731
vt 0.134829 0.022813
vt 0.134000 0.020653
vt 0.046516 0.899581
vt 0.849027 0.057178
vt 0.321487 0.147974
vt 0.516095 0.118058
vt 0.525996 0.118924
vt 0.515537 0.120572
vt 0.214789 0.019537
vt 0.953509 0.845411
vt 0.966176 0.809711
vt 0.211561 0.742119
vt 0.049291 0.982812
vt 0.437787 0.271518
vt 0.236000 0.467359
vt 0.364535 0.473570
vt 0.033614 0.946377
vt 0.034370 0.920735
vt 0.036148 0.939386
vt 0.608254 0.620030
vt 0.020306 0.577991
vt 0.055412 0.721101
vt 0.626137 0.172579
vt 0.375052 0.933948
vt 0.535239 0.650751
vt 0.982770 0.925514
vt 0.068976 0.982475
vt 0.070663 0.988142
vt 0.221659 0.027803
vt 0.629251 0.963867
vt 0.614198 0.968266
vt 0.607843 0.956667
vt 0.270840 0.852785
vt 0.657914 0.167343
vt 0.258747 0.047655
vt 0.260608 0.045812
vt 0.271866 0.053245
vt 0.382235 0.580518
vt 0.428901 0.279897
vt 0.208936 0.625784
vt 0.232084 0.029556
vt 0.840072 0.016197
vt 0.439859 0.063467
vt 0.433267 0.082416
vt 0.432164 0.080570
vt 0.423453 0.289485
vt 0.021741 0.912838
vt 0.025878 0.919100
vt 0.021741 0.916724
vt 0.889669 0.720338
vt 0.897428 0.713147
vt 0.895989 0.725958
vt 0.227920 0.350165
vt 0.346124 0.729817
vt 0.740329 0.479573
vt 0.729827 0.484591
vt 0.734852 0.476254
vt 0.912815 0.077089
vt 0.245785 0.791485
vt 0.860979 0.269742
vt 0.888802 0.714021
vt 0.895045 0.710288
vt 0.148733 0.980878
vt 0.864364 0.742559
vt 0.843845 0.755187
vt 0.851867 0.744257
vt 0.196168 0.012436
vt 0.196168 0.034201
vt 0.190676 0.024934
vt 0.942095 0.211185
vt 0.744025 0.228207
vt 0.434073 0.279697
vt 0.019247 0.330868
vt 0.019065 0.332762
vt 0.016909 0.332382
vt 0.502192 0.861202
vt 0.343190 0.554885
vt 0.739997 0.959873
vt 0.348474 0.551388
vt 0.349696 0.544574
vt 0.300222 0.018591
vt 0.291103 0.033798
vt 0.293656 0.016712
vt 0.250198 0.779576
vt 0.741865 0.637866
vt 0.750848 0.639092
vt 0.743933 0.642062
vt 0.629086 0.946819
vt 0.219029 0.015846
vt 0.754280 0.782915
vt 0.734530 0.623594
vt 0.740908 0.657513
vt 0.734402 0.661210
vt 0.517004 0.124222
vt 0.515595 0.122094
vt 0.540631 0.120013
vt 0.372325 0.912628
vt 0.377557 0.925463
vt 0.414316 0.278597
vt 0.804316 0.751978
vt 0.836274 0.750094
vt 0.798376 0.759296
vt 0.252040 0.744784
vt 0.246960 0.759737
vt 0.399979 0.959134
vt 0.432440 0.958880
vt 0.742132 0.472371
vt 0.747011 0.472857
vt 0.407890 0.021818
vt 0.547013 0.932862
vt 0.573248 0.930391
vt 0.548052 0.936079
vt 0.720797 0.704830
vt 0.857204 0.265378
vt 0.122903 0.379341
vt 0.127516 0.384839
vt 0.088979 0.385147
vt 0.699232 0.469745
vt 0.055734 0.916658
vt 0.022432 0.941359
vt 0.275163 0.115952
vt 0.249091 0.115967
vt 0.748967 0.874880
vt 0.754279 0.871323
vt 0.759311 0.872334
vt 0.286087 0.052160
vt 0.028933 0.896809
vt 0.853499 0.753475
vt 0.417613 0.286420
vt 0.218818 0.767620
vt 0.716190 0.475652
vt 0.238515 0.029909
vt 0.982519 0.916867
vt 0.461244 0.349859
vt 0.824986 0.572738
vt 0.952151 0.068300
vt 0.950415 0.065937
vt 0.952628 0.061109
vt 0.342038 0.770583
vt 0.335943 0.756366
vt 0.695353 0.465312
vt 0.132735 0.992528
vt 0.132563 0.970124
vt 0.246790 0.032224
vt 0.242533 0.030674
vt 0.271950 0.030613
vt 0.620529 0.167853
vt 0.029566 0.231668
vt 0.050258 0.228019
vt 0.056345 0.231971
vt 0.116222 0.377249
vt 0.938323 0.018058
vt 0.918062 0.011474
vt 0.941044 0.013863
vt 0.553684 0.228903
vt 0.676763 0.074759
vt 0.217651 0.023126
vt 0.209061 0.773272
vt 0.854398 0.269655
vt 0.038731 0.415673
vt 0.973848 0.909066
vt 0.021325 0.580729
vt 0.769949 0.873323
vt 0.011536 0.591616
vt 0.015268 0.590782
vt 0.011829 0.595743
vt 0.019336 0.603992
vt 0.023940 0.608531
vt 0.017006 0.605806
vt 0.553291 0.161010
vt 0.587366 0.069481
vt 0.588380 0.052955
vt 0.593465 0.064768
vt 0.536246 0.118402
vt 0.544817 0.666015
vt 0.589698 0.971508
vt 0.586322 0.637358
vt 0.942938 0.009007
vt 0.008865 0.577937
vt 0.803688 0.579059
vt 0.820044 0.566812
vt 0.801990 0.873176
vt 0.776317 0.864367
vt 0.027669 0.534440
vt 0.024830 0.526248
vt 0.031792 0.530019
vt 0.684455 0.462505
vt 0.559832 0.122995
vt 0.409860 0.277184
vt 0.261274 0.056213
vt 0.037887 0.890746
vt 0.030316 0.325560
vt 0.882179 0.868401
vt 0.143124 0.764370
vt 0.143265 0.803539
vt 0.139792 0.810986
vt 0.217673 0.002773
vt 0.217889 0.005168
vt 0.212126 0.004935
vt 0.398682 0.280067
vt 0.899171 0.950440
vt 0.039333 0.750990
vt 0.032930 0.725911
vt 0.043308 0.750057
vt 0.277365 0.790043
vt 0.275216 0.823958
vt 0.274630 0.814114
vt 0.040257 0.892728
vt 0.033454 0.491434
vt 0.060802 0.491434
vt 0.044364 0.498748
vt 0.293765 0.040726
vt 0.725470 0.477738
vt 0.097776 0.307112
vt 0.768433 0.520481
vt 0.739220 0.485765
vt 0.789644 0.311666
vt 0.526684 0.126477
vt 0.888054 0.384401
vt 0.803317 0.749852
vt 0.033470 0.749218
vt 0.808720 0.313681
vt 0.636314 0.159179
vt 0.655420 0.152618
vt 0.648297 0.168378
vt 0.248442 0.112451
vt 0.937331 0.216915
vt 0.938780 0.211078
vt 0.000104 0.368890
vt 0.001860 0.369530
vt 0.000848 0.378287
vt 0.348739 0.451590
vt 0.119580 0.983858
vt 0.024133 0.704751
vt 0.029050 0.693839
vt 0.031338 0.704257
vt 0.607783 0.926522
vt 0.629779 0.926503
vt 0.265057 0.033612
vt 0.857557 0.867289
vt 0.832612 0.851130
vt 0.027854 0.889674
vt 0.135577 0.791477
vt 0.392611 0.345008
vt 0.222191 0.021294
vt 0.072458 0.062589
vt 0.009939 0.325860
vt 0.754454 0.880655
vt 0.731021 0.668229
vt 0.866318 0.286585
vt 0.035592 0.527206
vt 0.937906 0.218246
vt 0.342443 0.728829
vt 0.858348 0.245486
vt 0.870240 0.232315
vt 0.000166 0.335109
vt 0.000166 0.323703
vt 0.001307 0.325524
vt 0.734161 0.471272
vt 0.792029 0.706141
vt 0.795299 0.702479
vt 0.795334 0.708877
vt 0.478988 0.994072
vt 0.463386 0.996924
vt 0.442956 0.993321
vt 0.197919 0.002507
vt 0.857841 0.005464
vt 0.962637 0.345404
vt 0.957579 0.339289
vt 0.959914 0.336323
vt 0.777946 0.081408
vt 0.114670 0.003274
vt 0.120751 0.014104
vt 0.117689 0.015254
vt 0.019048 0.594086
vt 0.431409 0.300906
vt 0.634996 0.149573
vt 0.640763 0.147286
vt 0.050746 0.724250
vt 0.047856 0.732566
vt 0.044847 0.728837
vt 0.534601 0.237117
vt 0.430860 0.962644
vt 0.783871 0.016598
vt 0.775795 0.019395
vt 0.771105 0.015460
vt 0.113432 0.020446
vt 0.851632 0.265033
vt 0.883205 0.086649
vt 0.892686 0.082227
vt 0.926319 0.083837
vt 0.883365 0.487351
vt 0.894086 0.491175
vt 0.889698 0.495610
vt 0.045789 0.905314
vt 0.054663 0.882875
vt 0.052275 0.894079
vt 0.954358 0.307681
vt 0.954358 0.252456
vt 0.956294 0.270603
vt 0.133653 0.002627
vt 0.134481 0.019786
vt 0.039717 0.845741
vt 0.044872 0.857763
vt 0.034524 0.845600
vt 0.729378 0.607833
vt 0.720988 0.629928
vt 0.714517 0.624439
vt 0.538243 0.503243
vt 0.438826 0.090164
vt 0.428228 0.087898
vt 0.011839 0.605540
vt 0.409987 0.290097
vt 0.106282 0.070791
vt 0.116335 0.090096
vt 0.112728 0.095157
vt 0.029686 0.714114
vt 0.015928 0.713672
vt 0.926943 0.082086
vt 0.946965 0.085349
vt 0.927894 0.089807
vt 0.838910 0.741931
vt 0.002358 0.315193
vt 0.002358 0.327910
vt 0.001078 0.316666
vt 0.040074 0.228435
vt 0.629316 0.632743
vt 0.669514 0.608330
vt 0.820411 0.852857
vt 0.623623 0.643434
vt 0.056282 0.725501
vt 0.054214 0.739300
vt 0.304045 0.264909
vt 0.296047 0.262760
vt 0.308442 0.249447
vt 0.123003 0.968692
vt 0.122376 0.978438
vt 0.115071 0.974841
vt 0.147522 0.084170
vt 0.121153 0.092028
vt 0.212042 0.006820
vt 0.301384 0.252304
vt 0.659443 0.153126
vt 0.622580 0.729063
vt 0.990237 0.932914
vt 0.657113 0.393197
vt 0.629986 0.380370
vt 0.629515 0.376735
vt 0.054936 0.860565
vt 0.004630 0.918363
vt 0.338554 0.582904
vt 0.069667 0.068598
vt 0.075565 0.987014
vt 0.318755 0.116571
vt 0.366076 0.116571
vt 0.347624 0.121033
vt 0.790194 0.597324
vt 0.482826 0.667251
vt 0.653112 0.147605
vt 0.499794 0.756716
vt 0.507959 0.756098
vt 0.509057 0.757970
vt 0.640827 0.315841
vt 0.663436 0.308607
vt 0.648916 0.316001
vt 0.935590 0.065463
vt 0.672578 0.456301
vt 0.996812 0.929420
vt 0.338610 0.535183
vt 0.049410 0.940410
vt 0.724837 0.482151
vt 0.718551 0.484162
vt 0.212804 0.380281
vt 0.966825 0.915051
vt 0.264502 0.425315
vt 0.278720 0.481383
vt 0.260799 0.486185
vt 0.221252 0.182487
vt 0.206153 0.159080
vt 0.207519 0.159092
vt 0.593149 0.957757
vt 0.869591 0.391647
vt 0.432077 0.954024
vt 0.585401 0.390633
vt 0.808890 0.812546
vt 0.825483 0.563890
vt 0.008951 0.596398
vt 0.092869 0.309556
vt 0.085216 0.314741
vt 0.059193 0.977638
vt 0.893862 0.671937
vt 0.906991 0.672202
vt 0.901945 0.681465
vt 0.853256 0.016706
vt 0.853317 0.007244
vt 0.679748 0.071071
vt 0.796617 0.699394
vt 0.619907 0.165881
vt 0.638684 0.162201
vt 0.664922 0.212833
vt 0.653621 0.193860
vt 0.669155 0.196679
vt 0.560099 0.230608
vt 0.093075 0.312575
vt 0.088460 0.318032
vt 0.758102 0.018759
vt 0.838664 0.264565
vt 0.244893 0.847361
vt 0.953364 0.072004
vt 0.955163 0.074376
vt 0.920635 0.073704
vt 0.059855 0.632890
vt 0.058072 0.643004
vt 0.057936 0.608836
vt 0.931092 0.227777
vt 0.768945 0.361323
vt 0.838435 0.252810
vt 0.901144 0.489180
vt 0.108180 0.091367
vt 0.543753 0.517666
vt 0.812700 0.278366
vt 0.753158 0.669975
vt 0.051130 0.509360
vt 0.064561 0.503861
vt 0.055124 0.516630
vt 0.799117 0.554867
vt 0.789921 0.572657
vt 0.885601 0.957758
vt 0.849618 0.435912
vt 0.847116 0.446112
vt 0.846144 0.442400
vt 0.022218 0.523561
vt 0.060416 0.014088
vt 0.045014 0.020423
vt 0.052502 0.012980
vt 0.046108 0.736240
vt 0.045864 0.748796
vt 0.935580 0.059153
vt 0.582775 0.057229
vt 0.140111 0.120379
vt 0.137330 0.155357
vt 0.136094 0.127515
vt 0.152772 0.557585
vt 0.160924 0.553784
vt 0.160368 0.604292
vt 0.386745 0.356172
vt 0.317231 0.356172
vt 0.335934 0.352714
vt 0.608117 0.934861
vt 0.790982 0.587791
vt 0.009331 0.592448
vt 0.560151 0.118293
vt 0.044219 0.977966
vt 0.933939 0.010416
vt 0.739427 0.163929
vt 0.769238 0.163650
vt 0.767316 0.167435
vt 0.118811 0.018731
vt 0.689636 0.459168
vt 0.563992 0.127893
vt 0.122084 0.990561
vt 0.246836 0.873298
vt 0.238277 0.868543
vt 0.238717 0.863969
vt 0.037549 0.721764
vt 0.221297 0.139064
vt 0.608011 0.950385
vt 0.360541 0.588756
vt 0.062260 0.015820
vt 0.439040 0.919977
vt 0.464611 0.916737
vt 0.475713 0.917768
vt 0.656306 0.296069
vt 0.707444 0.623152
vt 0.809144 0.069027
vt 0.814854 0.056213
vt 0.814861 0.067772
vt 0.640308 0.192945
vt 0.034086 0.888788
vt 0.079378 0.213175
vt 0.073788 0.184204
vt 0.079378 0.198738
vt 0.992514 0.905967
vt 0.992321 0.882045
vt 0.996726 0.881600
vt 0.523117 0.876104
vt 0.074181 0.220803
vt 0.015263 0.798411
vt 0.016647 0.814234
vt 0.015429 0.823582
vt 0.110388 0.977702
vt 0.056983 0.640331
vt 0.346529 0.585765
vt 0.631353 0.362106
vt 0.634825 0.359380
vt 0.858189 0.168254
vt 0.867453 0.165542
vt 0.910098 0.169273
vt 0.214912 0.632991
vt 0.587558 0.388176
vt 0.711304 0.590646
vt 0.093414 0.970720
vt 0.365392 0.590970
vt 0.106947 0.116249
vt 0.053826 0.021466
vt 0.898025 0.776293
vt 0.913355 0.783585
vt 0.905450 0.785346
vt 0.655486 0.235533
vt 0.651457 0.229193
vt 0.656586 0.227918
vt 0.040596 0.071266
vt 0.038682 0.053938
vt 0.042034 0.051712
vt 0.032647 0.238401
vt 0.415011 0.382287
vt 0.435139 0.378559
vt 0.440926 0.379037
vt 0.236375 0.777326
vt 0.243937 0.772498
vt 0.793991 0.856875
vt 0.431100 0.950124
vt 0.649153 0.773885
vt 0.644732 0.813194
vt 0.636017 0.773876
vt 0.035647 0.232836
vt 0.005099 0.764615
vt 0.006715 0.760177
vt 0.022392 0.764422
vt 0.474374 0.992767
vt 0.989147 0.942946
vt 0.025270 0.246319
vt 0.035593 0.238327
vt 0.122432 0.018086
vt 0.608546 0.534638
vt 0.607361 0.524979
vt 0.611583 0.521446
vt 0.675320 0.991369
vt 0.651108 0.991535
vt 0.674855 0.987588
vt 0.615738 0.379196
vt 0.906833 0.678330
vt 0.762014 0.783661
vt 0.755783 0.012449
vt 0.755783 0.029279
vt 0.746426 0.026281
vt 0.259846 0.984068
vt 0.254057 0.975669
vt 0.259513 0.978417
vt 0.077684 0.318603
vt 0.798391 0.585765
vt 0.717018 0.955460
vt 0.716037 0.959120
vt 0.676698 0.958233
vt 0.617593 0.532804
vt 0.646686 0.284392
vt 0.672484 0.289883
vt 0.801057 0.813367
vt 0.660093 0.313961
vt 0.199781 0.364597
vt 0.183772 0.315325
vt 0.219272 0.326926
vt 0.831208 0.264940
vt 0.238047 0.003283
vt 0.227497 0.004787
vt 0.219404 0.002577
vt 0.214159 0.355103
vt 0.038782 0.521357
vt 0.606478 0.869227
vt 0.643381 0.829006
vt 0.536375 0.129856
vt 0.744839 0.465057
vt 0.903395 0.765321
vt 0.910875 0.775381
vt 0.907449 0.773821
vt 0.819356 0.746273
vt 0.509472 0.763628
vt 0.513042 0.758463
vt 0.519440 0.769566
vt 0.984061 0.949891
vt 0.652280 0.984812
vt 0.673805 0.984411
vt 0.591794 0.946018
vt 0.999459 0.902962
vt 0.999161 0.882139
vt 0.939517 0.803836
vt 0.937234 0.826308
vt 0.935299 0.814716
vt 0.243216 0.984478
vt 0.249898 0.988463
vt 0.238793 0.991593
vt 0.898364 0.503958
vt 0.903988 0.498419
vt 0.906941 0.500970
vt 0.333277 0.977361
vt 0.301976 0.979843
vt 0.301729 0.976466
vt 0.098085 0.309239
vt 0.832367 0.046339
vt 0.834941 0.052908
vt 0.828660 0.050546
vt 0.957053 0.117127
vt 0.911872 0.117127
vt 0.937094 0.106732
vt 0.056189 0.819220
vt 0.056189 0.784609
vt 0.063595 0.805085
vt 0.064571 0.729184
vt 0.064571 0.764188
vt 0.058158 0.762239
vt 0.758168 0.865055
vt 0.249988 0.981539
vt 0.795294 0.058790
vt 0.794773 0.049009
vt 0.807189 0.038730
vt 0.140346 0.167299
vt 0.735169 0.683221
vt 0.947029 0.335114
vt 0.943368 0.317721
vt 0.129953 0.971261
vt 0.758112 0.788240
vt 0.780518 0.056049
vt 0.512940 0.752597
vt 0.780781 0.348148
vt 0.724722 0.636046
vt 0.270519 0.061643
vt 0.719652 0.499026
vt 0.584486 0.147777
vt 0.241226 0.785351
vt 0.234391 0.785462
vt 0.235729 0.781782
vt 0.974152 0.599574
vt 0.988040 0.621627
vt 0.973756 0.614429
vt 0.997451 0.934651
vt 0.997793 0.937096
vt 0.377621 0.010434
vt 0.396101 0.012966
vt 0.385402 0.016963
vt 0.372178 0.340054
vt 0.912284 0.778225
vt 0.800081 0.315693
vt 0.779437 0.316101
vt 0.759082 0.314320
vt 0.316808 0.406391
vt 0.338606 0.393805
vt 0.392078 0.402350
vt 0.728862 0.471552
vt 0.010259 0.516128
vt 0.015310 0.507765
vt 0.014224 0.517815
vt 0.928409 0.238302
vt 0.208853 0.150130
vt 0.957365 0.322495
vt 0.034841 0.237319
vt 0.985505 0.178931
vt 0.994412 0.185134
vt 0.977235 0.176485
vt 0.214119 0.640132
vt 0.107915 0.548476
vt 0.100247 0.562143
vt 0.093331 0.553415
vt 0.803885 0.055774
vt 0.812907 0.303399
vt 0.055340 0.914376
vt 0.106728 0.565642
vt 0.037857 0.075544
vt 0.238223 0.770383
vt 0.235053 0.774880
vt 0.769591 0.307365
vt 0.667099 0.223711
vt 0.657633 0.217342
vt 0.819913 0.854733
vt 0.814772 0.879557
vt 0.803508 0.880611
vt 0.858478 0.170145
vt 0.906179 0.494184
vt 0.093502 0.262543
vt 0.089564 0.262416
vt 0.096624 0.244651
vt 0.764417 0.857743
vt 0.952947 0.090717
vt 0.040058 0.863332
vt 0.816414 0.251244
vt 0.064452 0.516301
vt 0.414829 0.096573
vt 0.077602 0.404339
vt 0.092998 0.395738
vt 0.114347 0.391973
vt 0.234851 0.779505
vt 0.493660 0.023547
vt 0.472337 0.023772
vt 0.466085 0.022625
vt 0.592206 0.038521
vt 0.107581 0.545307
vt 0.108533 0.515267
vt 0.111194 0.538900
vt 0.785289 0.854408
vt 0.812094 0.806559
vt 0.993821 0.076507
vt 0.996717 0.073963
vt 0.996625 0.079786
vt 0.318383 0.099180
vt 0.315693 0.117061
vt 0.306065 0.126689
vt 0.036109 0.709074
vt 0.479640 0.652375
vt 0.907060 0.791557
vt 0.900859 0.788620
vt 0.055828 0.755868
vt 0.975350 0.558103
vt 0.973352 0.531019
vt 0.976516 0.531526
vt 0.791694 0.354203
vt 0.067354 0.309508
vt 0.317722 0.252322
vt 0.309933 0.257353
vt 0.152855 0.569177
vt 0.159236 0.614925
vt 0.152928 0.619335
vt 0.338934 0.724707
vt 0.217931 0.099234
vt 0.174889 0.103000
vt 0.171367 0.098277
vt 0.991902 0.999343
vt 0.962934 0.999343
vt 0.989007 0.996239
vt 0.528794 0.169204
vt 0.990504 0.605245
vt 0.758130 0.795158
vt 0.975535 0.181814
vt 0.361954 0.020103
vt 0.366885 0.016345
vt 0.371968 0.021085
vt 0.222027 0.965757
vt 0.240315 0.985469
vt 0.223628 0.984066
vt 0.239832 0.787731
vt 0.740925 0.687911
vt 0.791503 0.670820
vt 0.817348 0.060712
vt 0.055091 0.935907
vt 0.258582 0.966954
vt 0.040635 0.073268
vt 0.036580 0.097114
vt 0.035948 0.086147
vt 0.486315 0.384290
vt 0.458883 0.374663
vt 0.135059 0.143099
vt 0.782663 0.363178
vt 0.112622 0.568182
vt 0.455704 0.339819
vt 0.034709 0.321878
vt 0.025805 0.315383
vt 0.029193 0.304439
vt 0.768319 0.550280
vt 0.997926 0.947381
vt 0.583430 0.666993
vt 0.752538 0.866044
vt 0.373931 0.021577
vt 0.368828 0.014260
vt 0.369873 0.008334
vt 0.827159 0.804204
vt 0.095541 0.242137
vt 0.688116 0.988436
vt 0.120112 0.555875
vt 0.207892 0.758221
vt 0.219458 0.752324
vt 0.215700 0.758530
vt 0.793392 0.044770
vt 0.317766 0.143825
vt 0.136171 0.164789
vt 0.998653 0.081801
vt 0.735102 0.492043
vt 0.632686 0.201029
vt 0.742570 0.194269
vt 0.030974 0.877031
vt 0.353666 0.595079
vt 0.101249 0.404289
vt 0.083809 0.319325
vt 0.218507 0.004237
vt 0.998866 0.070741
vt 0.897302 0.499920
vt 0.810928 0.033835
vt 0.209786 0.646920
vt 0.263731 0.060282
vt 0.928891 0.216046
vt 0.769508 0.060986
vt 0.810736 0.032030
vt 0.475362 0.915526
vt 0.173892 0.155503
vt 0.660090 0.811415
vt 0.930602 0.807574
vt 0.911131 0.807109
vt 0.919994 0.803796
vt 0.025915 0.324408
vt 0.081605 0.319948
vt 0.248814 0.057590
vt 0.262030 0.062174
vt 0.245784 0.060581
vt 0.097934 0.261646
vt 0.342445 0.616511
vt 0.348217 0.606895
vt 0.349309 0.613264
vt 0.735961 0.198960
vt 0.737865 0.195566
vt 0.477957 0.347974
vt 0.738350 0.677172
vt 0.444162 0.375084
vt 0.800273 0.841439
vt 0.128000 0.983315
vt 0.340223 0.614158
vt 0.896944 0.813893
vt 0.906034 0.805794
vt 0.091098 0.391930
vt 0.789734 0.163183
vt 0.782480 0.167667
vt 0.027768 0.514177
vt 0.091261 0.223466
vt 0.367759 0.348362
vt 0.350280 0.593888
vt 0.643540 0.222289
vt 0.137786 0.621173
vt 0.099328 0.625361
vt 0.115495 0.621173
vt 0.968982 0.084235
vt 0.736609 0.192873
vt 0.741198 0.189177
vt 0.273459 0.825082
vt 0.337942 0.575058
vt 0.817297 0.799689
vt 0.103367 0.245559
vt 0.846393 0.758593
vt 0.739199 0.671251
vt 0.222132 0.760672
vt 0.040833 0.022366
vt 0.731531 0.202618
vt 0.207883 0.148794
vt 0.537978 0.636566
vt 0.037495 0.045222
vt 0.731000 0.210396
vt 0.160842 0.612839
vt 0.889509 0.707375
vt 0.291081 0.037373
vt 0.082741 0.535174
vt 0.080172 0.545828
vt 0.049807 0.537285
vt 0.518192 0.756319
vt 0.758391 0.315922
vt 0.106665 0.499367
vt 0.109212 0.507110
vt 0.107704 0.508538
vt 0.996642 0.869998
vt 0.231587 0.865667
vt 0.825697 0.054631
vt 0.041235 0.722527
vt 0.097415 0.569119
vt 0.342888 0.597486
vt 0.796519 0.684371
vt 0.637115 0.485293
vt 0.625067 0.486089
vt 0.627613 0.481826
vt 0.772323 0.171320
vt 0.959004 0.700660
vt 0.961958 0.666903
vt 0.961284 0.711595
vt 0.111117 0.507526
vt 0.689121 0.638581
vt 0.688748 0.640490
vt 0.684372 0.639099
vt 0.997934 0.199912
vt 0.981382 0.201632
vt 0.979694 0.198367
vt 0.992195 0.869017
vt 0.913088 0.678101
vt 0.907506 0.681734
vt 0.277802 0.866805
vt 0.273008 0.841109
vt 0.641306 0.226823
vt 0.690842 0.636925
vt 0.701510 0.643036
vt 0.429865 0.956628
vt 0.937913 0.805317
vt 0.929563 0.796379
vt 0.400975 0.021310
vt 0.322754 0.244555
vt 0.111303 0.517238
vt 0.898112 0.805263
vt 0.053044 0.522361
vt 0.543189 0.645399
vt 0.716655 0.636967
vt 0.713075 0.627299
vt 0.273609 0.031140
vt 0.805884 0.804155
vt 0.679755 0.311436
vt 0.235476 0.860795
vt 0.801085 0.845307
vt 0.783641 0.845155
vt 0.802652 0.018504
vt 0.805882 0.004078
vt 0.807068 0.011331
vt 0.905531 0.163679
vt 0.381287 0.337601
vt 0.616329 0.521442
vt 0.997069 0.204103
vt 0.683278 0.082217
vt 0.686173 0.099702
vt 0.672666 0.107500
vt 0.802923 0.004260
vt 0.070949 0.545547
vt 0.822181 0.051760
vt 0.809829 0.807056
vt 0.300346 0.240684
vt 0.226864 0.726105
vt 0.232928 0.742577
vt 0.616558 0.509971
vt 0.622272 0.512091
vt 0.610666 0.517204
vt 0.626985 0.508851
vt 0.620659 0.510351
vt 0.233414 0.715448
vt 0.711020 0.465519
vt 0.706390 0.629278
vt 0.209351 0.379250
vt 0.622286 0.513882
vt 0.705270 0.285714
vt 0.889291 0.104283
vt 0.935943 0.105921
vt 0.894668 0.113764
vt 0.198018 0.646923
vt 0.940086 0.322919
vt 0.566702 0.994499
vt 0.566900 0.992763
vt 0.575883 0.995456
vt 0.468113 0.342630
vt 0.127051 0.138962
vt 0.127051 0.185535
vt 0.116445 0.151702
vt 0.237217 0.991042
vt 0.672947 0.213384
vt 0.684211 0.211430
vt 0.685087 0.217557
vt 0.702726 0.645732
vt 0.093240 0.025348
vt 0.066308 0.025858
vt 0.087186 0.022484
vt 0.962813 0.605593
vt 0.755070 0.798712
vt 0.294607 0.976670
vt 0.602399 0.162996
vt 0.526104 0.919880
vt 0.524145 0.164670
vt 0.843598 0.451134
vt 0.905909 0.767450
vt 0.914698 0.765012
vt 0.656337 0.232002
vt 0.660220 0.231768
vt 0.913370 0.114176
vt 0.958951 0.185813
vt 0.824334 0.046851
vt 0.636492 0.489817
vt 0.218726 0.875395
vt 0.131700 0.629686
vt 0.448062 0.333050
vt 0.468056 0.341379
vt 0.069393 0.022252
vt 0.311536 0.236626
vt 0.748149 0.692113
vt 0.632300 0.225499
vt 0.335334 0.235633
vt 0.323201 0.234138
vt 0.330536 0.231588
vt 0.020775 0.319307
vt 0.717197 0.653542
vt 0.937250 0.863812
vt 0.893923 0.676729
vt 0.115480 0.546474
vt 0.999306 0.099117
vt 0.695304 0.014515
vt 0.672656 0.010522
vt 0.695990 0.011166
vt 0.307752 0.232147
vt 0.132988 0.964225
vt 0.943026 0.332337
vt 0.379478 0.021967
vt 0.495655 0.351631
vt 0.483727 0.347815
vt 0.934761 0.308499
vt 0.230256 0.857436
vt 0.804762 0.796164
vt 0.334249 0.240586
vt 0.798295 0.894785
vt 0.787689 0.889228
vt 0.185536 0.034206
vt 0.165407 0.030648
vt 0.179592 0.024694
vt 0.795212 0.636729
vt 0.794695 0.657097
vt 0.668056 0.231926
vt 0.045336 0.515522
vt 0.045528 0.521270
vt 0.481538 0.909674
vt 0.700335 0.639184
vt 0.612450 0.985496
vt 0.609680 0.987820
vt 0.575571 0.987995
vt 0.745529 0.696832
vt 0.891102 0.678802
vt 0.753512 0.858846
vt 0.367144 0.003952
vt 0.466955 0.024503
vt 0.459596 0.373196
vt 0.928658 0.789922
vt 0.273725 0.991930
vt 0.039878 0.103953
vt 0.131519 0.871287
vt 0.127665 0.858478
vt 0.130651 0.859266
vt 0.033409 0.514473
vt 0.703409 0.634480
vt 0.980532 0.204569
vt 0.102093 0.574264
vt 0.997971 0.869257
vt 0.903456 0.682462
vt 0.732150 0.198480
vt 0.519985 0.739811
vt 0.517250 0.738811
vt 0.523749 0.737926
vt 0.143852 0.786387
vt 0.146281 0.788418
vt 0.144851 0.810902
vt 0.756230 0.686603
vt 0.487482 0.632459
vt 0.900761 0.491744
vt 0.698306 0.632224
vt 0.707139 0.653894
vt 0.269327 0.492211
vt 0.993400 0.047203
vt 0.997334 0.069511
vt 0.993338 0.075527
vt 0.702447 0.460704
vt 0.217133 0.864196
vt 0.811878 0.794837
vt 0.518217 0.747397
vt 0.522826 0.749811
vt 0.722887 0.463204
vt 0.666330 0.512936
vt 0.660614 0.514295
vt 0.658641 0.504202
vt 0.940071 0.794482
vt 0.474871 0.652040
vt 0.470122 0.644191
vt 0.602174 0.993791
vt 0.781158 0.171769
vt 0.773546 0.176532
vt 0.548410 0.660940
vt 0.677296 0.225059
vt 0.904128 0.705988
vt 0.235407 0.769088
vt 0.526042 0.756642
vt 0.983719 0.625294
vt 0.022786 0.516351
vt 0.234172 0.053447
vt 0.245657 0.052625
vt 0.739086 0.463171
vt 0.900225 0.046308
vt 0.879994 0.048078
vt 0.867571 0.045687
vt 0.962368 0.630794
vt 0.144959 0.761999
vt 0.916778 0.780136
vt 0.671531 0.101846
vt 0.977835 0.514397
vt 0.533540 0.162833
vt 0.521800 0.754784
vt 0.373720 0.006896
vt 0.889089 0.681915
vt 0.628736 0.215920
vt 0.171764 0.022241
vt 0.918948 0.770535
vt 0.627828 0.228284
vt 0.617809 0.216704
vt 0.779746 0.828658
vt 0.770799 0.823135
vt 0.762534 0.804850
vt 0.643966 0.117230
vt 0.635359 0.126687
vt 0.631742 0.114513
vt 0.747216 0.860751
vt 0.970353 0.633810
vt 0.894662 0.501052
vt 0.214490 0.733549
vt 0.631607 0.518826
vt 0.533958 0.155361
vt 0.540031 0.767916
vt 0.978011 0.204676
vt 0.909295 0.491062
vt 0.907208 0.491495
vt 0.904157 0.489930
vt 0.541495 0.634477
vt 0.545296 0.638668
vt 0.976050 0.628906
vt 0.789539 0.165496
vt 0.548138 0.641342
vt 0.672198 0.013476
vt 0.121691 0.551284
vt 0.735511 0.307799
vt 0.837829 0.451827
vt 0.796966 0.837369
vt 0.998723 0.323400
vt 0.978289 0.313327
vt 0.999897 0.305937
vt 0.603492 0.493081
vt 0.016256 0.523602
vt 0.926765 0.238996
vt 0.650265 0.500278
vt 0.666906 0.238447
vt 0.662468 0.243111
vt 0.535110 0.784619
vt 0.164489 0.019795
vt 0.914952 0.486348
vt 0.989285 0.307606
vt 0.773238 0.845128
vt 0.974806 0.514062
vt 0.937075 0.785430
vt 0.704919 0.308352
vt 0.789757 0.898219
vt 0.559079 0.654439
vt 0.976497 0.632053
vt 0.786069 0.895440
vt 0.752520 0.693285
vt 0.753262 0.698802
vt 0.020029 0.522060
vt 0.630958 0.528987
vt 0.621543 0.559777
vt 0.913624 0.756808
vt 0.919643 0.764782
vt 0.903132 0.699223
vt 0.681240 0.480796
vt 0.065404 0.138753
vt 0.066721 0.107581
vt 0.075151 0.135195
vt 0.035891 0.533915
vt 0.044630 0.521917
vt 0.050494 0.534048
vt 0.329077 0.242788
vt 0.233580 0.048996
vt 0.724603 0.198291
vt 0.521401 0.730510
vt 0.536682 0.736810
vt 0.763165 0.675076
vt 0.894712 0.702485
vt 0.791255 0.166501
vt 0.985431 0.627207
vt 0.995623 0.613179
vt 0.999351 0.629825
vt 0.907415 0.482627
vt 0.670775 0.645420
vt 0.897107 0.508072
vt 0.081418 0.528539
vt 0.117828 0.857280
vt 0.135550 0.839570
vt 0.980170 0.638362
vt 0.463593 0.640680
vt 0.888334 0.698760
vt 0.845932 0.468267
vt 0.844013 0.460011
vt 0.809119 0.887643
vt 0.919410 0.778186
vt 0.352383 0.608883
vt 0.794309 0.670828
vt 0.544269 0.776892
vt 0.242519 0.066051
vt 0.225943 0.057389
vt 0.897986 0.689261
vt 0.093704 0.577429
vt 0.844750 0.435128
vt 0.803103 0.826939
vt 0.611268 0.124753
vt 0.617200 0.131400
vt 0.977941 0.636547
vt 0.330019 0.023348
vt 0.322659 0.014978
vt 0.335292 0.018254
vt 0.371084 0.335500
vt 0.730300 0.462878
vt 0.637785 0.531473
vt 0.631028 0.553772
vt 0.819679 0.794401
vt 0.801118 0.768849
vt 0.807310 0.788219
vt 0.865264 0.017745
vt 0.865264 0.033311
vt 0.862277 0.017859
vt 0.925778 0.780399
vt 0.594642 0.123488
vt 0.606521 0.121097
vt 0.031449 0.506607
vt 0.971110 0.521707
vt 0.731777 0.661690
vt 0.630301 0.508977
vt 0.327823 0.229827
vt 0.116633 0.579183
vt 0.815693 0.777123
vt 0.071966 0.336198
vt 0.334208 0.023832
vt 0.048177 0.527792
vt 0.816067 0.457267
vt 0.837023 0.459135
vt 0.328606 0.034358
vt 0.629396 0.539131
vt 0.602037 0.126198
vt 0.026874 0.508443
vt 0.892272 0.695071
vt 0.024335 0.530526
vt 0.622758 0.140324
vt 0.826854 0.890973
vt 0.646593 0.494403
vt 0.634734 0.498797
vt 0.335374 0.229646
vt 0.643327 0.137155
vt 0.637233 0.142846
vt 0.103015 0.578971
vt 0.878542 0.675578
vt 0.296069 0.224824
vt 0.907974 0.696844
vt 0.777140 0.835402
vt 0.245495 0.048769
vt 0.871398 0.669231
vt 0.234620 0.046369
vt 0.762021 0.843727
vt 0.630107 0.135493
vt 0.318131 0.217604
vt 0.922713 0.771630
vt 0.880295 0.678468
vt 0.744036 0.458626
vt 0.320665 0.218554
vt 0.310908 0.216713
vt 0.648105 0.499879
vt 0.917391 0.753117
vt 0.312061 0.206686
vt 0.554847 0.636661
vt 0.604298 0.131528
vt 0.541888 0.728885
vt 0.664947 0.245445
vt 0.044924 0.750342
vt 0.051265 0.751095
vt 0.051182 0.755986
vt 0.065239 0.526398
vt 0.827958 0.908857
vt 0.819725 0.904238
vt 0.728126 0.456761
vt 0.106980 0.431026
vt 0.099329 0.435329
vt 0.106729 0.419417
vt 0.518912 0.716942
vt 0.143822 0.835507
vt 0.839484 0.459137
vt 0.687962 0.407393
vt 0.701430 0.406547
vt 0.751129 0.432972
vt 0.563534 0.797227
vt 0.299693 0.233785
vt 0.216949 0.085288
vt 0.203597 0.062162
vt 0.219825 0.057578
vt 0.321358 0.211433
vt 0.936017 0.760459
vt 0.879512 0.684691
vt 0.345971 0.013261
vt 0.717615 0.674018
vt 0.090220 0.433472
vt 0.746525 0.426299
vt 0.654544 0.100715
vt 0.821902 0.924141
vt 0.547801 0.730524
vt 0.788461 0.924354
vt 0.781762 0.910785
vt 0.036963 0.760442
vt 0.046297 0.773710
vt 0.038926 0.774377
vt 0.023955 0.503152
vt 0.028865 0.502379
vt 0.555777 0.646588
vt 0.607627 0.143684
vt 0.705358 0.668218
vt 0.605771 0.137792
vt 0.280038 0.213834
vt 0.042064 0.759102
vt 0.977502 0.319051
vt 0.685182 0.114151
vt 0.288051 0.216158
vt 0.895792 0.693353
vt 0.625464 0.151705
vt 0.273559 0.062465
vt 0.265915 0.078857
vt 0.244650 0.064542
vt 0.231206 0.062581
vt 0.752708 0.825943
vt 0.048365 0.763241
vt 0.840132 0.467164
vt 0.101661 0.586564
vt 0.425929 0.001702
vt 0.425852 0.012044
vt 0.423287 0.002664
vt 0.642251 0.113027
vt 0.980161 0.646376
vt 0.632727 0.145513
vt 0.838450 0.015109
vt 0.829689 0.016831
vt 0.833619 0.007433
vt 0.502441 0.410169
vt 0.507146 0.414977
vt 0.498196 0.416859
vt 0.036986 0.777037
vt 0.845347 0.725130
vt 0.842146 0.730745
vt 0.838029 0.725217
vt 0.282105 0.079411
vt 0.976718 0.323420
vt 0.185182 0.057569
vt 0.844189 0.718173
vt 0.837332 0.716697
vt 0.843187 0.713660
vt 0.122054 0.830084
vt 0.330224 0.209725
vt 0.343919 0.228683
vt 0.101358 0.448144
vt 0.540464 0.713093
vt 0.324947 0.205391
vt 0.633518 0.499266
vt 0.982533 0.306423
vt 0.078909 0.103270
vt 0.078926 0.121107
vt 0.106150 0.445485
vt 0.827473 0.469405
vt 0.815885 0.746127
vt 0.797092 0.730156
vt 0.829156 0.737198
vt 0.723662 0.181710
vt 0.420413 0.002392
vt 0.695176 0.397170
vt 0.720046 0.407231
vt 0.893129 0.013839
vt 0.896268 0.013839
vt 0.894064 0.021507
vt 0.685918 0.000131
vt 0.685869 0.008790
vt 0.683465 0.010178
vt 0.835511 0.018558
vt 0.087152 0.479564
vt 0.079407 0.477606
vt 0.074662 0.469871
vt 0.523508 0.688854
vt 0.841810 0.710481
vt 0.510318 0.685348
vt 0.090733 0.438185
vt 0.218188 0.556382
vt 0.212024 0.567414
vt 0.215122 0.543632
vt 0.641169 0.549741
vt 0.835841 0.024476
vt 0.694542 0.009986
vt 0.651799 0.145612
vt 0.514742 0.441264
vt 0.509436 0.435252
vt 0.600397 0.133179
vt 0.617985 0.144156
vt 0.712375 0.181745
vt 0.648444 0.557637
vt 0.439202 0.027491
vt 0.411475 0.020116
vt 0.435166 0.017613
vt 0.563454 0.647116
vt 0.830155 0.716134
vt 0.093235 0.451214
vt 0.424289 0.033853
vt 0.424451 0.031009
vt 0.072219 0.475079
vt 0.492333 0.410486
vt 0.052468 0.769593
vt 0.564496 0.653525
vt 0.834994 0.702793
vt 0.845288 0.699986
vt 0.842432 0.474301
vt 0.599356 0.136454
vt 0.087713 0.927450
vt 0.081394 0.924546
vt 0.080331 0.913196
vt 0.107315 0.458344
vt 0.122341 0.680248
vt 0.131279 0.679624
vt 0.116928 0.692127
vt 0.143831 0.826308
vt 0.559147 0.711444
vt 0.710042 0.190058
vt 0.640544 0.517051
vt 0.013019 0.129935
vt 0.003739 0.146065
vt 0.003471 0.128251
vt 0.016295 0.868299
vt 0.019507 0.868040
vt 0.018721 0.889691
vt 0.708270 0.698504
vt 0.652473 0.541730
vt 0.654075 0.536982
vt 0.055791 0.756891
vt 0.087580 0.448465
vt 0.065482 0.992086
vt 0.094937 0.999354
vt 0.070224 0.998070
vt 0.222950 0.062260
vt 0.234416 0.077377
vt 0.224004 0.068398
vt 0.055821 0.781813
vt 0.563906 0.632400
vt 0.564431 0.636061
vt 0.117728 0.694727
vt 0.810507 0.689165
vt 0.055338 0.767159
vt 0.024888 0.008168
vt 0.019405 0.005463
vt 0.028311 0.002632
vt 0.134645 0.682123
vt 0.135527 0.697068
vt 0.796469 0.712513
vt 0.958866 0.307208
vt 0.047562 0.778234
vt 0.053742 0.478740
vt 0.226436 0.064449
vt 0.768592 0.401817
vt 0.093078 0.518654
vt 0.092436 0.528325
vt 0.084400 0.534997
vt 0.849148 0.478370
vt 0.839999 0.490280
vt 0.942615 0.583526
vt 0.943782 0.579874
vt 0.947074 0.593693
vt 0.010494 0.712025
vt 0.020375 0.706455
vt 0.014352 0.713280
vt 0.016535 0.126886
vt 0.010289 0.139003
vt 0.016656 0.145802
vt 0.841129 0.490962
vt 0.126540 0.710213
vt 0.653074 0.548963
vt 0.835040 0.712422
vt 0.813820 0.993474
vt 0.809646 0.996976
vt 0.809843 0.987806
vt 0.835934 0.484411
vt 0.071874 0.474731
vt 0.823747 0.700216
vt 0.003680 0.712079
vt 0.809903 0.700077
vt 0.809384 0.695473
vt 0.572960 0.642468
vt 0.456784 0.397224
vt 0.061854 0.615898
vt 0.056457 0.601792
vt 0.059734 0.593705
vt 0.010472 0.003082
vt 0.580590 0.643540
vt 0.822515 0.706373
vt 0.654185 0.558918
vt 0.653893 0.551942
vt 0.621152 0.164819
vt 0.559188 0.657854
vt 0.061314 0.581942
vt 0.827424 0.493752
vt 0.081207 0.944827
vt 0.138966 0.697534
vt 0.076817 0.987736
vt 0.092211 0.933110
vt 0.090901 0.949368
vt 0.084797 0.949518
vt 0.986148 0.977050
vt 0.956905 0.978258
vt 0.976646 0.976424
vt 0.194196 0.067483
vt 0.196745 0.070332
vt 0.176804 0.078108
vt 0.803432 0.684460
vt 0.075465 0.929691
vt 0.073889 0.949838
vt 0.179977 0.067496
vt 0.155477 0.082613
vt 0.130283 0.082173
vt 0.157204 0.101871
vt 0.802778 0.685317
vt 0.079725 0.531827
vt 0.196829 0.070966
vt 0.227335 0.102057
vt 0.689153 0.559060
vt 0.684567 0.565959
vt 0.674283 0.563235
vt 0.831672 0.502035
vt 0.660722 0.518743
vt 0.959614 0.975105
vt 0.796283 0.677535
vt 0.098402 0.996040
vt 0.652949 0.512920
vt 0.002773 0.365727
vt 0.001414 0.364880
vt 0.000691 0.357539
vt 0.411068 0.016256
vt 0.071747 0.946497
vt 0.082948 0.983082
vt 0.099372 0.991030
vt 0.952328 0.595814
vt 0.946069 0.618305
vt 0.659735 0.533237
vt 0.657530 0.545569
vt 0.686182 0.498842
vt 0.673372 0.531135
vt 0.666206 0.549072
vt 0.659930 0.561547
vt 0.949361 0.623031
vt 0.100448 0.988282
vt 0.086989 0.554386
vt 0.015349 0.886184
vt 0.000172 0.368038
vt 0.435534 0.016220
vt 0.226857 0.061910
vt 0.260135 0.076554
vt 0.219492 0.067177
vt 0.193456 0.066427
vt 0.041163 0.950507
vt 0.041163 0.981115
vt 0.035911 0.950574
vt 0.583205 0.316345
vt 0.543644 0.320973
vt 0.545364 0.316501
vt 0.124140 0.715366
vt 0.120786 0.713710
vt 0.084153 0.554002
vt 0.688608 0.539986
vt 0.516451 0.314275
vt 0.542371 0.318767
vt 0.199208 0.076551
vt 0.176976 0.086784
vt 0.092557 0.982482
vt 0.134960 0.726365
vt 0.942878 0.638094
vt 0.037376 0.981256
vt 0.219799 0.529280
vt 0.958119 0.586246
vt 0.961984 0.608166
vt 0.957997 0.630740
vt 0.091704 0.555475
vt 0.037692 0.270470
vt 0.031006 0.272944
vt 0.035054 0.257695
vt 0.713361 0.040764
vt 0.713547 0.042592
vt 0.689457 0.048413
vt 0.990619 0.064180
vt 0.984601 0.064281
vt 0.983854 0.035481
vt 0.211718 0.513587
vt 0.215535 0.522942
vt 0.043489 0.271876
vt 0.050991 0.697573
vt 0.057778 0.684314
vt 0.053240 0.697852
vt 0.896292 0.994873
vt 0.894220 0.997707
vt 0.863649 0.999343
vt 0.116367 0.724408
vt 0.037454 0.253814
vt 0.048523 0.266366
vt 0.476367 0.126821
vt 0.524615 0.126821
vt 0.477407 0.131893
vt 0.037098 0.243993
vt 0.866159 0.996093
vt 0.865522 0.993293
vt 0.129645 0.725588
vt 0.032662 0.244034
vt 0.146274 0.712747
vt 0.209951 0.081090
vt 0.187973 0.094458
vt 0.194260 0.086264
vt 0.903253 0.021893
vt 0.899889 0.009337
vt 0.903251 0.007071
vt 0.207932 0.088164
vt 0.720459 0.047773
vt 0.689842 0.050565
vt 0.018448 0.892883
vt 0.045475 0.695479
vt 0.056545 0.668705
vt 0.987571 0.035874
vt 0.715037 0.054965
vt 0.036478 0.692500
vt 0.036759 0.677926
vt 0.045856 0.671215
vt 0.041922 0.696301
vt 0.650934 0.291333
vt 0.635794 0.299118
vt 0.635521 0.293429
vt 0.784407 0.950724
vt 0.744332 0.954230
vt 0.743820 0.950532
vt 0.048584 0.677244
vt 0.166035 0.098521
vt 0.616504 0.298092
vt 0.106691 0.184118
vt 0.107043 0.201765
vt 0.104104 0.201914
vt 0.690036 0.054536
vt 0.985490 0.033903
vt 0.615420 0.292134
vt 0.586119 0.014726
vt 0.571471 0.010801
vt 0.594950 0.011132
vt 0.631753 0.301512
vt 0.633965 0.197918
vt 0.629031 0.195788
vt 0.635151 0.193268
vt 0.989910 0.034283
vt 0.111688 0.204315
vt 0.113164 0.187902
vt 0.114736 0.201365
vt 0.184162 0.093931
vt 0.935933 0.009828
vt 0.958520 0.010196
vt 0.956749 0.013148
vt 0.108987 0.214377
vt 0.105377 0.214262
vt 0.117759 0.201632
vt 0.122209 0.212788
vt 0.051866 0.666409
vt 0.958473 0.014809
vt 0.950102 0.017173
vt 0.114793 0.222516
vt 0.613021 0.202027
vt 0.171493 0.097153
vt 0.195349 0.080816
vt 0.549996 0.001067
vt 0.554099 0.012112
vt 0.549976 0.012501
vt 0.608025 0.001240
vt 0.604052 0.010959
vt 0.604530 0.000085
vt 0.613767 0.193162
vt 0.597713 0.199979
vt 0.114308 0.223835
vt 0.998601 0.971712
vt 0.998839 0.993433
vt 0.995190 0.974934
vt 0.548726 0.029926
vt 0.523439 0.021780
vt 0.541394 0.020639
vt 0.607721 0.012188
vt 0.525680 0.029758
vt 0.600797 0.296387
vt 0.588464 0.194187
vt 0.593771 0.299082
vt 0.600293 0.291968
vt 0.551199 0.014152
vt 0.587161 0.297684
vt 0.586837 0.197122
vt 0.580362 0.198925
vt 0.014979 0.611752
vt 0.994289 0.988451
vt 0.637317 0.303659
vt 0.274531 0.988260
vt 0.289534 0.988260
vt 0.279052 0.997012
vt 0.955604 0.707327
vt 0.096870 0.632464
vt 0.006550 0.872597
vt 0.623020 0.396713
vt 0.995655 0.910561
vt 0.056564 0.613353
vt 0.524562 0.861563
vt 0.541335 0.869930
vt 0.134898 0.237894
vt 0.569645 0.023516
vt 0.565485 0.020803
vt 0.904115 0.491510
vt 0.782665 0.044242
vt 0.902588 0.230435
vt 0.649317 0.051278
vt 0.648386 0.057856
vt 0.647225 0.054968
vt 0.024778 0.419207
vt 0.125900 0.920598
vt 0.124689 0.919348
vt 0.203811 0.817437
vt 0.203050 0.825535
vt 0.628235 0.835525
vt 0.619913 0.822969
vt 0.107662 0.591856
vt 0.058715 0.820050
vt 0.044105 0.840216
vt 0.210227 0.386823
vt 0.222459 0.382556
vt 0.230618 0.373463
vt 0.893631 0.212676
vt 0.937892 0.329989
vt 0.929201 0.016277
vt 0.115426 0.724391
vt 0.062806 0.442092
vt 0.066107 0.444989
vt 0.015856 0.305612
vt 0.662138 0.486877
vt 0.356049 0.597496
vt 0.018195 0.302003
vt 0.759858 0.657655
vt 0.221231 0.464720
vt 0.210397 0.467358
vt 0.207831 0.463041
vt 0.214534 0.460064
vt 0.092777 0.917151
vt 0.100074 0.923933
vt 0.095535 0.926159
vt 0.093014 0.928085
vt 0.562536 0.011214
vt 0.557451 0.009374
vt 0.560112 0.007441
vt 0.557248 0.003514
vt 0.793018 0.582750
vt 0.009048 0.518990
vt 0.898437 0.504502
vt 0.280677 0.175566
vt 0.281371 0.184828
vt 0.048448 0.986806
vt 0.034622 0.988501
vt 0.795829 0.492541
vt 0.511533 0.749221
vt 0.902405 0.798543
vt 0.514162 0.742612
vt 0.872899 0.355987
vt 0.875150 0.378052
vt 0.713844 0.358863
vt 0.689624 0.364023
vt 0.709659 0.381932
vt 0.662596 0.366829
vt 0.651166 0.359083
vt 0.854074 0.407416
vt 0.853206 0.398139
vt 0.945523 0.630333
vt 0.201919 0.080068
s 1
usemtl Material.001
f 2869/1/1 2920/2/2 2870/3/3
f 2918/4/4 2922/5/5 2871/6/6
f 2918/4/4 2871/6/6 2872/7/7
f 2918/4/4 2873/8/8 2922/5/5
f 2918/9/4 2872/10/7 2873/11/8
f 2869/1/1 2870/3/3 2921/12/9
f 2920/2/2 2919/13/10 2870/3/3
f 2869/14/1 2919/15/10 2920/16/2
f 2874/17/11 2875/18/12 2876/19/13
f 2869/14/1 2921/20/9 2919/15/10
f 2871/21/6 2877/22/14 2872/10/7
f 2874/17/11 2767/23/15 2875/18/12
f 2872/10/7 2877/22/14 2873/11/8
f 2874/17/11 2876/19/13 2878/24/16
f 2870/3/3 2879/25/17 2921/12/9
f 2874/17/11 2878/24/16 2767/23/15
f 2875/18/12 2767/23/15 2880/26/18
f 2870/3/3 2919/13/10 2879/25/17
f 2923/27/19 2881/28/20 2775/29/21
f 2922/30/5 2873/11/8 2877/22/14
f 2923/31/22 2882/32/22 2881/33/22
f 2922/34/5 2769/35/23 2871/36/6
f 2875/18/12 2880/26/18 2876/19/13
f 2876/19/13 2880/26/18 2878/24/16
f 2767/23/15 2878/24/16 2883/37/24
f 2921/12/9 2879/25/17 2924/38/25
f 2881/28/20 2884/39/26 2775/29/21
f 2921/20/9 2773/40/27 2919/15/10
f 2881/28/20 2882/41/28 2884/39/26
f 2871/21/6 2885/42/29 2877/22/14
f 2921/12/9 2924/38/25 2886/43/30
f 2878/24/16 2880/26/18 2887/44/31
f 2879/25/17 2885/45/29 2924/38/25
f 2922/34/5 2877/46/14 2888/47/32
f 2882/41/28 2778/48/33 2884/39/26
f 2923/27/19 2775/29/21 2778/49/33
f 2921/20/9 2696/50/34 2773/40/27
f 2878/24/16 2887/44/31 2883/37/24
f 2871/36/6 2769/35/23 2885/51/29
f 2922/34/5 2888/47/32 2769/35/23
f 2923/52/19 2778/48/33 2882/41/28
f 2919/13/10 2773/53/27 2879/25/17
f 2769/35/23 2819/54/35 2885/51/29
f 2925/55/36 2889/56/37 2890/57/38
f 2924/58/25 2885/51/29 2819/54/35
f 2775/29/21 2884/39/26 2776/59/39
f 2880/26/18 2891/60/40 2887/44/31
f 2879/25/17 2773/53/27 2885/45/29
f 2767/23/15 2820/61/41 2880/26/18
f 2877/46/14 2885/62/29 2888/47/32
f 2925/63/36 2890/64/38 2828/65/42
f 2924/58/25 2819/54/35 2888/66/32
f 2767/67/15 2827/68/43 2820/69/41
f 2767/23/15 2883/37/24 2827/70/43
f 2921/71/9 2886/72/30 2696/73/34
f 2773/74/27 2888/47/32 2885/62/29
f 2924/58/25 2773/75/27 2886/76/30
f 2892/77/44 2926/78/45 2928/79/46
f 2890/57/38 2889/56/37 2828/80/42
f 2924/58/25 2888/66/32 2773/75/27
f 2925/63/36 2828/65/42 2788/81/47
f 2888/82/32 2819/83/35 2768/84/48
f 2884/39/26 2778/48/33 2822/85/49
f 2884/39/26 2822/85/49 2776/59/39
f 2769/86/23 2821/87/50 2819/88/35
f 2892/77/44 2927/89/51 2926/78/45
f 2883/37/24 2887/44/31 2827/70/43
f 2892/77/44 2928/79/46 2929/90/52
f 2775/91/53 2831/92/53 2778/93/53
f 2880/94/54 2820/95/54 2891/96/54
f 2926/97/45 2927/98/51 2928/99/46
f 2769/86/23 2888/82/32 2770/100/55
f 2769/86/23 2770/100/55 2821/87/50
f 2928/99/46 2823/101/56 2929/102/52
f 2889/56/37 2825/103/57 2828/80/42
f 2887/104/31 2771/105/58 2827/106/43
f 2893/107/59 2894/108/60 2895/109/61
f 2819/83/35 2821/110/50 2772/111/62
f 2892/77/44 2929/90/52 2927/89/51
f 2773/112/27 2774/113/63 2886/72/30
f 2893/107/59 2895/109/61 2780/114/64
f 2928/99/46 2930/115/65 2823/101/56
f 2775/116/21 2776/117/39 2777/118/66
f 2927/89/51 2929/90/52 2930/119/65
f 2778/120/33 2831/121/67 2822/122/49
f 2928/99/46 2927/98/51 2930/115/65
f 2887/104/31 2891/123/40 2771/105/58
f 2888/82/32 2768/84/48 2770/100/55
f 2819/83/35 2779/124/68 2768/84/48
f 2893/107/59 2896/125/69 2894/108/60
f 2893/107/59 2780/114/64 2896/125/69
f 2925/55/36 2788/126/47 2889/56/37
f 2895/127/61 2897/128/70 2780/129/64
f 2819/83/35 2772/111/62 2779/124/68
f 2828/130/42 2825/131/57 2781/132/71
f 2894/108/60 2897/133/70 2895/109/61
f 1476/134/72 1477/135/73 613/136/74
f 1476/134/72 1311/137/75 1478/138/76
f 1476/134/72 1312/139/77 1311/137/75
f 1476/134/72 1478/138/76 1477/135/73
f 2775/116/21 2777/118/66 2831/140/67
f 1476/141/72 1157/142/78 1312/143/77
f 2898/144/79 2786/145/80 2792/146/81
f 2898/144/79 2899/147/82 2786/145/80
f 2827/106/43 2771/105/58 2777/148/66
f 1476/134/72 1479/149/83 1157/150/78
f 2894/108/60 2896/125/69 2897/133/70
f 1476/134/72 613/136/74 1479/149/83
f 2898/144/79 2792/146/81 2899/147/82
f 1477/135/73 1478/138/76 1480/151/84
f 1478/138/76 1481/152/85 1480/151/84
f 2823/153/56 2782/154/86 2783/155/87
f 2776/117/39 2822/156/49 2826/157/88
f 2768/84/48 2829/158/89 2770/100/55
f 2889/56/37 2788/126/47 2825/103/57
f 2773/112/27 2698/159/90 2774/113/63
f 2823/160/56 2930/161/65 2782/162/86
f 2820/163/41 2772/111/62 2821/110/50
f 1311/137/75 1481/152/85 1478/138/76
f 1312/143/77 1157/142/78 1205/164/91
f 1477/135/73 1482/165/92 613/136/74
f 2929/166/52 2823/167/56 2824/168/93
f 2786/169/80 2899/170/82 2787/171/94
f 2886/72/30 2774/113/63 2705/172/95
f 2820/163/41 2784/173/96 2772/111/62
f 2780/129/64 2785/174/97 2896/175/69
f 2828/176/42 2781/177/71 2826/178/88
f 2776/117/39 2701/179/98 2777/118/66
f 2768/84/48 2779/124/68 2829/158/89
f 1477/135/73 1480/151/84 1482/165/92
f 1480/151/84 1481/152/85 1483/180/99
f 2772/111/62 2784/173/96 2779/124/68
f 2825/131/57 2824/181/93 2781/132/71
f 2786/182/80 2787/183/94 2841/184/100
f 1157/142/78 1198/185/101 1205/164/91
f 2788/186/47 2824/168/93 2825/187/57
f 2786/182/80 2841/184/100 2789/188/102
f 1157/189/78 1158/190/103 1198/191/101
f 1157/189/78 1484/192/104 1158/190/103
f 1157/150/78 1479/149/83 1484/193/104
f 2822/122/49 2831/121/67 2826/194/88
f 2929/166/52 2824/168/93 2790/195/105
f 1480/151/84 1483/180/99 1485/196/106
f 2780/129/64 2897/128/70 2785/174/97
f 2831/197/67 2777/148/66 2791/198/107
f 2771/105/58 2791/198/107 2777/148/66
f 1311/137/75 2692/199/108 1523/200/109
f 606/201/110 1159/202/111 1160/203/112
f 2891/204/40 2821/87/50 2770/100/55
f 2786/182/80 2789/188/102 2792/205/81
f 2792/205/81 2789/188/102 2836/206/113
f 2776/117/39 2826/157/88 2701/179/98
f 1312/207/77 1205/208/91 1206/209/114
f 1484/192/104 606/201/110 1160/203/112
f 1523/210/109 2692/211/108 2695/212/115
f 2929/166/52 2790/195/105 2930/161/65
f 1311/137/75 1523/200/109 1481/152/85
f 2777/118/66 2701/179/98 2793/213/116
f 2773/112/27 2696/214/34 2698/159/90
f 606/215/110 437/216/117 1159/217/111
f 2827/218/43 2777/118/66 2793/213/116
f 2820/163/41 2827/219/43 2784/173/96
f 2896/175/69 2785/174/97 2794/220/118
f 1159/202/111 1196/221/119 1160/203/112
f 1158/190/103 1484/192/104 1161/222/120
f 1480/151/84 1485/196/106 1486/223/121
f 1480/151/84 1486/223/121 1482/165/92
f 2891/204/40 2820/224/41 2821/87/50
f 1479/225/83 607/226/122 1484/227/104
f 1162/228/123 1163/229/124 1197/230/125
f 2930/161/65 2790/195/105 2782/162/86
f 2861/231/126 2834/232/127 2835/233/128
f 1481/152/85 1523/200/109 616/234/129
f 437/216/117 608/235/130 609/236/131
f 1159/237/111 437/238/117 611/239/132
f 2823/240/56 2795/241/133 2824/181/93
f 1196/242/119 1162/228/123 1197/230/125
f 1484/192/104 1160/203/112 1161/222/120
f 2828/243/42 2826/244/88 2788/186/47
f 1523/210/109 2695/212/115 1487/245/134
f 1158/190/103 1160/203/112 1197/246/125
f 1163/229/124 1199/247/135 1197/230/125
f 1160/203/112 1164/248/136 1161/222/120
f 1159/249/111 1165/250/137 1196/242/119
f 2781/132/71 2824/181/93 2795/241/133
f 2897/251/70 2796/252/138 2785/253/97
f 2899/170/82 2834/254/127 2787/171/94
f 1479/225/83 610/255/139 607/226/122
f 606/215/110 608/235/130 437/216/117
f 1196/242/119 1163/229/124 1162/228/123
f 1158/190/103 1164/248/136 1160/203/112
f 2792/205/81 2836/206/113 2899/256/82
f 437/216/117 609/236/131 611/257/132
f 2891/123/40 2797/258/140 2771/105/58
f 2785/253/97 2796/252/138 2865/259/141
f 1160/203/112 1196/221/119 1197/246/125
f 2897/251/70 2798/260/142 2796/252/138
f 1159/261/111 438/262/143 1165/263/137
f 2896/175/69 2794/220/118 2897/264/70
f 2891/204/40 2770/100/55 2829/158/89
f 2886/72/30 2705/172/95 2696/73/34
f 608/235/130 612/265/144 609/236/131
f 1158/190/103 1161/222/120 1164/248/136
f 2779/124/68 2784/173/96 2703/266/145
f 1311/137/75 2750/267/146 2692/199/108
f 1484/227/104 608/235/130 606/215/110
f 1483/180/99 1486/223/121 1485/196/106
f 1159/237/111 611/239/132 438/268/143
f 2692/269/108 2750/270/146 2693/271/147
f 1484/227/104 607/226/122 608/235/130
f 2787/171/94 2834/254/127 2861/272/126
f 607/226/122 612/265/144 608/235/130
f 2841/184/100 2798/273/142 2789/188/102
f 1205/208/91 1207/274/148 1206/209/114
f 2827/218/43 2793/213/116 2703/275/145
f 1196/242/119 1165/250/137 1166/276/149
f 2899/170/82 2836/277/113 2834/254/127
f 1481/152/85 1488/278/150 1483/180/99
f 1483/180/99 1488/278/150 1486/223/121
f 1523/210/109 1487/245/134 616/279/129
f 616/279/129 1487/245/134 1489/280/151
f 2701/179/98 2703/275/145 2793/213/116
f 2861/231/126 2835/233/128 2837/281/152
f 1165/263/137 438/262/143 108/282/153
f 1205/283/91 1198/284/101 1199/285/135
f 1482/165/92 1486/223/121 1488/278/150
f 1311/286/154 1312/287/154 1758/288/154
f 609/236/131 485/289/155 611/257/132
f 2692/269/108 2694/290/156 2695/291/115
f 1165/250/137 108/292/153 1166/276/149
f 2834/232/127 2837/281/152 2835/233/128
f 2789/188/102 2798/273/142 2836/206/113
f 1312/207/77 1206/209/114 1757/293/157
f 1312/294/77 1757/295/157 1758/296/158
f 2788/186/47 2799/297/159 2824/168/93
f 2841/298/100 2796/252/138 2798/260/142
f 1198/191/101 1158/190/103 1197/246/125
f 2695/212/115 1490/299/160 1487/245/134
f 2781/177/71 2701/300/98 2826/178/88
f 438/262/143 109/301/161 108/282/153
f 2897/264/70 2794/220/118 2798/302/142
f 2774/113/63 2829/303/89 2779/304/68
f 1163/229/124 1167/305/162 1168/306/163
f 2861/231/126 2837/281/152 2862/307/164
f 1196/242/119 1167/305/162 1163/229/124
f 1196/242/119 1166/276/149 1169/308/165
f 2837/309/152 2838/310/166 2839/311/167
f 1481/152/85 616/234/129 1488/278/150
f 1311/312/168 1758/313/168 2750/314/168
f 1482/165/92 1488/278/150 614/315/169
f 613/316/74 1482/317/92 614/318/169
f 2823/319/56 2800/320/170 2795/321/133
f 2823/153/56 2783/155/87 2830/322/171
f 2695/212/115 1491/323/172 1490/299/160
f 2838/310/166 2840/324/173 2839/311/167
f 2827/219/43 2703/266/145 2784/173/96
f 2695/212/115 2694/325/156 1491/323/172
f 2823/319/56 2830/326/171 2800/320/170
f 2891/123/40 2829/327/89 2797/258/140
f 1198/191/101 1197/246/125 1199/328/135
f 438/262/143 110/329/174 109/301/161
f 2781/177/71 2795/321/133 2800/320/170
f 2692/269/108 2693/271/147 2694/290/156
f 613/316/74 610/255/139 1479/225/83
f 2788/186/47 2826/244/88 2799/297/159
f 1196/242/119 1169/308/165 1167/305/162
f 2783/155/87 2785/253/97 2865/259/141
f 2837/309/152 2840/324/173 2838/310/166
f 1163/229/124 1168/306/163 1202/330/175
f 609/236/131 612/265/144 615/331/176
f 1487/245/134 1490/299/160 1492/332/177
f 2837/309/152 2839/311/167 2862/333/164
f 2781/177/71 2702/334/178 2701/300/98
f 2787/335/94 2863/336/179 2841/337/100
f 2831/338/67 2799/297/159 2826/244/88
f 1205/283/91 1199/285/135 1170/339/180
f 1487/245/134 1492/332/177 1489/280/151
f 2774/113/63 2779/304/68 2705/172/95
f 3237/340/181 3196/341/182 3197/342/183
f 2836/277/113 2798/343/142 2842/344/184
f 2750/345/146 1758/346/158 1759/347/185
f 2841/337/100 2863/336/179 2843/348/186
f 2862/349/164 2839/350/167 2840/351/173
f 613/316/74 614/318/169 610/255/139
f 2861/352/126 2862/353/164 2866/354/187
f 1490/299/160 1491/323/172 1452/355/188
f 607/226/122 615/331/176 612/265/144
f 2841/298/100 2865/259/141 2796/252/138
f 1199/285/135 1171/356/189 1170/339/180
f 2794/357/118 2801/358/190 2798/359/142
f 1163/229/124 1171/360/189 1199/247/135
f 2841/337/100 2864/361/191 2865/362/141
f 1452/363/188 1493/364/192 1524/365/193
f 2787/335/94 2861/352/126 2863/336/179
f 616/234/129 614/315/169 1488/278/150
f 609/236/131 486/366/194 485/289/155
f 2841/337/100 2843/348/186 2864/361/191
f 1163/229/124 1202/330/175 1171/360/189
f 2781/177/71 2800/320/170 2702/334/178
f 2750/345/146 1759/347/185 2693/367/147
f 2836/277/113 2842/344/184 2834/254/127
f 2834/368/127 2840/351/173 2837/369/152
f 607/226/122 610/255/139 615/331/176
f 1205/283/91 1170/339/180 1172/370/195
f 2798/359/142 2801/358/190 2802/371/196
f 3196/341/182 3238/372/197 3197/342/183
f 611/239/132 485/373/155 439/374/198
f 1167/305/162 1202/330/175 1168/306/163
f 485/375/199 486/376/199 520/377/199
f 616/378/129 617/379/200 614/318/169
f 2824/168/93 2799/297/159 2790/195/105
f 1206/209/114 1208/380/201 1757/293/157
f 1452/381/188 1305/382/202 1493/383/192
f 2696/384/34 2697/385/203 2698/386/90
f 609/236/131 615/331/176 618/387/204
f 1758/346/158 1213/388/205 1759/347/185
f 2861/352/126 2866/354/187 2863/336/179
f 3237/340/181 3198/389/206 3196/341/182
f 609/236/131 487/390/207 486/366/194
f 1494/391/208 1495/392/209 2699/393/210
f 1167/394/162 1169/395/165 1009/396/211
f 2790/195/105 2799/297/159 2801/358/190
f 1167/305/162 1009/397/211 1173/398/212
f 1758/296/158 1757/295/157 1219/399/213
f 1494/400/208 2699/401/210 2700/402/214
f 1758/296/158 1219/399/213 1213/403/205
f 2701/404/98 2702/405/178 2703/406/145
f 1452/363/188 1524/365/193 1496/407/215
f 609/236/131 618/387/204 487/390/207
f 1205/208/91 1172/408/195 1207/274/148
f 2834/368/127 2862/349/164 2840/351/173
f 2863/336/179 2864/361/191 2843/348/186
f 1524/365/193 1497/409/216 1496/407/215
f 1489/280/151 1492/332/177 1498/410/217
f 2831/338/67 2707/411/218 2799/297/159
f 3196/341/182 3198/389/206 3238/372/197
f 1491/412/172 1759/347/185 1209/413/219
f 610/255/139 619/414/220 615/331/176
f 2831/197/67 2791/198/107 2707/415/218
f 611/239/132 312/416/221 438/268/143
f 1491/417/172 1209/418/219 1258/419/222
f 2699/401/210 2704/420/223 2700/402/214
f 1494/391/208 1528/421/224 1495/392/209
f 2798/343/142 2844/422/225 2842/344/184
f 486/366/194 487/390/207 520/423/226
f 438/262/143 111/424/227 110/329/174
f 1493/425/192 1305/426/202 1266/427/228
f 2693/367/147 1759/347/185 2694/428/156
f 2771/105/58 2797/258/140 2707/415/218
f 1524/429/193 620/430/229 1497/431/216
f 2771/105/58 2707/415/218 2791/198/107
f 2834/432/127 2842/433/184 2862/353/164
f 615/331/176 621/434/230 618/387/204
f 2862/353/164 2842/433/184 2866/354/187
f 1202/435/175 1170/339/180 1171/356/189
f 2694/428/156 1759/347/185 1491/412/172
f 611/239/132 439/374/198 312/416/221
f 1167/305/162 1174/436/231 1202/330/175
f 1491/437/232 1258/438/232 1348/439/232
f 610/255/139 614/318/169 622/440/233
f 2699/401/210 2752/441/234 2704/420/223
f 610/255/139 622/440/233 619/414/220
f 2696/384/34 2705/442/95 2697/385/203
f 2699/401/210 1501/443/235 2752/441/234
f 1493/425/192 1266/427/228 1502/444/236
f 108/282/153 109/301/161 112/445/237
f 2783/155/87 2865/259/141 2845/446/238
f 1452/381/188 1453/447/239 1305/382/202
f 1170/339/180 1175/448/240 1172/370/195
f 1490/449/160 1452/363/188 1499/450/241
f 2829/327/89 2707/415/218 2797/258/140
f 1759/347/185 1213/388/205 1209/413/219
f 1206/209/114 1210/451/242 1208/380/201
f 2798/359/142 2802/371/196 2844/452/225
f 1169/395/165 1133/453/243 1134/454/244
f 1491/455/172 1348/456/245 1452/381/188
f 1495/392/209 1500/457/246 2699/393/210
f 3237/458/181 3197/459/183 3199/460/247
f 1206/209/114 1207/274/148 1210/451/242
f 1757/293/157 1208/380/201 1211/461/248
f 2800/320/170 2830/326/171 2702/334/178
f 1169/395/165 1134/454/244 127/462/249
f 1202/435/175 1200/463/250 1170/339/180
f 485/373/155 488/464/251 439/374/198
f 439/374/198 488/464/251 440/465/252
f 1267/466/253 1304/467/254 1268/468/255
f 1167/305/162 1173/398/212 1176/469/256
f 2702/405/178 2700/402/214 2704/420/223
f 1167/305/162 1176/469/256 1174/436/231
f 2703/406/145 2702/405/178 2704/420/223
f 1170/339/180 1200/463/250 1175/448/240
f 2779/470/68 2703/471/145 2706/472/257
f 1172/473/195 1175/474/240 1212/475/258
f 1207/274/148 1172/408/195 1212/476/258
f 1304/467/254 1178/477/259 1268/468/255
f 1757/295/157 1211/478/248 1219/399/213
f 1305/479/202 1304/480/254 1269/481/260
f 2830/482/171 2700/402/214 2702/405/178
f 615/331/176 623/483/261 621/434/230
f 1305/484/202 1453/485/239 1304/467/254
f 1453/485/239 1178/477/259 1304/467/254
f 1134/454/244 1135/486/262 127/462/249
f 1494/400/208 2700/402/214 2757/487/263
f 2863/488/179 2845/489/238 2864/490/191
f 1452/381/188 1348/456/245 1453/447/239
f 1453/485/239 1314/491/264 1178/477/259
f 2703/471/145 2704/492/223 2706/472/257
f 2865/493/141 2864/490/191 2845/489/238
f 2699/393/210 1500/457/246 1501/494/235
f 2783/155/87 2845/446/238 2830/322/171
f 1169/395/165 1136/495/265 1133/453/243
f 1213/496/266 1760/497/266 1209/498/266
f 2779/470/68 2706/472/257 2705/442/95
f 1267/499/253 1268/500/255 1270/501/267
f 1202/435/175 1201/502/268 1200/463/250
f 2842/503/184 2867/504/269 2866/505/187
f 1207/274/148 1212/476/258 1214/506/270
f 1213/403/205 1219/399/213 1760/507/271
f 108/508/153 112/509/237 1137/510/272
f 1178/511/259 1314/512/264 1215/513/273
f 3197/459/183 3238/514/197 3246/515/274
f 1166/516/149 108/508/153 1137/510/272
f 1202/435/175 1177/517/275 1201/502/268
f 485/373/155 520/518/226 488/464/251
f 1178/511/259 1216/519/276 1217/520/277
f 1166/516/149 1137/510/272 1169/395/165
f 1169/395/165 1137/510/272 1136/495/265
f 438/521/143 312/522/221 168/523/278
f 1524/365/193 1493/364/192 1502/524/236
f 1524/429/193 624/525/279 620/430/229
f 3200/526/280 3201/527/281 3202/528/282
f 1208/380/201 1210/451/242 1211/461/248
f 3197/459/183 3246/515/274 3199/460/247
f 1209/418/219 1760/529/271 1218/530/283
f 1268/531/255 1178/532/259 1177/517/275
f 3238/514/197 3198/533/206 3246/515/274
f 1495/392/209 1528/421/224 1503/534/284
f 1009/535/211 1006/536/285 1138/537/286
f 2801/358/190 2799/297/159 2711/538/287
f 1209/418/219 1218/530/283 1258/419/222
f 2863/488/179 2866/505/187 2846/539/288
f 1178/511/259 1217/520/277 1201/540/268
f 1178/532/259 1201/502/268 1177/517/275
f 2774/541/63 2698/386/90 2697/385/203
f 3200/526/280 3202/528/282 3244/542/289
f 1133/453/243 1135/486/262 1134/454/244
f 614/318/169 617/379/200 622/440/233
f 1169/395/165 127/462/249 1009/396/211
f 1267/499/253 1271/543/290 1304/480/254
f 1009/535/211 1138/537/286 1173/544/212
f 3201/545/291 3244/546/291 3202/547/291
f 1305/426/202 1272/548/292 1266/427/228
f 1006/536/285 1179/549/293 1138/537/286
f 3203/550/294 3240/551/295 3204/552/296
f 1452/363/188 1496/407/215 1504/553/297
f 1202/330/175 1174/436/231 1144/554/298
f 3237/458/181 3199/460/247 3239/555/299
f 2774/556/63 2707/415/218 2829/327/89
f 615/331/176 619/414/220 623/483/261
f 1452/363/188 1505/557/300 1499/450/241
f 1207/274/148 1214/506/270 1014/558/301
f 1178/511/259 1215/513/273 1316/559/302
f 1207/274/148 1016/560/303 1210/451/242
f 1173/544/212 1138/537/286 1176/561/256
f 1006/562/285 1007/563/304 1008/564/305
f 439/374/198 440/465/252 312/416/221
f 3237/565/181 3239/566/299 3255/567/306
f 3237/565/181 3255/567/306 3198/568/206
f 624/525/279 1184/569/307 625/570/308
f 109/301/161 110/329/174 113/571/309
f 618/387/204 626/572/310 487/390/207
f 1219/573/213 1211/461/248 1760/574/271
f 1207/274/148 1014/558/301 1016/560/303
f 619/414/220 622/440/233 627/575/311
f 1492/332/177 1506/576/312 1498/410/217
f 2774/541/63 2697/385/203 2707/577/218
f 620/430/229 624/525/279 625/570/308
f 624/525/279 1454/578/313 1184/569/307
f 1006/579/314 1008/580/314 1179/581/314
f 2830/482/171 2757/487/263 2700/402/214
f 2705/442/95 2706/472/257 2697/385/203
f 1258/582/222 1220/583/315 1348/584/316
f 1266/427/228 1272/548/292 1502/444/236
f 1452/363/188 1504/553/297 1507/585/317
f 1305/586/202 1269/587/260 1272/588/292
f 2866/505/187 2867/504/269 2846/539/288
f 620/430/229 625/570/308 628/589/318
f 3201/590/281 3205/591/319 3244/592/289
f 1452/363/188 1507/585/317 1505/557/300
f 1174/436/231 1176/469/256 1144/554/298
f 1267/499/253 1270/501/267 1271/543/290
f 1009/593/211 1010/594/320 1006/562/285
f 1175/474/240 1200/595/250 1180/596/321
f 2863/488/179 2846/539/288 2845/489/238
f 1268/500/255 1183/597/322 1270/501/267
f 3203/550/294 3204/552/296 3206/598/323
f 1314/512/264 1316/559/302 1215/513/273
f 438/262/143 168/599/278 111/424/227
f 1218/600/283 1221/601/324 1222/602/325
f 1200/595/250 1201/603/268 1181/604/326
f 1760/605/271 1221/601/324 1218/600/283
f 618/387/204 621/434/230 629/606/327
f 1304/480/254 1273/607/328 1321/608/329
f 1175/474/240 1180/596/321 1182/609/330
f 1304/480/254 1271/543/290 1273/607/328
f 112/509/237 1139/610/331 1137/510/272
f 1214/506/270 1012/611/332 1014/558/301
f 624/612/333 1276/613/333 1454/614/333
f 2708/615/334 1763/616/335 2709/617/336
f 1006/562/285 1010/594/320 1007/563/304
f 1268/618/255 1177/619/275 1183/620/322
f 1453/621/239 1313/622/337 1314/623/264
f 2830/624/171 2845/489/238 2847/625/338
f 1210/451/242 1016/560/303 1223/626/339
f 3203/627/294 3206/628/323 3207/629/340
f 1222/602/325 1221/601/324 1224/630/341
f 1490/449/160 1499/450/241 1508/631/342
f 1218/600/283 1222/602/325 1224/630/341
f 1304/480/254 1321/608/329 1269/481/260
f 1184/569/307 628/589/318 625/570/308
f 1211/461/248 1223/626/339 1760/574/271
f 2830/482/171 2847/632/338 2757/487/263
f 1210/451/242 1223/626/339 1211/461/248
f 2799/297/159 2707/411/218 2711/538/287
f 2842/344/184 2844/422/225 2867/633/269
f 1499/450/241 1505/557/300 1509/634/343
f 616/378/129 630/635/344 617/379/200
f 1502/444/236 1272/548/292 1274/636/345
f 109/301/161 113/571/309 112/445/237
f 2708/637/334 1761/638/346 1762/639/347
f 2708/637/334 1762/639/347 1763/640/335
f 1178/511/259 1225/641/348 1216/519/276
f 1007/563/304 1011/642/349 1008/564/305
f 3198/533/206 3255/643/306 3246/515/274
f 3200/644/280 3241/645/350 3201/590/281
f 616/279/129 1489/280/151 630/646/344
f 1453/621/239 1315/647/351 1313/622/337
f 2708/615/334 2709/617/336 2710/648/352
f 488/649/251 441/650/353 440/651/252
f 1175/474/240 1182/609/330 1049/652/354
f 310/653/355 311/654/356 314/655/357
f 1505/557/300 1507/585/317 1509/634/343
f 2867/504/269 2848/656/358 2846/539/288
f 1502/444/236 1274/636/345 1275/657/359
f 110/329/174 114/658/360 113/571/309
f 1012/659/332 1011/642/349 1013/660/361
f 310/653/355 314/655/357 442/661/362
f 1178/511/259 1316/559/302 1225/641/348
f 487/390/207 626/572/310 521/662/363
f 1184/569/307 450/663/364 628/589/318
f 3201/590/281 3241/645/350 3205/591/319
f 1133/453/243 1136/495/265 1140/664/365
f 1760/605/271 1226/665/366 1221/601/324
f 310/666/355 444/667/367 311/668/356
f 3204/552/296 3242/669/368 3206/598/323
f 1136/495/265 1137/510/272 1141/670/369
f 1524/671/193 1276/672/370 624/673/279
f 1314/674/264 1313/675/337 1316/676/302
f 1490/299/160 1506/576/312 1492/332/177
f 1201/540/268 1217/520/277 1227/677/371
f 1502/444/236 1275/657/359 1276/678/372
f 1524/679/373 1502/680/373 1276/681/373
f 111/424/227 168/599/278 115/682/374
f 1763/616/335 1766/683/375 2709/617/336
f 1258/419/222 1218/530/283 1228/684/376
f 1216/519/276 1225/641/348 1229/685/377
f 1453/686/239 1455/687/378 1315/688/351
f 1011/642/349 1063/689/379 1013/660/361
f 1348/690/380 1455/691/380 1453/692/380
f 3208/693/381 3243/694/382 3209/695/383
f 1014/696/301 1012/697/332 1103/698/384
f 520/699/226 487/700/207 521/701/363
f 1176/561/256 1138/537/286 1142/702/385
f 1270/501/267 1183/597/322 1271/543/290
f 1012/659/332 1049/703/354 1011/642/349
f 520/699/226 446/704/386 488/705/251
f 1133/453/243 123/706/387 1135/486/262
f 1212/476/258 1024/707/388 1214/506/270
f 1184/708/307 1454/709/313 119/710/389
f 2801/358/190 2711/538/287 2802/371/196
f 1490/449/160 1508/631/342 1506/711/312
f 1497/431/216 620/430/229 631/712/390
f 1499/450/241 1509/634/343 1508/631/342
f 2845/489/238 2846/539/288 2847/625/338
f 1012/659/332 1050/713/391 1015/714/392
f 1014/696/301 1103/698/384 1016/715/303
f 1760/574/271 1223/626/339 1104/716/393
f 1489/280/151 1498/410/217 630/646/344
f 1009/593/211 127/717/249 1010/594/320
f 112/509/237 117/718/394 1139/610/331
f 618/387/204 629/606/327 626/572/310
f 1217/520/277 1229/685/377 1227/677/371
f 619/414/220 627/575/311 632/719/395
f 110/329/174 111/424/227 114/658/360
f 3203/627/294 3207/629/340 3240/720/295
f 310/653/355 442/661/362 443/721/396
f 2704/492/223 2751/722/397 2706/472/257
f 3240/551/295 3242/669/368 3204/552/296
f 1214/506/270 1050/723/391 1012/611/332
f 3200/724/280 3266/725/398 3241/726/350
f 127/462/249 1135/486/262 124/727/399
f 1269/587/260 1277/728/400 1272/588/292
f 442/729/362 489/730/401 443/731/396
f 1495/392/209 1503/534/284 1500/457/246
f 310/653/355 443/721/396 444/732/367
f 3206/628/323 3242/733/368 3210/734/402
f 1179/735/293 1185/736/403 1182/737/330
f 1221/601/324 1230/738/404 1224/630/341
f 312/416/221 440/465/252 445/739/405
f 1494/400/208 2757/487/263 1528/740/224
f 1200/595/250 1186/741/406 1180/596/321
f 1273/607/328 1274/636/345 1321/608/329
f 2802/371/196 2711/538/287 2844/452/225
f 1348/742/316 1319/743/407 1455/744/378
f 1273/607/328 1275/657/359 1274/636/345
f 628/589/318 633/745/408 634/746/409
f 1501/494/235 1500/457/246 1510/747/410
f 1133/453/243 1140/664/365 123/706/387
f 621/434/230 623/483/261 629/606/327
f 1201/603/268 1259/748/411 1181/604/326
f 2697/385/203 2706/472/257 2751/722/397
f 1008/564/305 1011/642/349 1049/703/354
f 1221/601/324 1226/665/366 1230/738/404
f 2846/539/288 2848/656/358 2868/749/412
f 1258/582/222 1264/750/413 1220/583/315
f 441/650/353 446/751/386 442/661/362
f 1012/659/332 1015/714/392 1049/703/354
f 112/445/237 116/752/414 117/753/394
f 3208/754/381 3211/755/415 3243/756/382
f 1179/757/293 1182/609/330 1180/596/321
f 1321/758/329 1274/759/345 1278/760/416
f 1177/619/275 1187/761/417 1183/620/322
f 444/732/367 443/721/396 447/762/418
f 1137/510/272 1139/610/331 1143/763/419
f 1496/407/215 1497/409/216 1504/553/297
f 620/430/229 628/589/318 635/764/420
f 1271/543/290 1275/657/359 1273/607/328
f 1176/561/256 1142/702/385 1144/765/298
f 520/699/226 490/766/421 446/704/386
f 441/650/353 442/661/362 314/655/357
f 2704/420/223 2752/441/234 2751/767/397
f 1269/587/260 1321/768/329 1279/769/422
f 3240/720/295 3207/629/340 3254/770/423
f 1218/600/283 1224/630/341 1231/771/424
f 2697/385/203 2711/772/287 2707/577/218
f 1229/685/377 1225/641/348 1232/773/425
f 314/655/357 448/774/426 449/775/427
f 628/589/318 450/663/364 633/745/408
f 2938/776/428 2939/777/429 2051/778/430
f 440/465/252 441/779/353 479/780/431
f 1016/781/303 1102/782/432 1223/783/339
f 312/784/221 445/785/405 313/786/433
f 628/589/318 634/746/409 635/764/420
f 3206/628/323 3210/734/402 3212/787/434
f 112/445/237 113/571/309 116/752/414
f 2940/788/435 2941/789/436 2942/790/437
f 3200/724/280 3244/791/289 3213/792/438
f 3206/628/323 3212/787/434 3207/629/340
f 1016/781/303 1103/793/384 1102/782/432
f 1498/410/217 1506/576/312 630/646/344
f 619/414/220 629/606/327 623/483/261
f 1179/757/293 1180/596/321 1145/794/439
f 3199/795/247 3246/796/274 3245/797/440
f 1182/798/330 1017/799/441 1049/800/354
f 1200/595/250 1181/604/326 1186/741/406
f 119/801/389 1281/802/442 120/803/443
f 1184/569/307 636/804/444 450/663/364
f 440/465/252 448/805/426 445/739/405
f 1201/540/268 1227/677/371 1259/806/411
f 2867/807/269 2868/808/412 2848/809/358
f 1229/685/377 1232/773/425 1233/810/445
f 1316/676/302 1313/675/337 1317/811/446
f 2708/615/334 1514/812/447 1761/813/346
f 2942/814/437 2932/815/448 2900/816/449
f 1177/619/275 1203/817/450 1187/761/417
f 1218/600/283 1231/771/424 1228/818/376
f 1271/543/290 1183/597/322 1280/819/451
f 2932/820/452 1932/821/452 2900/822/452
f 1202/823/175 1203/817/450 1177/619/275
f 3786/824/453 3971/825/454 3787/826/455
f 2901/827/456 2902/828/457 2931/829/458
f 1049/703/354 1015/714/392 1018/830/459
f 617/379/200 630/635/344 637/831/460
f 2844/832/225 2868/808/412 2867/807/269
f 1007/563/304 1063/689/379 1011/642/349
f 1269/587/260 1279/769/422 1277/728/400
f 1454/833/313 1275/657/359 1281/834/442
f 2903/835/461 2947/836/462 2904/837/463
f 1501/494/235 1510/747/410 1511/838/464
f 1316/559/302 1234/839/465 1225/641/348
f 3208/754/381 3214/840/466 3211/755/415
f 2939/777/429 2912/841/467 2051/778/430
f 1179/842/293 1008/843/305 1017/799/441
f 1316/676/302 1317/811/446 1234/844/465
f 1138/537/286 1145/845/439 1146/846/468
f 1138/537/286 1179/549/293 1145/845/439
f 3199/847/469 3215/848/469 3239/849/469
f 1175/474/240 1024/850/388 1212/475/258
f 1008/843/305 1049/800/354 1017/799/441
f 1184/569/307 119/851/389 636/804/444
f 1223/783/339 1102/782/432 1104/852/393
f 3199/853/247 3245/854/440 3216/855/470
f 311/856/356 445/785/405 314/857/357
f 2709/617/336 1766/683/375 2712/858/471
f 442/729/362 446/704/386 490/766/421
f 626/572/310 629/606/327 638/859/472
f 1224/630/341 1230/738/404 1235/860/473
f 1454/709/313 1281/861/442 119/710/389
f 634/746/409 639/862/474 635/764/420
f 1104/852/393 1102/782/432 1261/863/475
f 1202/823/175 1146/864/468 1203/817/450
f 488/649/251 446/751/386 441/650/353
f 1224/630/341 1235/860/473 1231/771/424
f 1202/330/175 1144/554/298 1146/865/468
f 2902/866/457 2933/867/476 2931/868/458
f 1012/869/332 1105/870/477 1103/793/384
f 1183/597/322 1190/871/478 1280/819/451
f 441/650/353 314/655/357 449/775/427
f 2708/615/334 2710/648/352 1514/812/447
f 1507/585/317 1512/872/479 1509/634/343
f 2752/441/234 1501/443/235 2754/873/480
f 620/430/229 635/764/420 639/862/474
f 1214/506/270 1018/874/459 1050/723/391
f 2902/866/457 2953/875/481 2933/867/476
f 1182/737/330 1188/876/482 1017/877/441
f 443/721/396 317/878/483 447/762/418
f 617/379/200 640/879/484 641/880/485
f 1139/610/331 117/718/394 1143/763/419
f 1321/758/329 1278/760/416 1326/881/486
f 3971/882/454 3972/883/487 3787/884/455
f 1012/869/332 1106/885/488 1105/870/477
f 2752/886/234 2713/887/489 2751/888/397
f 314/655/357 445/889/405 448/774/426
f 1179/842/293 1019/890/490 1185/891/403
f 3217/892/491 3252/893/492 3218/894/493
f 1313/622/337 1315/647/351 1318/895/494
f 3246/896/495 3255/897/495 3247/898/495
f 2942/899/437 2058/900/496 2932/901/448
f 1506/711/312 1511/902/464 1510/903/410
f 1183/597/322 1187/904/417 1190/871/478
f 1050/713/391 1020/905/497 1015/714/392
f 312/522/221 118/906/498 168/523/278
f 2752/886/234 2754/907/480 2753/908/499
f 1506/711/312 1508/631/342 1511/902/464
f 1501/494/235 1511/838/464 1513/909/500
f 1175/474/240 1049/652/354 1025/910/501
f 2752/886/234 2753/908/499 2713/887/489
f 617/379/200 637/831/460 640/879/484
f 2832/911/502 2755/912/503 2852/913/504
f 1506/914/312 1531/915/505 630/635/344
f 442/729/362 490/766/421 491/916/506
f 119/917/389 120/918/443 121/919/507
f 1015/714/392 1020/905/497 1018/830/459
f 1281/802/442 1189/920/508 120/803/443
f 1760/605/271 1104/921/393 1226/665/366
f 1500/457/246 1503/534/284 1533/922/509
f 3244/791/289 3219/923/510 3213/792/438
f 1229/685/377 1233/810/445 1227/677/371
f 113/571/309 114/658/360 122/924/511
f 2942/925/437 2968/926/512 2058/927/496
f 450/928/364 636/929/444 496/930/513
f 3208/754/381 3253/931/514 3214/840/466
f 3246/796/274 3247/932/515 3245/797/440
f 619/414/220 632/719/395 642/933/516
f 1140/934/365 1149/935/517 123/936/387
f 1348/937/316 1220/938/315 1319/939/407
f 1275/657/359 1189/940/508 1281/834/442
f 1182/737/330 1185/736/403 1188/876/482
f 3217/941/491 3218/942/493 3248/943/518
f 2832/944/502 2852/945/504 2803/946/519
f 1179/842/293 1017/799/441 1019/890/490
f 520/699/226 521/701/363 492/947/520
f 1135/948/262 169/949/521 124/950/399
f 3240/720/295 3254/770/423 3242/951/368
f 617/379/200 641/880/485 622/440/233
f 2938/776/428 2051/778/430 2943/952/522
f 3208/693/381 3209/695/383 3253/953/514
f 1261/954/475 1260/955/523 1236/956/524
f 1259/957/411 1233/958/445 1236/956/524
f 1227/677/371 1233/810/445 1259/806/411
f 443/731/396 489/730/401 491/916/506
f 1144/765/298 1142/702/385 1146/846/468
f 2903/835/461 1929/959/525 2947/836/462
f 1258/419/222 1228/684/376 1264/960/413
f 1104/921/393 1261/954/475 1236/956/524
f 1050/961/526 1237/962/526 1238/963/526
f 2941/789/436 2968/964/512 2942/790/437
f 1272/588/292 1282/965/527 1274/759/345
f 2939/777/429 2944/966/528 2913/967/529
f 3786/968/530 3787/969/530 3789/970/530
f 2932/901/448 2058/900/496 1932/971/531
f 168/599/278 170/972/532 115/682/374
f 1007/563/304 1010/594/320 1063/689/379
f 3220/973/533 3249/974/534 3221/975/535
f 520/699/226 493/976/536 490/766/421
f 1104/921/393 1236/956/524 1235/860/473
f 444/667/367 447/977/418 342/978/537
f 1508/631/342 1513/979/500 1511/902/464
f 1259/957/411 1236/956/524 1260/955/523
f 1272/588/292 1277/728/400 1283/980/538
f 1105/870/477 1106/885/488 1107/981/539
f 111/424/227 115/682/374 114/658/360
f 1050/982/391 1022/983/540 1020/984/497
f 2901/827/456 1881/985/541 2902/828/457
f 1225/641/348 1233/810/445 1232/773/425
f 440/465/252 479/780/431 448/805/426
f 119/986/389 121/987/507 636/929/444
f 2938/776/428 2973/988/542 2939/777/429
f 1220/938/315 1349/989/543 1319/939/407
f 622/440/233 641/880/485 627/575/311
f 2942/814/437 2900/816/449 2967/990/544
f 442/729/362 491/916/506 489/730/401
f 2902/866/457 2935/991/545 2976/992/546
f 3220/973/533 3221/975/535 3222/993/547
f 1049/703/354 1018/830/459 1021/994/548
f 1277/728/400 1279/769/422 1284/995/549
f 2945/996/550 2946/997/551 2969/998/552
f 2940/788/435 2942/790/437 2967/999/544
f 1508/631/342 1509/634/343 1512/872/479
f 3220/973/533 3222/993/547 3105/1000/553
f 1315/688/351 1455/687/378 1318/1001/494
f 1220/938/315 1320/1002/554 1349/989/543
f 1455/744/378 1319/743/407 1456/1003/555
f 1102/782/432 1246/1004/556 1261/863/475
f 1321/768/329 1284/995/549 1279/769/422
f 2697/385/203 2751/722/397 2714/1005/557
f 1321/1006/329 1313/622/337 1284/1007/549
f 1259/1008/411 1260/1009/523 1239/1010/558
f 2901/1011/456 2931/1012/458 2934/1013/559
f 444/667/367 342/978/537 315/1014/560
f 2903/835/461 2905/1015/561 2906/1016/562
f 3787/1017/455 3788/1018/563 3789/1019/564
f 3244/1020/289 3249/1021/534 3219/1022/510
f 634/746/409 633/745/408 639/862/474
f 448/805/426 479/780/431 451/1023/565
f 3787/884/455 3972/883/487 3788/1024/563
f 2939/777/429 2913/967/529 2912/841/467
f 1271/543/290 1280/819/451 1275/657/359
f 1528/1025/224 2757/1026/263 1529/1027/566
f 447/977/418 452/1028/567 342/978/537
f 1012/869/332 1132/1029/568 1106/885/488
f 3243/756/382 3211/755/415 3256/1030/569
f 1454/833/313 1276/678/372 1275/657/359
f 1050/1031/570 1238/1032/570 1022/1033/570
f 441/650/353 449/775/427 479/1034/431
f 1226/665/366 1104/921/393 1230/738/404
f 3217/892/491 3248/1035/518 3252/893/492
f 3244/1020/289 3205/1036/319 3249/1021/534
f 1313/675/337 1322/1037/571 1317/811/446
f 447/762/418 317/878/483 452/1038/567
f 2903/835/461 2904/837/463 2905/1015/561
f 2844/832/225 2711/1039/287 2719/1040/572
f 1349/1041/543 1323/1042/573 1350/1043/574
f 1220/938/315 1264/1044/413 1320/1002/554
f 2051/778/430 2944/1045/528 2943/952/522
f 1501/443/235 1513/1046/500 2754/873/480
f 1763/640/335 1762/639/347 1252/1047/575
f 1317/811/446 1324/1048/576 1234/844/465
f 2940/1049/435 2967/1050/544 2974/1051/577
f 3243/694/382 3256/1052/569 3209/695/383
f 1181/604/326 1203/1053/450 1186/741/406
f 1137/510/272 1143/763/419 1141/670/369
f 2902/866/457 2976/992/546 2953/875/481
f 3250/1054/578 3251/1055/579 3223/1056/580
f 2931/1057/458 2933/1058/476 2934/1059/559
f 3251/1055/579 3224/1060/581 3223/1056/580
f 3239/566/299 3215/1061/582 3255/567/306
f 1272/588/292 1283/980/538 1282/965/527
f 3205/1062/319 3241/726/350 3249/1063/534
f 1321/758/329 1326/881/486 1313/1064/337
f 1185/891/403 1019/890/490 1188/1065/482
f 114/658/360 115/682/374 125/1066/583
f 2755/912/503 2804/1067/584 2852/913/504
f 520/699/226 492/947/520 493/976/536
f 3786/824/453 2055/1068/585 3971/825/454
f 2709/617/336 2712/858/471 2710/648/352
f 1228/818/376 1231/771/424 1235/860/473
f 1278/760/416 1285/1069/586 1326/881/486
f 626/1070/310 492/1071/520 521/1072/363
f 1136/495/265 1147/1073/587 1140/664/365
f 3218/942/493 3257/1074/588 3248/943/518
f 1506/1075/589 1530/1076/589 1531/1077/589
f 636/929/444 121/987/507 496/930/513
f 1104/921/393 1235/860/473 1230/738/404
f 2946/997/551 2970/1078/590 2969/998/552
f 1103/793/384 1105/870/477 1102/782/432
f 1175/474/240 1025/910/501 1024/850/388
f 1349/1079/543 1350/1080/574 1325/1081/591
f 1180/596/321 1186/741/406 1145/794/439
f 3250/1054/578 3223/1056/580 3263/1082/592
f 3250/1083/593 3263/1084/593 3251/1085/593
f 626/572/310 638/859/472 643/1086/594
f 619/414/220 638/859/472 629/606/327
f 620/430/229 639/862/474 631/712/390
f 630/635/344 640/879/484 637/831/460
f 2697/385/203 2714/1005/557 2760/1087/595
f 1766/683/375 2715/1088/596 2712/858/471
f 1313/675/337 1323/1042/573 1322/1037/571
f 1319/1089/407 1349/1079/543 1325/1081/591
f 120/803/443 1189/920/508 1190/1090/478
f 1275/657/359 1280/819/451 1189/940/508
f 2976/992/546 2935/991/545 2977/1091/597
f 1531/915/505 644/1092/598 645/1093/599
f 2844/832/225 2719/1040/572 2868/808/412
f 1106/885/488 1132/1029/568 1108/1094/600
f 1497/409/216 1526/1095/601 1504/553/297
f 1313/1096/337 1326/1097/486 1323/1098/573
f 2939/777/429 2973/988/542 2944/966/528
f 1317/811/446 1322/1037/571 1324/1048/576
f 619/414/220 642/933/516 646/1099/602
f 1225/641/348 1234/839/465 1240/1100/603
f 1225/1101/348 1241/1102/604 1233/958/445
f 1235/860/473 1236/956/524 1242/1103/605
f 1762/639/347 1764/1104/606 1252/1047/575
f 1214/506/270 1024/707/388 1243/1105/607
f 1500/457/246 1533/922/509 1510/747/410
f 2945/996/550 2972/1106/608 2946/997/551
f 1102/782/432 1105/870/477 1107/981/539
f 2833/1107/609 2805/1108/610 1882/1109/611
f 2852/945/504 2806/1110/612 2803/946/519
f 1763/640/335 1765/1111/613 1766/1112/375
f 2903/835/461 2906/1016/562 1930/1113/614
f 168/523/278 126/1114/615 170/1115/532
f 312/784/221 313/786/433 130/1116/616
f 630/635/344 1531/915/505 645/1093/599
f 3249/974/534 3222/993/547 3221/975/535
f 2900/816/449 2907/1117/617 2967/990/544
f 630/635/344 645/1093/599 640/879/484
f 1228/818/376 1235/860/473 1262/1118/618
f 1187/761/417 120/803/443 1190/1090/478
f 3219/1119/510 3249/1120/534 3220/1121/533
f 1233/958/445 1241/1102/604 1236/956/524
f 2947/1122/462 2948/1123/619 2904/1124/463
f 496/1125/513 453/1126/620 454/1127/621
f 1259/1008/411 1239/1010/558 1194/1128/622
f 2051/1129/430 2912/1130/467 2052/1131/623
f 631/712/390 639/862/474 633/745/408
f 2968/1132/512 2974/1051/577 2967/1050/544
f 2832/911/502 2716/1133/624 2755/912/503
f 342/1134/537 452/1135/567 458/1136/625
f 448/774/426 455/1137/626 449/775/427
f 127/1138/249 124/950/399 169/949/521
f 1260/1009/523 1244/1139/627 1239/1010/558
f 2908/1140/628 2808/1141/629 2909/1142/630
f 3218/1143/493 3259/1144/631 3261/1145/632
f 448/805/426 451/1023/565 480/1146/633
f 443/731/396 491/916/506 490/766/421
f 479/780/431 480/1146/633 451/1023/565
f 2710/648/352 2712/858/471 2753/1147/499
f 3242/733/368 3254/1148/423 3210/734/402
f 2832/1149/502 2803/1150/519 2737/1151/634
f 3199/853/247 3216/855/470 3215/1152/582
f 2710/648/352 1513/1153/500 1514/812/447
f 311/668/356 444/667/367 315/1014/560
f 1274/759/345 1282/965/527 1278/760/416
f 1237/1154/635 1023/1155/636 1238/1156/637
f 1012/659/332 1013/660/361 1132/1157/568
f 2755/1158/503 2716/1159/624 2717/1160/638
f 627/575/311 641/880/485 632/719/395
f 632/719/395 641/880/485 642/933/516
f 1135/948/262 173/1161/639 169/949/521
f 2947/1122/462 2978/1162/640 2948/1123/619
f 2710/648/352 2754/1163/480 1513/1153/500
f 2909/1164/630 2910/1165/641 2911/1166/642
f 2908/1140/628 2909/1142/630 2911/1167/642
f 1138/537/286 1146/846/468 1142/702/385
f 1508/631/342 1514/1168/447 1513/979/500
f 2846/539/288 2868/749/412 2847/625/338
f 3218/1143/493 3261/1145/632 3257/1169/588
f 2947/1122/462 2949/1170/643 2978/1162/640
f 1531/915/505 1530/1171/644 644/1092/598
f 2946/997/551 2056/1172/645 2970/1078/590
f 311/856/356 313/786/433 445/785/405
f 2755/1173/503 2718/1174/646 2804/1175/584
f 2903/1176/647 1930/1177/647 1929/1178/647
f 3252/1179/492 3259/1144/631 3218/1143/493
f 2710/648/352 2753/1147/499 2754/1163/480
f 311/668/356 315/1014/560 316/1180/648
f 2051/778/430 2950/1181/649 2944/1045/528
f 1235/860/473 1242/1103/605 1262/1118/618
f 1190/1182/478 1189/1183/508 1308/1184/650
f 1135/948/262 123/936/387 173/1161/639
f 3252/1185/492 3248/943/518 3257/1074/588
f 1018/830/459 1243/1186/607 1021/994/548
f 113/571/309 128/1187/651 116/752/414
f 3219/1119/510 3220/1121/533 3105/1188/553
f 1506/711/312 1510/903/410 1530/1189/644
f 2908/1190/628 2807/1191/652 2808/1192/629
f 1187/761/417 1191/1193/653 120/803/443
f 1225/1194/348 1240/1195/603 1286/1196/654
f 1508/631/342 1512/872/479 1514/1168/447
f 2938/776/428 2951/1197/655 2973/988/542
f 2902/828/457 2936/1198/656 2935/1199/545
f 1214/1200/270 1243/1186/607 1018/830/459
f 117/718/394 138/1201/657 1143/763/419
f 2058/927/496 2968/926/512 2967/990/544
f 1132/1202/568 1109/1203/658 1131/1204/659
f 1455/744/378 1456/1003/555 1457/1205/660
f 1132/1029/568 1131/1206/659 1108/1094/600
f 1280/1207/451 1190/1208/478 1287/1209/661
f 1186/741/406 1203/1053/450 1145/794/439
f 3971/882/454 3996/1210/662 3972/883/487
f 3209/695/383 3256/1052/569 3253/953/514
f 121/1211/507 453/1126/620 496/1125/513
f 120/918/443 172/1212/663 121/919/507
f 2852/945/504 2809/1213/664 2806/1110/612
f 619/414/220 646/1099/602 638/859/472
f 1136/495/265 1141/670/369 1147/1073/587
f 2803/946/519 2806/1110/612 2849/1214/665
f 1225/1101/348 1245/1215/666 1241/1102/604
f 1261/1216/475 1242/1217/605 1260/1009/523
f 626/1070/310 494/1218/667 492/1071/520
f 1024/1219/388 1025/1220/501 1243/1186/607
f 1313/622/337 1318/895/494 1284/1007/549
f 115/682/374 170/972/532 129/1221/668
f 3207/1222/340 3212/1223/434 3225/1224/669
f 2755/1173/503 1775/1225/670 2718/1174/646
f 2751/888/397 2713/887/489 2756/1226/671
f 1141/670/369 1156/1227/672 1147/1073/587
f 2938/776/428 2943/952/522 2951/1197/655
f 3786/1228/453 3789/1229/564 2053/1230/673
f 2697/385/203 2719/1231/572 2711/772/287
f 2912/1232/674 2913/1233/674 2914/1234/674
f 3971/1235/454 3790/1236/675 3973/1237/676
f 1187/761/417 1203/817/450 1191/1193/653
f 1236/956/524 1263/1238/677 1242/1103/605
f 1132/1202/568 1093/1239/678 1109/1203/658
f 1259/1008/411 1296/1240/679 1193/1241/680
f 2945/996/550 2969/998/552 2980/1242/681
f 2058/927/496 2967/990/544 2907/1117/617
f 1322/1037/571 1327/1243/682 1324/1048/576
f 2852/913/504 2804/1067/584 2724/1244/683
f 2945/1245/550 2980/1246/681 2952/1247/684
f 2933/1058/476 2935/991/545 2934/1059/559
f 1322/1037/571 1323/1042/573 1327/1243/682
f 2933/1058/476 2977/1091/597 2935/991/545
f 3971/825/454 2055/1068/585 3790/1248/675
f 1239/1010/558 1244/1139/627 1194/1128/622
f 449/775/427 455/1137/626 479/1034/431
f 2933/1249/685 2953/1250/685 2977/1251/685
f 3210/1252/402 3226/1253/686 3212/1254/434
f 2902/828/457 1881/985/541 2936/1198/656
f 312/522/221 130/1255/616 118/906/498
f 1323/1098/573 1352/1256/687 1350/1257/574
f 2944/1045/528 2950/1181/649 2913/1258/529
f 2833/1259/609 1882/1260/611 1883/1261/688
f 1145/794/439 1203/1053/450 1146/1262/468
f 1010/594/320 1026/1263/689 1063/689/379
f 1766/683/375 1765/1264/613 2715/1088/596
f 1049/703/354 1021/994/548 1025/1220/501
f 3789/1265/564 3788/1266/563 2954/1267/690
f 2905/1015/561 2915/1268/691 2906/1016/562
f 3214/1269/466 3253/1270/514 3227/1271/692
f 1020/984/497 1022/983/540 1110/1272/693
f 120/803/443 1192/1273/694 172/1274/663
f 1013/660/361 1063/689/379 1132/1157/568
f 1261/1216/475 1262/1275/618 1242/1217/605
f 1017/799/441 1053/1276/695 1019/890/490
f 3210/1252/402 3254/1277/423 3226/1253/686
f 2904/1278/463 2955/1279/696 2905/1280/561
f 3215/1281/582 3216/1282/470 3051/1283/697
f 452/1284/567 462/1285/698 458/1286/625
f 317/1287/483 256/1288/699 452/1284/567
f 448/774/426 480/1289/633 455/1137/626
f 1261/1216/475 1246/1290/556 1262/1275/618
f 1260/1009/523 1242/1217/605 1244/1139/627
f 121/919/507 172/1212/663 131/1291/700
f 1350/1257/574 1352/1256/687 1457/1292/660
f 3219/1293/510 3105/1294/553 3052/1295/701
f 443/1296/396 493/1297/536 495/1298/702
f 450/1299/364 496/1300/513 497/1301/703
f 452/1284/567 318/1302/704 462/1285/698
f 1349/1041/543 1320/1303/554 1323/1042/573
f 1282/965/527 1283/980/538 1285/1069/586
f 1259/1008/411 1194/1128/622 1296/1240/679
f 2978/1162/640 2949/1170/643 2955/1304/696
f 1319/743/407 1458/1305/705 1456/1003/555
f 3255/1306/306 3228/1307/706 3247/1308/515
f 2947/1122/462 2905/1309/561 2949/1170/643
f 120/803/443 1191/1193/653 1192/1273/694
f 3211/755/415 3258/1310/707 3256/1030/569
f 1456/1311/555 1325/1081/591 1350/1080/574
f 3249/1312/534 3063/1313/708 3222/1314/547
f 3241/726/350 3266/725/398 3249/1063/534
f 2945/1315/709 2971/1316/709 2972/1317/709
f 2969/1318/552 2970/1319/590 2971/1320/710
f 1141/670/369 1143/763/419 1155/1321/711
f 168/523/278 118/906/498 126/1114/615
f 3786/1228/453 2054/1322/712 2055/1323/585
f 1326/1097/486 1351/1324/713 1323/1098/573
f 2941/1325/436 2956/1326/714 2968/1132/512
f 117/753/394 116/752/414 128/1187/651
f 1141/670/369 1155/1321/711 1156/1227/672
f 1181/604/326 1259/748/411 1193/1327/680
f 479/1034/431 455/1137/626 480/1289/633
f 2909/1164/630 2958/1328/715 2910/1165/641
f 2908/1140/628 2911/1167/642 2814/1329/716
f 1236/956/524 1241/1102/604 1263/1238/677
f 2940/1330/435 2956/1326/714 2941/1325/436
f 1050/1331/391 1018/1332/459 1237/1154/635
f 169/1333/521 173/1334/639 171/1335/717
f 342/1134/537 458/1136/625 319/1336/718
f 1106/885/488 1108/1094/600 1107/981/539
f 1228/818/376 1262/1118/618 1264/1337/413
f 1234/844/465 1324/1048/576 1240/1338/603
f 1280/1207/451 1288/1339/719 1189/1183/508
f 170/1340/532 132/1341/720 129/1342/668
f 2808/1141/629 2958/1343/715 2909/1142/630
f 170/1115/532 126/1114/615 171/1335/717
f 2906/1016/562 2915/1268/691 1930/1113/614
f 1320/1303/554 1327/1243/682 1323/1042/573
f 2833/1107/609 2810/1344/721 2805/1108/610
f 443/1296/396 495/1298/702 317/1345/483
f 1504/553/297 1515/1346/722 1507/585/317
f 1763/640/335 1252/1047/575 1765/1111/613
f 3971/1347/454 3973/1348/676 3996/1349/662
f 443/731/396 490/766/421 493/976/536
f 2908/1190/628 2811/1350/723 2812/1351/724
f 2808/1192/629 2807/1191/652 2813/1352/725
f 1280/1207/451 1287/1209/661 1306/1353/726
f 1190/1208/478 1308/1354/650 1287/1209/661
f 3207/1222/340 3225/1224/669 3264/1355/727
f 1017/877/441 1188/876/482 1194/1356/622
f 1143/763/419 1148/1357/728 1155/1321/711
f 3788/1358/563 3790/1248/675 2055/1068/585
f 3253/1270/514 3256/1359/569 3258/1360/707
f 453/1126/620 456/1361/729 457/1362/730
f 1102/782/432 1107/981/539 1246/1004/556
f 452/1284/567 256/1288/699 318/1302/704
f 2808/1141/629 2937/1363/731 2958/1343/715
f 1025/1220/501 1021/994/548 1243/1186/607
f 1456/1003/555 1350/1364/574 1457/1205/660
f 1189/1183/508 1195/1365/732 1308/1184/650
f 1280/1207/451 1306/1353/726 1288/1339/719
f 3255/567/306 3215/1061/582 3228/1366/706
f 3222/1314/547 3065/1367/733 3105/1368/553
f 3223/1056/580 3224/1060/581 3263/1082/592
f 317/1287/483 495/1369/702 256/1288/699
f 123/936/387 1149/935/517 173/1161/639
f 1017/877/441 1194/1356/622 1027/1370/734
f 2970/1319/590 2972/1371/608 2971/1320/710
f 2051/1129/430 2052/1131/623 2950/1372/649
f 2806/1110/612 2809/1213/664 2849/1214/665
f 1456/1311/555 1458/1373/705 1325/1081/591
f 1278/760/416 1282/965/527 1285/1069/586
f 2751/722/397 2756/1374/671 2759/1375/735
f 2713/887/489 2753/908/499 2720/1376/736
f 3786/1228/453 2053/1230/673 2054/1322/712
f 3252/1377/492 3269/1378/737 3259/1379/631
f 3252/1377/492 3257/1380/588 3229/1381/738
f 2943/952/522 2944/1045/528 2973/1382/542
f 115/682/374 129/1221/668 125/1066/583
f 1238/1383/637 1023/1384/636 1022/983/540
f 2905/1309/561 2955/1304/696 2949/1170/643
f 638/859/472 646/1099/602 643/1086/594
f 1109/1203/658 1111/1385/739 1131/1204/659
f 1930/1386/614 2915/1387/691 1880/1388/740
f 1181/604/326 1193/1327/680 1203/1053/450
f 1455/687/378 1474/1389/741 1318/1001/494
f 2969/1390/552 2971/1391/710 2979/1392/742
f 1319/1089/407 1325/1081/591 1458/1373/705
f 1063/1393/743 1058/1394/743 1132/1395/743
f 2970/1396/590 2056/1397/645 2057/1398/744
f 1225/1194/348 1286/1196/654 1245/1399/666
f 1324/1048/576 1327/1243/682 1240/1338/603
f 126/1114/615 133/1400/745 171/1335/717
f 2947/1401/746 2915/1402/746 2905/1403/746
f 2847/1404/338 2868/1405/412 2719/1406/572
f 2908/1190/628 2814/1407/716 2811/1350/723
f 3214/1408/466 3260/1409/747 3269/1410/737
f 3211/1411/415 3214/1408/466 3269/1410/737
f 3788/1266/563 2055/1412/585 2954/1267/690
f 2943/952/522 2957/1413/748 2951/1197/655
f 1019/890/490 1053/1276/695 1051/1414/749
f 3222/1314/547 3063/1313/708 3065/1367/733
f 1242/1217/605 1263/1415/677 1244/1139/627
f 453/1126/620 457/1362/730 454/1127/621
f 626/572/310 643/1086/594 498/1416/750
f 2833/1259/609 1883/1261/688 2815/1417/751
f 458/1418/625 459/1419/752 460/1420/753
f 1107/981/539 1112/1421/754 1246/1004/556
f 2808/1422/629 2811/1350/723 2937/1423/731
f 1020/984/497 1110/1272/693 1131/1206/659
f 3213/1424/438 3219/1293/510 3052/1295/701
f 454/1127/621 457/1362/730 461/1425/755
f 3207/1222/340 3264/1355/727 3254/1426/423
f 2968/1132/512 2956/1326/714 2974/1051/577
f 2908/1190/628 2812/1351/724 2807/1191/652
f 2804/1175/584 2718/1174/646 2721/1427/756
f 1189/1183/508 1288/1339/719 1195/1365/732
f 1497/1428/216 647/1429/757 1526/1430/601
f 169/1333/521 171/1335/717 133/1400/745
f 458/1136/625 460/1431/753 343/1432/758
f 3213/1424/438 3052/1295/701 3105/1294/553
f 2935/1433/545 2936/1434/656 2934/1013/559
f 458/1418/625 462/1435/698 459/1419/752
f 1762/639/347 1761/638/346 1767/1436/759
f 2757/1437/263 2847/1404/338 2719/1406/572
f 1277/728/400 1289/1438/760 1283/980/538
f 640/879/484 645/1093/599 641/880/485
f 2904/1278/463 2948/1439/619 2955/1279/696
f 3213/1424/438 3105/1294/553 3053/1440/761
f 3263/1441/592 3054/1442/762 3262/1443/763
f 1241/1102/604 1245/1215/666 1263/1238/677
f 3211/1411/415 3269/1410/737 3258/1444/707
f 1503/1445/284 1532/1446/764 1533/1447/509
f 118/906/498 130/1255/616 134/1448/765
f 1528/1025/224 1532/1446/764 1503/1445/284
f 3251/1449/579 3263/1450/592 3262/1451/763
f 170/1340/532 171/1452/717 135/1453/766
f 2757/1437/263 2722/1454/767 1529/1455/566
f 1108/1094/600 1131/1206/659 1113/1456/768
f 1132/1457/568 1058/1458/769 1093/1459/678
f 2805/1108/610 2729/1460/770 1882/1109/611
f 2713/887/489 2720/1376/736 2723/1461/771
f 2757/1437/263 2719/1406/572 2722/1454/767
f 1510/903/410 1525/1462/772 1530/1189/644
f 1194/1356/622 1204/1463/773 1027/1370/734
f 1530/1189/644 1525/1462/772 1516/1464/774
f 2805/1108/610 2815/1417/751 2729/1460/770
f 2753/908/499 2758/1465/775 2720/1376/736
f 2832/1149/502 2737/1151/634 2760/1466/595
f 1932/1467/531 2058/1468/496 1977/1469/776
f 2832/1470/502 2760/1087/595 2716/1159/624
f 3259/1471/631 3054/1472/762 3261/1473/632
f 113/571/309 122/924/511 128/1187/651
f 3269/1474/737 3260/1475/747 3055/1476/777
f 311/668/356 316/1180/648 313/1477/433
f 1188/876/482 1031/1478/778 1194/1356/622
f 2751/722/397 2759/1375/735 2714/1005/557
f 2833/1259/609 2815/1417/751 2816/1479/779
f 3252/1377/492 3229/1381/738 3269/1378/737
f 129/1342/668 132/1341/720 136/1480/780
f 1318/895/494 1459/1481/781 1284/1007/549
f 2833/1107/609 2817/1482/782 2810/1344/721
f 342/978/537 345/1483/783 315/1014/560
f 1507/585/317 1515/1346/722 1512/872/479
f 1203/817/450 1308/1484/650 1191/1193/653
f 2940/1485/784 2975/1486/784 2956/1487/784
f 1455/744/378 1457/1205/660 1474/1488/741
f 1497/431/216 631/712/390 647/1489/757
f 2901/1011/456 2934/1013/559 1916/1490/785
f 126/1114/615 137/1491/786 133/1400/745
f 170/1340/532 135/1453/766 132/1341/720
f 1131/1206/659 1110/1272/693 1113/1456/768
f 1018/1332/459 1023/1155/636 1237/1154/635
f 256/1288/699 255/1492/787 318/1302/704
f 117/753/394 128/1187/651 138/1493/657
f 2901/1494/456 1916/1495/785 1917/1496/788
f 1768/1497/789 1773/1498/790 1813/1499/791
f 2714/1005/557 2716/1159/624 2760/1087/595
f 1107/981/539 1108/1094/600 1112/1421/754
f 1308/1500/650 1290/1501/792 1287/1502/661
f 3253/1270/514 3258/1360/707 3227/1271/692
f 2697/385/203 2760/1087/595 2719/1231/572
f 2900/1503/793 2917/1504/793 2907/1505/793
f 2912/1506/467 2914/1507/794 1994/1508/795
f 127/1138/249 169/949/521 139/1509/796
f 3214/1269/466 3227/1271/692 3260/1510/747
f 3245/797/440 3062/1511/797 3216/1512/470
f 1323/1098/573 1351/1324/713 1352/1256/687
f 1246/1290/556 1265/1513/798 1262/1275/618
f 1203/1053/450 1193/1327/680 1308/1514/650
f 3257/1380/588 3261/1515/632 3229/1381/738
f 496/1125/513 454/1127/621 461/1425/755
f 3788/1516/563 3974/1517/799 3790/1236/675
f 121/1518/507 131/1519/700 463/1520/800
f 1022/983/540 1023/1384/636 1110/1272/693
f 1318/1001/494 1474/1389/741 1459/1521/781
f 458/1136/625 343/1432/758 319/1336/718
f 114/658/360 131/1522/700 122/924/511
f 1191/1193/653 1298/1523/801 1192/1273/694
f 2948/1439/619 3267/1524/802 2955/1279/696
f 3251/1449/579 3230/1525/803 3224/1526/581
f 2804/1175/584 2721/1427/756 2724/1527/683
f 3254/1528/423 3067/1529/804 3226/1530/686
f 122/924/511 131/1522/700 172/1531/663
f 1017/799/441 1027/1532/734 1052/1533/805
f 1510/747/410 1533/922/509 1516/1534/774
f 1308/1484/650 1195/1535/732 1191/1193/653
f 2712/858/471 2758/1536/775 2753/1147/499
f 462/1285/698 318/1302/704 344/1537/806
f 1277/728/400 1284/995/549 1289/1438/760
f 2940/1538/807 2974/1539/807 2975/1540/807
f 1017/799/441 1052/1533/805 1053/1276/695
f 1143/763/419 138/1201/657 1148/1357/728
f 121/1211/507 456/1361/729 453/1126/620
f 1240/1338/603 1352/1541/687 1286/1542/654
f 2910/1543/641 2958/1544/715 2959/1545/808
f 1286/1542/654 1352/1541/687 1351/1546/713
f 1194/1128/622 1244/1139/627 1204/1547/773
f 173/1548/639 135/1453/766 171/1452/717
f 1530/1171/644 647/1489/757 644/1092/598
f 1510/747/410 1516/1534/774 1525/1549/772
f 3262/1550/763 3265/1551/809 3231/1552/810
f 2943/952/522 2973/1382/542 2960/1553/811
f 2756/1226/671 2723/1461/771 2759/1554/735
f 2953/1555/481 2976/1556/546 2961/1557/812
f 1109/1203/658 1093/1239/678 1060/1558/813
f 1244/1139/627 1263/1415/677 1307/1559/814
f 2755/1560/503 2725/1561/815 1775/1562/670
f 1320/1002/554 1328/1563/816 1327/1564/682
f 1287/1502/661 1290/1501/792 1291/1565/817
f 3262/1550/763 3103/1566/818 3265/1551/809
f 1147/1073/587 1156/1227/672 144/1567/819
f 1020/1568/497 1131/1204/659 1114/1569/820
f 462/1435/698 464/1570/821 459/1419/752
f 1191/1193/653 1195/1535/732 1298/1523/801
f 2901/1494/456 1917/1496/788 1881/1571/541
f 450/663/364 497/1572/703 633/745/408
f 3263/1573/592 3261/1473/632 3054/1472/762
f 1131/1204/659 1111/1385/739 1114/1569/820
f 643/1086/594 646/1099/602 498/1416/750
f 3254/1528/423 3264/1574/727 3067/1529/804
f 2716/1159/624 2759/1375/735 2717/1160/638
f 3224/1575/581 3261/1473/632 3263/1573/592
f 1514/1168/447 1512/872/479 1460/1576/822
f 2833/1259/609 2816/1479/779 2817/1577/782
f 2945/1245/550 2983/1578/823 2971/1579/710
f 2714/1005/557 2759/1375/735 2716/1159/624
f 2958/1580/715 2937/1581/731 2963/1582/824
f 2805/1108/610 2816/1479/779 2815/1417/751
f 1246/1004/556 1112/1421/754 1265/1583/798
f 127/717/249 1028/1584/825 1010/594/320
f 3790/1236/675 3974/1517/799 3973/1237/676
f 2948/1585/619 2978/1586/640 3268/1587/826
f 1149/1588/517 140/1589/827 173/1548/639
f 2945/1245/550 2952/1247/684 2983/1578/823
f 1140/664/365 1147/1073/587 144/1567/819
f 118/906/498 137/1491/786 126/1114/615
f 121/1518/507 463/1520/800 465/1590/828
f 2814/1591/716 2963/1582/824 2937/1581/731
f 3265/1592/809 3103/1593/818 3231/1594/810
f 172/1595/663 1155/1321/711 1148/1357/728
f 122/924/511 141/1596/829 128/1187/651
f 626/1070/310 498/1597/750 494/1218/667
f 3231/1594/810 3103/1593/818 3060/1598/830
f 313/1477/433 316/1180/648 320/1599/831
f 2805/1108/610 2810/1344/721 2816/1479/779
f 1528/1025/224 1529/1027/566 1532/1446/764
f 2758/1465/775 1519/1600/832 2726/1601/833
f 1240/1338/603 1327/1243/682 1352/1541/687
f 1245/1215/666 1307/1602/814 1263/1238/677
f 1287/1502/661 1291/1565/817 1307/1603/814
f 2953/1555/481 2961/1557/812 2977/1604/834
f 460/1605/753 321/1606/835 343/1607/758
f 1286/1196/654 1292/1608/836 1245/1399/666
f 1762/639/347 1767/1436/759 1764/1104/606
f 118/906/498 142/1609/837 143/1610/838
f 1512/872/479 1515/1346/722 1460/1576/822
f 1530/1189/644 1516/1464/774 1517/1611/839
f 2852/945/504 2818/1612/840 2809/1213/664
f 462/1285/698 344/1537/806 470/1613/841
f 3249/1614/534 3232/1615/842 3063/1616/708
f 172/1617/663 1192/1618/694 1155/1619/711
f 1326/881/486 1331/1620/843 1351/1621/713
f 1140/664/365 144/1567/819 1149/1622/517
f 1149/1588/517 144/1623/819 140/1589/827
f 2712/858/471 2715/1088/596 2758/1536/775
f 3972/883/487 3996/1210/662 3788/1024/563
f 1288/1339/719 1309/1624/844 1195/1365/732
f 2976/1625/845 2977/1626/845 2962/1627/845
f 2976/1628/546 2962/1629/846 2961/1630/812
f 459/1419/752 321/1631/835 460/1420/753
f 2723/1461/771 2720/1376/736 2759/1554/735
f 3260/1475/747 3106/1632/847 3104/1633/848
f 631/712/390 633/745/408 647/1489/757
f 1287/1502/661 1307/1603/814 1306/1634/726
f 1018/1332/459 1020/1635/497 1114/1636/820
f 2913/1258/529 2950/1181/649 2914/1637/794
f 3213/1424/438 3056/1638/849 3057/1639/850
f 1883/1261/688 1887/1640/851 2815/1417/751
f 118/906/498 134/1448/765 142/1609/837
f 256/1288/699 495/1369/702 322/1641/852
f 494/1218/667 498/1597/750 499/1642/853
f 456/1361/729 459/1419/752 464/1570/821
f 1188/1065/482 1019/890/490 1029/1643/854
f 644/1092/598 648/1644/855 645/1093/599
f 1264/1645/413 1262/1646/618 1265/1647/798
f 1288/1339/719 1306/1353/726 1293/1648/856
f 2755/1158/503 2717/1160/638 2724/1649/683
f 1286/1196/654 1351/1650/713 1292/1608/836
f 2718/1174/646 1775/1225/670 2727/1651/857
f 3259/1652/631 3269/1474/737 3055/1476/777
f 3251/1449/579 3262/1451/763 3230/1525/803
f 3266/1653/398 3232/1615/842 3249/1614/534
f 130/1255/616 175/1654/858 134/1448/765
f 2946/997/551 2972/1106/608 2056/1172/645
f 2720/1376/736 2758/1465/775 2726/1601/833
f 3259/1652/631 3058/1655/859 3054/1442/762
f 456/1361/729 466/1656/860 457/1362/730
f 118/906/498 143/1610/838 137/1491/786
f 3213/1424/438 3059/1657/861 3056/1638/849
f 1245/1399/666 1306/1658/726 1307/1659/814
f 1882/1660/611 1819/1661/862 1883/1662/688
f 114/658/360 125/1066/583 145/1663/863
f 1245/1399/666 1292/1608/836 1306/1658/726
f 1111/1385/739 1115/1664/864 1114/1569/820
f 3103/1665/818 3102/1666/865 3060/1667/830
f 3213/1424/438 3053/1440/761 3059/1657/861
f 3259/1652/631 3055/1476/777 3058/1655/859
f 2803/1668/519 2849/1669/665 2850/1670/866
f 1023/1384/636 1113/1456/768 1110/1272/693
f 142/1609/837 146/1671/867 143/1610/838
f 127/717/249 139/1672/796 1028/1584/825
f 1519/1600/832 2728/1673/868 2726/1601/833
f 2755/1560/503 2724/1674/683 1779/1675/869
f 1327/1564/682 1328/1563/816 1352/1676/687
f 342/1134/537 319/1336/718 345/1677/783
f 3105/1294/553 3059/1657/861 3053/1440/761
f 456/1361/729 467/1678/870 466/1656/860
f 3224/1679/581 3230/1680/803 3261/1515/632
f 1306/1658/726 1292/1608/836 1293/1681/856
f 1882/1682/871 2729/1683/871 1884/1684/871
f 3060/1667/830 3102/1666/865 3061/1685/872
f 173/1548/639 140/1589/827 135/1453/766
f 1457/1205/660 1329/1686/873 1474/1488/741
f 3216/1282/470 3101/1687/874 3051/1283/697
f 3216/1688/470 3062/1689/797 3101/1690/874
f 138/1201/657 147/1691/875 1148/1357/728
f 1108/1094/600 1113/1456/768 1112/1421/754
f 3245/797/440 3247/932/515 3062/1511/797
f 2974/1051/577 2956/1326/714 2975/1692/876
f 641/880/485 645/1093/599 649/1693/877
f 2943/952/522 2960/1553/811 2957/1413/748
f 469/1694/878 323/1695/879 324/1696/880
f 3260/1475/747 3104/1633/848 3055/1476/777
f 1019/890/490 1051/1414/749 1030/1697/881
f 2814/1407/716 2937/1423/731 2811/1350/723
f 2948/1585/619 3268/1587/826 3233/1698/882
f 456/1361/729 464/1570/821 467/1678/870
f 456/1361/729 321/1631/835 459/1419/752
f 2973/1699/542 2951/1700/655 2960/1701/811
f 2978/1702/883 2955/1703/883 3268/1704/883
f 2718/1174/646 2727/1651/857 2721/1427/756
f 2911/1167/642 2963/1705/824 2814/1329/716
f 1768/1706/789 2730/1707/884 2763/1708/885
f 313/1477/433 320/1599/831 349/1709/886
f 128/1187/651 147/1710/875 138/1493/657
f 315/1014/560 320/1599/831 316/1180/648
f 1326/881/486 1285/1069/586 1331/1620/843
f 1188/1065/482 1029/1643/854 1031/1711/778
f 2759/1554/735 2720/1376/736 2761/1712/887
f 2947/836/462 1929/959/525 2916/1713/888
f 2971/1579/710 2983/1578/823 2979/1714/742
f 169/1333/521 133/1400/745 137/1491/786
f 1264/1044/413 1249/1715/889 1320/1002/554
f 3266/1716/398 3057/1717/850 3232/1718/842
f 1308/1719/650 1193/1720/680 1250/1721/890
f 121/1211/507 468/1722/891 456/1361/729
f 2948/1585/619 3233/1698/882 3267/1723/802
f 3105/1294/553 3110/1724/892 3059/1657/861
f 1194/1356/622 1031/1478/778 1296/1725/679
f 1307/1603/814 1291/1565/817 1248/1726/893
f 2977/1727/834 2961/1630/812 2962/1629/846
f 1504/553/297 1526/1095/601 1515/1346/722
f 2715/1088/596 2731/1728/894 2758/1536/775
f 1320/1002/554 1249/1715/889 1328/1563/816
f 2719/1406/572 2760/1729/595 2732/1730/895
f 2958/1544/715 2982/1731/896 2959/1545/808
f 3063/1732/708 3064/1733/897 3065/1734/733
f 2912/1506/467 1994/1508/795 2059/1735/898
f 122/924/511 147/1710/875 141/1596/829
f 464/1570/821 321/1736/835 467/1678/870
f 172/1595/663 1148/1357/728 147/1691/875
f 457/1737/730 481/1738/899 461/1739/755
f 457/1362/730 466/1656/860 481/1740/899
f 1533/1447/509 1532/1446/764 1519/1741/832
f 3226/1530/686 3067/1529/804 3234/1742/900
f 2717/1160/638 2759/1375/735 2733/1743/901
f 2958/1544/715 2963/1744/824 2982/1731/896
f 1019/890/490 1030/1697/881 1029/1643/854
f 1288/1339/719 1293/1648/856 1309/1624/844
f 1027/1532/734 1204/1745/773 1052/1533/805
f 1882/1660/611 1884/1746/902 1819/1661/862
f 1474/1389/741 1475/1747/903 1459/1521/781
f 3055/1476/777 3104/1633/848 3058/1655/859
f 2807/1748/652 2812/1749/724 2813/1750/725
f 321/1736/835 466/1656/860 467/1678/870
f 3215/1281/582 3109/1751/904 3228/1752/706
f 122/924/511 172/1531/663 147/1710/875
f 3262/1443/763 3102/1753/865 3103/1754/818
f 146/1671/867 148/1755/905 174/1756/906
f 1533/922/509 1517/1757/839 1516/1534/774
f 132/1341/720 135/1453/766 136/1480/780
f 128/1187/651 141/1596/829 147/1710/875
f 2724/1527/683 2721/1427/756 1779/1758/869
f 492/947/520 522/1759/907 493/976/536
f 3247/1308/515 3228/1307/706 3109/1760/904
f 1195/1365/732 1309/1624/844 1294/1761/908
f 1308/1762/650 1295/1763/909 1290/1764/792
f 469/1765/878 325/1766/910 323/1767/879
f 2980/1246/681 2964/1768/911 2952/1247/684
f 1063/689/379 1026/1263/689 1064/1769/912
f 3063/1732/708 3066/1770/913 3064/1733/897
f 3057/1639/850 3056/1638/849 3114/1771/914
f 1768/1772/789 1813/1773/791 2730/1774/884
f 318/1775/704 301/1776/915 344/1777/806
f 3225/1778/669 3104/1633/848 3106/1632/847
f 462/1779/698 469/1765/878 464/1780/821
f 2952/1247/684 2964/1768/911 2983/1578/823
f 3996/1349/662 3973/1348/676 3995/1781/916
f 633/745/408 650/1782/917 647/1489/757
f 174/1756/906 149/1783/918 150/1784/919
f 3996/1785/662 3995/1786/916 3975/1787/920
f 1519/1600/832 2734/1788/921 2728/1673/868
f 2758/1789/775 1518/1790/922 1519/1791/832
f 2951/1700/655 2957/1792/748 2960/1701/811
f 1457/1205/660 1352/1793/687 1329/1686/873
f 2717/1160/638 2764/1794/923 2724/1649/683
f 456/1361/729 468/1722/891 321/1631/835
f 1109/1203/658 1116/1795/924 1111/1385/739
f 2969/1390/552 2979/1392/742 2980/1796/681
f 1290/1501/792 1248/1726/893 1291/1565/817
f 500/1797/925 471/1798/926 274/1799/927
f 146/1671/867 174/1756/906 150/1784/919
f 344/1800/806 274/1799/927 470/1801/841
f 2809/1802/664 2818/1803/840 2851/1804/928
f 3261/1515/632 3072/1805/929 3229/1381/738
f 2758/1536/775 2731/1728/894 1518/1806/922
f 1529/1027/566 1519/1741/832 1532/1446/764
f 3225/1807/669 3051/1283/697 3104/1808/848
f 1010/594/320 1028/1584/825 1026/1263/689
f 464/1570/821 469/1809/878 321/1736/835
f 3063/1732/708 3232/1718/842 3066/1770/913
f 321/1810/835 469/1694/878 324/1696/880
f 1192/1618/694 1150/1811/930 1155/1619/711
f 344/1812/806 260/1813/931 274/1814/927
f 1284/1007/549 1459/1481/781 1289/1815/760
f 2970/1396/590 2057/1398/744 1997/1816/932
f 641/880/485 646/1099/602 642/933/516
f 3062/1689/797 3114/1817/914 3101/1690/874
f 1193/1720/680 1296/1818/679 1250/1721/890
f 1514/1819/447 1460/1820/822 1461/1821/933
f 2055/1323/585 2054/1322/712 2954/1822/690
f 319/1336/718 343/1432/758 348/1823/934
f 2955/1824/935 3267/1825/935 3268/1826/935
f 2910/1827/641 2965/1828/936 2911/1829/642
f 3269/1378/737 3229/1381/738 3072/1805/929
f 1769/1830/937 1770/1831/938 1771/1832/939
f 1930/1386/614 1880/1388/740 1935/1833/940
f 1264/1645/413 1265/1647/798 1247/1834/941
f 1929/1835/525 1930/1836/614 1931/1837/942
f 1283/980/538 1289/1438/760 1285/1069/586
f 644/1092/598 647/1489/757 648/1644/855
f 3225/1838/669 3067/1839/804 3264/1840/727
f 1292/1608/836 1297/1841/943 1293/1681/856
f 121/1518/507 465/1590/828 468/1842/891
f 3262/1443/763 3068/1843/944 3102/1753/865
f 496/1300/513 461/1844/755 501/1845/945
f 2808/1846/629 2813/1750/725 1885/1847/946
f 2815/1417/751 1887/1640/851 2729/1460/770
f 318/1775/704 255/1848/787 301/1776/915
f 3054/1442/762 3068/1843/944 3262/1443/763
f 1053/1849/695 1055/1850/947 1051/1851/749
f 1051/1851/749 1032/1852/948 1030/1853/881
f 143/1610/838 146/1671/867 150/1784/919
f 137/1491/786 149/1783/918 174/1756/906
f 470/1801/841 274/1799/927 471/1798/926
f 3054/1442/762 3058/1655/859 3068/1843/944
f 3262/1550/763 3231/1552/810 3235/1854/949
f 2912/1506/467 2059/1735/898 2052/1855/623
f 2755/1560/503 1814/1856/950 2725/1561/815
f 3051/1283/697 3101/1687/874 3104/1808/848
f 344/1777/806 301/1776/915 326/1857/951
f 1761/638/346 1772/1858/952 1767/1436/759
f 1114/1569/820 1115/1664/864 1117/1859/953
f 256/1860/699 322/1861/852 257/1862/954
f 2970/1396/590 1997/1816/932 2972/1863/608
f 3105/1864/553 3065/1734/733 3069/1865/955
f 1533/1447/509 1519/1741/832 1517/1866/839
f 1244/1139/627 1307/1559/814 1248/1867/893
f 1051/1851/749 1055/1850/947 1033/1868/956
f 137/1491/786 143/1610/838 149/1783/918
f 344/1812/806 326/1869/951 260/1813/931
f 2759/1375/735 2761/1870/887 2733/1743/901
f 2947/836/462 2916/1713/888 2915/1871/691
f 500/1797/925 274/1799/927 502/1872/957
f 3788/1516/563 3996/1873/662 3974/1517/799
f 142/1609/837 151/1874/958 148/1755/905
f 1051/1851/749 1033/1868/956 1032/1852/948
f 1308/1762/650 1250/1875/890 1295/1763/909
f 645/1093/599 648/1644/855 649/1693/877
f 114/658/360 145/1663/863 482/1876/959
f 1519/1791/832 1518/1790/922 1537/1877/960
f 2058/927/496 2907/1117/617 2917/1878/961
f 3247/1879/515 3114/1817/914 3062/1689/797
f 3267/1723/802 3233/1698/882 3268/1587/826
f 2980/1796/681 2979/1392/742 2983/1880/823
f 2755/1560/503 1779/1675/869 1814/1856/950
f 3227/1881/692 3258/1882/707 3075/1883/962
f 3225/1838/669 3106/1884/847 3067/1839/804
f 313/1885/433 338/1886/963 130/1887/616
f 343/1607/758 321/1606/835 327/1888/964
f 3231/1594/810 3060/1598/830 3070/1889/965
f 2911/1829/642 2965/1828/936 2963/1744/824
f 2934/1013/559 2936/1434/656 1916/1490/785
f 2720/1376/736 2726/1601/833 2735/1890/966
f 2972/1863/608 2060/1891/967 2056/1892/645
f 3262/1893/763 3235/1894/949 3230/1895/803
f 1031/1711/778 1029/1643/854 1052/1896/805
f 462/1779/698 325/1766/910 469/1765/878
f 2811/1897/723 1886/1898/968 2812/1899/724
f 1195/1365/732 918/1900/969 1298/1901/801
f 633/745/408 651/1902/970 650/1782/917
f 2726/1601/833 2728/1673/868 2735/1890/966
f 3060/1667/830 3061/1685/872 3070/1903/965
f 1773/1904/790 1774/1905/971 1813/1906/791
f 1290/1501/792 1299/1907/972 1248/1726/893
f 1053/1908/695 1052/1896/805 1029/1643/854
f 3261/1515/632 3230/1680/803 3072/1805/929
f 2731/1728/894 2736/1909/973 1518/1806/922
f 2910/1910/641 2959/1911/808 3088/1912/974
f 1112/1421/754 1118/1913/975 1265/1583/798
f 492/1071/520 494/1218/667 522/1914/907
f 1244/1139/627 1248/1867/893 1204/1547/773
f 1290/1501/792 1297/1915/943 1299/1907/972
f 1290/1501/792 1309/1916/844 1297/1915/943
f 494/1218/667 499/1642/853 503/1917/976
f 2849/1669/665 2851/1804/928 2850/1670/866
f 1290/1764/792 1295/1763/909 1309/1918/844
f 493/1297/536 322/1919/852 495/1298/702
f 256/1860/699 257/1862/954 255/1848/787
f 2852/1920/977 2740/1921/977 2818/1922/977
f 319/1336/718 328/1923/978 345/1677/783
f 125/1066/583 129/1221/668 145/1663/863
f 1112/1421/754 1113/1456/768 1118/1913/975
f 1769/1924/937 1816/1925/979 2762/1926/980
f 1309/1624/844 1293/1648/856 1297/1927/943
f 143/1610/838 150/1784/919 149/1783/918
f 321/1736/835 468/1928/891 466/1656/860
f 466/1656/860 468/1928/891 481/1740/899
f 646/1929/602 499/1642/853 498/1597/750
f 142/1609/837 148/1755/905 146/1671/867
f 321/1810/835 324/1696/880 327/1930/964
f 315/1014/560 266/1931/981 320/1599/831
f 1192/1618/694 1298/1932/801 1151/1933/982
f 1093/1934/678 1059/1935/983 1060/1936/813
f 461/1739/755 481/1738/899 511/1937/984
f 1530/1938/644 1517/1939/839 647/1429/757
f 2963/1744/824 2965/1828/936 2982/1731/896
f 1264/1645/413 1247/1834/941 1249/1940/889
f 3102/1753/865 3068/1843/944 3107/1941/985
f 175/1654/858 174/1756/906 148/1755/905
f 1769/1830/937 1771/1832/939 1816/1942/979
f 2808/1846/629 1885/1847/946 2811/1943/723
f 3056/1638/849 3059/1657/861 3071/1944/986
f 3065/1734/733 3064/1733/897 3069/1865/955
f 1296/1725/679 1052/1945/805 1204/1946/773
f 3269/1947/737 3072/1948/929 3236/1949/987
f 313/1477/433 349/1709/886 329/1950/988
f 2980/1951/681 2981/1952/989 2964/1953/911
f 1515/1346/722 1462/1954/990 1460/1576/822
f 134/1448/765 175/1654/858 152/1955/991
f 135/1453/766 140/1589/827 136/1480/780
f 3056/1638/849 3101/1956/874 3114/1771/914
f 315/1014/560 330/1957/992 266/1931/981
f 3996/1785/662 3975/1787/920 3974/1958/799
f 2972/1863/608 1997/1816/932 2060/1891/967
f 1109/1203/658 1060/1558/813 1116/1795/924
f 1519/1959/832 1534/1960/993 1517/1961/839
f 2910/1962/641 3088/1963/974 2965/1964/936
f 3231/1965/810 3070/1903/965 3073/1966/994
f 2900/1967/995 1934/1968/996 1938/1969/997
f 3104/1970/848 3101/1956/874 3074/1971/998
f 345/1972/783 327/1930/964 324/1696/880
f 3102/1666/865 3107/1973/985 3061/1685/872
f 2760/1729/595 2737/1974/634 2853/1975/999
f 496/1300/513 501/1845/945 497/1301/703
f 1352/1976/687 1469/1977/1000 1329/1978/873
f 2851/1804/928 2818/1803/840 2850/1670/866
f 3258/1882/707 3269/1979/737 3236/1980/987
f 134/1448/765 151/1874/958 142/1609/837
f 3973/1348/676 3974/1981/799 3995/1781/916
f 343/1607/758 353/1982/1001 356/1983/1002
f 3230/1895/803 3235/1894/949 3072/1948/929
f 2900/1967/995 1932/1984/531 1934/1968/996
f 2980/1985/1003 2983/1986/1003 2981/1987/1003
f 1352/1676/687 1328/1563/816 1330/1988/1004
f 2762/1989/980 1776/1990/1005 1770/1991/938
f 1351/1650/713 1300/1992/1006 1292/1608/836
f 500/1797/925 502/1872/957 471/1798/926
f 3106/1884/847 3075/1993/962 3076/1994/1007
f 345/1972/783 324/1696/880 323/1695/879
f 3077/1995/1008 3078/1996/1009 3079/1997/1010
f 462/1779/698 470/1998/841 325/1766/910
f 3789/1229/564 2954/1999/690 2068/2000/1011
f 1195/1365/732 1294/1761/908 918/1900/969
f 2763/2001/885 2738/2002/1012 1773/1498/790
f 1018/1332/459 1114/1636/820 1023/1155/636
f 2058/1468/496 2917/2003/961 1977/1469/776
f 493/1297/536 504/2004/1013 322/1919/852
f 1932/2005/531 1933/2006/1014 1934/2007/996
f 1192/1618/694 1151/1933/982 1150/1811/930
f 315/1014/560 345/1483/783 330/1957/992
f 175/1654/858 148/1755/905 153/2008/1015
f 346/2009/1016 331/2010/1017 347/2011/1018
f 1296/2012/679 1204/1547/773 1248/1867/893
f 3059/1657/861 3110/1724/892 3071/1944/986
f 323/1767/879 325/1766/910 346/2013/1016
f 323/1767/879 346/2013/1016 347/2014/1018
f 493/1297/536 522/2015/907 504/2004/1013
f 1053/1908/695 1029/1643/854 1030/1697/881
f 1296/1725/679 1031/1478/778 1052/1945/805
f 3974/1958/799 3975/1787/920 3976/2016/1019
f 2803/2017/519 2853/2018/999 2737/2019/634
f 3077/1995/1008 3079/1997/1010 3080/2020/1020
f 114/658/360 482/1876/959 131/1522/700
f 2715/1088/596 1765/1264/613 1783/2021/1021
f 2852/913/504 2724/1244/683 2740/2022/1022
f 2915/1387/691 2916/2023/888 1880/1388/740
f 343/1607/758 327/1888/964 353/1982/1001
f 470/2024/841 471/2025/926 483/2026/1023
f 3104/1633/848 3108/2027/1024 3058/1655/859
f 1883/1662/688 1866/2028/1025 1887/2029/851
f 1529/1027/566 2734/2030/921 1519/1741/832
f 3231/1965/810 3073/1966/994 3235/1894/949
f 1093/2031/678 1117/1859/953 1115/1664/864
f 1775/2032/670 2725/2033/815 2727/2034/857
f 646/1929/602 503/1917/976 499/1642/853
f 2715/1088/596 2739/2035/1026 2731/1728/894
f 3061/1685/872 3107/1973/985 3108/2036/1024
f 461/1844/755 472/2037/1027 501/1845/945
f 3061/1685/872 3073/1966/994 3070/1903/965
f 1883/1662/688 1819/1661/862 1866/2028/1025
f 3057/1717/850 3066/1770/913 3232/1718/842
f 1328/1563/816 1353/2038/1028 1330/1988/1004
f 3258/1882/707 3236/1980/987 3075/1883/962
f 1296/2012/679 1248/1867/893 1250/2039/890
f 1111/1385/739 1116/1795/924 1115/1664/864
f 3247/1879/515 3109/2040/904 3114/1817/914
f 1309/1624/844 1310/2041/1029 1294/1761/908
f 1023/1384/636 1114/2042/820 1119/2043/1030
f 136/1480/780 140/1589/827 154/2044/1031
f 1770/1831/938 1776/2045/1005 1777/2046/1032
f 2950/1372/649 1994/1508/795 2914/1507/794
f 1248/1726/893 1299/1907/972 1301/2047/1033
f 2728/1673/868 2734/1788/921 2735/1890/966
f 3974/1981/799 3976/2048/1019 3995/1781/916
f 148/1755/905 151/1874/958 152/1955/991
f 2717/1160/638 2733/1743/901 2764/1794/923
f 1460/1820/822 1462/2049/990 1461/1821/933
f 343/1607/758 352/2050/1034 348/2051/934
f 3105/1864/553 3069/1865/955 3110/2052/892
f 1250/1875/890 1248/1726/893 1301/2047/1033
f 2725/2033/815 1814/2053/950 1778/2054/1035
f 3058/1655/859 3108/2027/1024 3068/1843/944
f 1929/1835/525 1931/1837/942 1980/2055/1036
f 2721/1427/756 2727/1651/857 1779/1758/869
f 346/2009/1016 264/2056/1037 331/2010/1017
f 313/1885/433 329/2057/988 338/1886/963
f 1053/2058/695 1034/2059/1038 1114/2060/820
f 1053/1849/695 1114/2061/820 1035/2062/1039
f 3061/1685/872 3108/2036/1024 3073/1966/994
f 1292/1608/836 1331/2063/843 1297/1841/943
f 2729/2064/770 1887/2029/851 1821/2065/1040
f 3067/1839/804 3106/1884/847 3076/1994/1007
f 1352/1976/687 1330/2066/1004 1469/1977/1000
f 2731/1728/894 2739/2035/1026 2736/1909/973
f 2762/1989/980 1816/2067/979 1776/1990/1005
f 2965/1964/936 3088/1963/974 2966/2068/1041
f 1761/2069/346 1514/1819/447 1461/1821/933
f 471/1798/926 502/1872/957 505/2070/1042
f 470/1998/841 350/2071/1043 325/1766/910
f 2763/1708/885 2730/1707/884 2738/2072/1012
f 461/1739/755 511/1937/984 472/2073/1027
f 468/2074/891 511/1937/984 481/1738/899
f 134/1448/765 152/1955/991 151/1874/958
f 2056/1892/645 2061/2075/1044 2057/2076/744
f 494/1218/667 503/1917/976 506/2077/1045
f 2959/1911/808 2982/2078/896 3088/1912/974
f 349/2079/886 338/1886/963 329/2057/988
f 137/2080/786 174/2081/906 175/2082/858
f 169/949/521 137/2080/786 139/1509/796
f 1053/2083/695 1030/1853/881 1054/2084/1046
f 1299/1907/972 1310/2085/1029 1301/2047/1033
f 3068/1843/944 3108/2027/1024 3107/1941/985
f 3077/1995/1008 3080/2020/1020 3081/2086/1047
f 3077/1995/1008 3111/2087/1048 3078/1996/1009
f 323/1695/879 347/2088/1018 332/2089/1049
f 1518/1790/922 1520/2090/1050 1537/1877/960
f 2719/1406/572 2732/1730/895 2722/1454/767
f 2760/1729/595 2853/1975/999 2732/1730/895
f 1114/1569/820 1117/1859/953 1035/2091/1039
f 1292/1608/836 1300/1992/1006 1331/2063/843
f 131/1519/700 473/2092/1051 463/1520/800
f 1518/2093/922 2736/2094/973 1463/2095/1052
f 1309/1918/844 1295/1763/909 1310/2085/1029
f 301/2096/915 302/2097/1053 326/2098/951
f 3789/1229/564 2004/2099/1054 2053/1230/673
f 2724/2100/683 2764/2101/923 2740/2102/1022
f 274/1814/927 260/1813/931 262/2103/1055
f 331/2010/1017 333/2104/1056 347/2011/1018
f 1515/1346/722 1527/2105/1057 1462/1954/990
f 3072/1948/929 3235/1894/949 3236/1949/987
f 1297/1915/943 1310/2085/1029 1299/1907/972
f 3064/1733/897 3066/1770/913 3082/2106/1058
f 3064/1733/897 3082/2106/1058 3069/1865/955
f 1023/1384/636 1119/2043/1030 1120/2107/1059
f 1114/2060/820 1034/2059/1038 1036/2108/1060
f 1265/2109/798 1118/2110/975 1251/2111/1061
f 1526/2112/601 1517/2113/839 1515/2114/722
f 1474/1488/741 1464/2115/1062 1475/2116/903
f 3077/1995/1008 3081/2086/1047 3111/2087/1048
f 346/2009/1016 333/2117/1056 264/2056/1037
f 255/1848/787 257/1862/954 301/1776/915
f 2900/1967/995 1938/1969/997 2917/2118/961
f 3078/1996/1009 3112/2119/1063 3079/1997/1010
f 2729/2064/770 1821/2065/1040 1884/2120/902
f 130/1255/616 338/2121/963 175/1654/858
f 2982/2078/896 3089/2122/1064 3088/1912/974
f 1093/2031/678 1095/2123/1065 1117/1859/953
f 2812/1749/724 1888/2124/1066 2813/1750/725
f 319/1336/718 348/1823/934 328/1923/978
f 3079/1997/1010 3083/2125/1067 3080/2020/1020
f 1250/1875/890 1310/2085/1029 1295/1763/909
f 2818/1803/840 2740/2126/1022 2854/2127/1068
f 1156/2128/672 1155/1619/711 1152/2129/1069
f 2727/2130/857 1814/2131/950 1779/2132/869
f 1462/2133/990 1521/2134/1070 1520/2090/1050
f 2982/2078/896 2965/1964/936 2966/2068/1041
f 1929/2135/525 1980/2136/1036 2916/2023/888
f 3056/1638/849 3074/1971/998 3101/1956/874
f 1351/2137/1071 1331/2138/1071 1300/2139/1071
f 3057/1717/850 3114/2140/914 3066/1770/913
f 131/1519/700 482/2141/959 474/2142/1072
f 1770/1831/938 1777/2046/1032 1780/2143/1073
f 3079/1997/1010 3084/2144/1074 3083/2125/1067
f 1518/2093/922 1463/2095/1052 1520/2145/1050
f 3067/1839/804 3085/2146/1075 3234/2147/900
f 325/1766/910 350/2071/1043 347/2148/1018
f 470/2024/841 483/2026/1023 350/2149/1043
f 323/1695/879 332/2089/1049 334/2150/1076
f 652/2151/1077 666/2152/1078 653/2153/1079
f 148/1755/905 152/1955/991 153/2008/1015
f 1537/1877/960 1520/2090/1050 1521/2134/1070
f 3067/1839/804 3076/1994/1007 3085/2146/1075
f 2734/1788/921 2741/2154/1080 2735/1890/966
f 1462/2049/990 1520/2145/1050 1465/2155/1081
f 1519/1959/832 1535/2156/1082 1534/1960/993
f 1529/1455/566 2722/1454/767 2742/2157/1083
f 3789/1229/564 2068/2000/1011 2004/2099/1054
f 1117/2158/953 1095/2159/1065 1121/2160/1084
f 3234/2147/900 3085/2146/1075 3086/2161/1085
f 343/1607/758 356/1983/1002 352/2050/1034
f 3056/1638/849 3071/1944/986 3074/1971/998
f 1764/2162/606 1767/2163/759 1249/1715/889
f 349/2079/886 348/2164/934 338/1886/963
f 2052/1131/623 1994/1508/795 2950/1372/649
f 465/1590/828 511/2165/984 468/1842/891
f 1093/1459/678 1096/2166/1086 1095/2167/1065
f 3071/1944/986 3111/2168/1048 3074/1971/998
f 2720/1376/736 2743/2169/1087 2761/1712/887
f 1887/2029/851 1866/2028/1025 1821/2065/1040
f 131/1519/700 474/2142/1072 475/2170/1088
f 1053/2058/695 1054/2171/1046 1034/2059/1038
f 1250/1875/890 1301/2047/1033 1310/2085/1029
f 1773/1904/790 2738/2172/1012 1774/1905/971
f 2720/1376/736 2735/1890/966 2743/2169/1087
f 1462/2133/990 1527/2173/1057 1521/2134/1070
f 131/1519/700 475/2170/1088 473/2092/1051
f 3086/2161/1085 3085/2146/1075 3087/2174/1089
f 1032/1852/948 1033/1868/956 1037/2175/1090
f 3110/1724/892 3111/2168/1048 3071/1944/986
f 1114/2042/820 1036/2176/1060 1119/2043/1030
f 1515/2114/722 1517/2113/839 1534/2177/993
f 652/2178/1077 667/2179/1091 654/2180/1092
f 1053/1849/695 1035/2062/1039 1057/2181/1093
f 648/1644/855 655/2182/1094 649/1693/877
f 349/2183/886 328/1923/978 348/1823/934
f 3088/2184/1095 3089/2185/1095 2966/2186/1095
f 2982/2078/896 2966/2068/1041 3089/2122/1064
f 3073/1966/994 3108/2036/1024 3081/2187/1047
f 129/1221/668 176/2188/1096 145/1663/863
f 1053/1849/695 1057/2181/1093 1055/1850/947
f 1093/1459/678 1058/1458/769 1061/2189/1097
f 502/1872/957 472/2037/1027 507/2190/1098
f 1519/1959/832 1536/2191/1099 1535/2156/1082
f 471/1798/926 505/2070/1042 483/2192/1023
f 2053/1230/673 2062/2193/1100 2054/1322/712
f 463/1520/800 511/2165/984 465/1590/828
f 2056/1892/645 2060/1891/967 1996/2194/1101
f 508/2195/1102 509/2196/1103 304/2197/1104
f 1026/1263/689 1028/1584/825 1064/1769/912
f 1328/1563/816 1249/1715/889 1353/2038/1028
f 3104/1633/848 3081/2198/1047 3108/2027/1024
f 1526/1430/601 647/1429/757 1517/1939/839
f 3075/1993/962 3087/2174/1089 3076/1994/1007
f 3235/1894/949 3073/1966/994 3081/2187/1047
f 3078/2199/1009 3111/2200/1048 3090/2201/1105
f 2735/1890/966 2741/2154/1080 2743/2169/1087
f 641/880/485 656/2202/1106 646/1099/602
f 1529/1455/566 2742/2157/1083 2734/2203/921
f 1060/1936/813 1059/1935/983 1062/2204/1107
f 3109/2205/904 3086/2161/1085 3087/2174/1089
f 508/2195/1102 510/2206/1108 509/2196/1103
f 1063/2207/379 1064/2208/912 1058/2209/769
f 3104/1970/848 3074/1971/998 3081/2210/1047
f 1030/1853/881 1032/1852/948 1054/2084/1046
f 2983/2211/823 2964/1953/911 2981/1952/989
f 1034/2059/1038 1054/2171/1046 1038/2212/1109
f 1819/2213/862 1884/2214/902 1820/2215/1110
f 3074/1971/998 3111/2168/1048 3081/2210/1047
f 1519/1959/832 1537/2216/960 1536/2191/1099
f 1155/1619/711 1150/1811/930 1152/2129/1069
f 633/745/408 497/1572/703 651/1902/970
f 345/1972/783 323/1695/879 335/2217/1111
f 2816/2218/779 2855/2219/1112 2817/2220/782
f 2810/2221/721 2817/2222/782 2856/2223/1113
f 3078/2199/1009 3090/2201/1105 3112/2224/1063
f 331/2225/1017 258/2226/1114 333/2227/1056
f 1023/1384/636 1120/2107/1059 1113/1456/768
f 2810/2221/721 2856/2223/1113 2816/2218/779
f 1813/1773/791 1781/2228/1115 2730/1774/884
f 2732/1730/895 2740/2102/1022 2744/2229/1116
f 1156/1227/672 156/2230/1117 144/1567/819
f 333/2117/1056 510/2231/1108 508/2232/1102
f 647/1489/757 655/2182/1094 648/1644/855
f 2803/2017/519 2857/2233/1118 2853/2018/999
f 2761/1870/887 2743/2234/1087 2733/1743/901
f 322/1861/852 259/2235/1119 257/1862/954
f 2732/1730/895 2745/2236/1120 2742/2157/1083
f 2732/1730/895 2744/2229/1116 2746/2237/1121
f 348/2164/934 352/2238/1034 155/2239/1122
f 652/2178/1077 654/2180/1092 666/2240/1078
f 502/1872/957 507/2190/1098 505/2070/1042
f 2722/1454/767 2732/1730/895 2742/2157/1083
f 1819/2213/862 1820/2215/1110 1864/2241/1123
f 494/1218/667 523/2242/1124 522/1914/907
f 175/2082/858 338/2243/963 1/2244/1125
f 511/2245/984 507/2190/1098 472/2037/1027
f 2732/1730/895 2858/2246/1126 2740/2102/1022
f 1095/2159/1065 1075/2247/1127 1121/2160/1084
f 1117/2158/953 1121/2160/1084 1036/2176/1060
f 1298/1932/801 1153/2248/1128 1151/1933/982
f 1916/2249/785 1919/2250/1129 1917/2251/788
f 2734/2203/921 2742/2157/1083 2745/2236/1120
f 3075/1993/962 3236/1949/987 3087/2174/1089
f 3076/1994/1007 3087/2174/1089 3085/2146/1075
f 1117/2158/953 1036/2176/1060 1035/2252/1039
f 345/2253/783 335/2254/1111 330/2255/992
f 646/1929/602 506/2077/1045 503/1917/976
f 2056/1892/645 1996/2194/1101 2061/2075/1044
f 1060/1936/813 1062/2204/1107 1094/2256/1130
f 1819/2257/862 1864/2258/1123 1866/2259/1025
f 1881/2260/541 1918/2261/1131 1889/2262/1132
f 2732/1730/895 2746/2237/1121 2745/2236/1120
f 348/2164/934 155/2239/1122 338/1886/963
f 3066/1770/913 3114/2140/914 3113/2263/1133
f 1932/2005/531 1977/2264/776 1933/2006/1014
f 129/1342/668 136/1480/780 176/2265/1096
f 1093/1459/678 1061/2189/1097 1096/2166/1086
f 1252/2266/1134 1764/2267/1134 1784/2268/1134
f 320/1599/831 336/2269/1135 349/1709/886
f 260/2270/931 261/2271/1136 262/2272/1055
f 320/2273/831 338/1886/963 336/2274/1135
f 1297/1915/943 1345/2275/1137 1310/2085/1029
f 1761/2069/346 1461/1821/933 1772/2276/952
f 1252/1047/575 1782/2277/1138 1765/1111/613
f 260/2270/931 326/2098/951 261/2271/1136
f 3080/2020/1020 3083/2125/1067 3091/2278/1139
f 175/1654/858 153/2008/1015 152/1955/991
f 3066/1770/913 3092/2279/1140 3082/2106/1058
f 323/1695/879 334/2150/1076 335/2217/1111
f 1515/1346/722 1466/2280/1141 1527/2105/1057
f 483/2281/1023 476/2282/1142 350/2283/1043
f 3079/1997/1010 2859/2284/1143 3084/2144/1074
f 2744/2229/1116 2747/2285/1144 2746/2237/1121
f 320/1599/831 337/2286/1145 338/2287/963
f 3109/2205/904 3113/2288/1133 3114/2289/914
f 1121/2160/1084 1075/2247/1127 1122/2290/1146
f 3069/1865/955 3082/2106/1058 3092/2279/1140
f 511/2291/984 476/2292/1142 507/2293/1098
f 345/1677/783 328/1923/978 351/2294/1147
f 483/2192/1023 505/2070/1042 507/2190/1098
f 463/2295/800 482/2296/959 511/2291/984
f 137/2080/786 175/2082/858 1/2244/1125
f 1093/2297/678 1065/2298/1148 1059/2299/983
f 301/1776/915 257/1862/954 263/2300/1149
f 1118/2110/975 1123/2301/1150 1251/2111/1061
f 3110/2052/892 3069/1865/955 3111/2200/1048
f 3079/1997/1010 3112/2119/1063 2859/2284/1143
f 1032/1852/948 1037/2175/1090 1054/2084/1046
f 1058/2209/769 1064/2208/912 1042/2302/1151
f 1034/2059/1038 1038/2212/1109 1036/2108/1060
f 1461/1821/933 1462/2049/990 1465/2155/1081
f 264/2056/1037 333/2117/1056 508/2232/1102
f 1881/2260/541 1889/2262/1132 2936/2303/656
f 3995/1786/916 3976/2016/1019 3975/1787/920
f 1055/1850/947 1056/2304/1152 1033/1868/956
f 641/880/485 649/1693/877 515/2305/1153
f 2740/2126/1022 2858/2306/1126 2854/2127/1068
f 322/1861/852 504/2307/1013 259/2235/1119
f 2954/1822/690 2054/1322/712 2068/2308/1011
f 482/2296/959 477/2309/1154 511/2291/984
f 1331/2063/843 1345/2310/1137 1297/1841/943
f 1764/2162/606 1249/1715/889 1784/2311/1155
f 3066/1770/913 3113/2263/1133 3115/2312/1156
f 2732/1730/895 2853/1975/999 2858/2246/1126
f 3066/1770/913 3115/2312/1156 3092/2279/1140
f 1330/2066/1004 1332/2313/1157 1333/2314/1158
f 1033/1868/956 1056/2304/1152 1037/2175/1090
f 1113/1456/768 1120/2107/1059 1118/1913/975
f 331/2225/1017 264/2315/1037 303/2316/1159
f 511/2291/984 354/2317/1160 476/2292/1142
f 1055/2318/947 1038/2212/1109 1054/2171/1046
f 482/2296/959 157/2319/1161 477/2309/1154
f 1060/2320/813 1094/2321/1130 1116/2322/924
f 1035/2323/1039 1036/2108/1060 1039/2324/1162
f 347/2088/1018 350/2325/1043 339/2326/1163
f 320/1599/831 266/1931/981 337/2286/1145
f 2817/2327/1164 2855/2328/1164 2856/2329/1164
f 333/2117/1056 512/2330/1165 510/2231/1108
f 3069/1865/955 3092/2279/1140 3115/2312/1156
f 3235/1894/949 3081/2187/1047 3236/1949/987
f 1537/2216/960 1521/2331/1070 1538/2332/1166
f 1765/1111/613 1782/2277/1138 1783/2333/1021
f 345/1972/783 351/2334/1147 327/1930/964
f 2734/2203/921 2745/2236/1120 2765/2335/1167
f 511/2291/984 477/2309/1154 354/2317/1160
f 1880/1388/740 1890/2336/1168 1935/1833/940
f 494/1218/667 506/2077/1045 523/2242/1124
f 1474/1488/741 1522/2337/1169 1464/2115/1062
f 1520/2145/1050 1463/2095/1052 1465/2155/1081
f 2811/1897/723 1885/2338/946 1886/1898/968
f 1249/1715/889 1247/2339/941 1784/2311/1155
f 327/1930/964 7/2340/1170 353/2341/1001
f 483/2342/1023 507/2293/1098 476/2292/1142
f 2057/2076/744 2061/2075/1044 1997/2343/932
f 1095/2167/1065 1096/2166/1086 1097/2344/1171
f 353/2341/1001 7/2340/1170 355/2345/1172
f 1252/1047/575 1784/2346/1155 1782/2277/1138
f 347/2088/1018 339/2326/1163 332/2089/1049
f 649/1693/877 655/2182/1094 651/1902/970
f 1249/1715/889 1334/2347/1173 1353/2038/1028
f 3236/1949/987 3081/2187/1047 3087/2174/1089
f 2816/2218/779 2856/2223/1113 2855/2219/1112
f 349/2183/886 352/2348/1034 328/1923/978
f 331/2225/1017 303/2316/1159 258/2226/1114
f 338/1886/963 155/2239/1122 336/2274/1135
f 2734/2203/921 2765/2335/1167 2741/2349/1080
f 1813/1906/791 1774/1905/971 1785/2350/1174
f 1469/1977/1000 1330/2066/1004 1471/2351/1175
f 1055/1850/947 1057/2181/1093 1073/2352/1176
f 1294/1761/908 1310/2041/1029 1345/2353/1137
f 2740/2102/1022 2747/2285/1144 2744/2229/1116
f 1767/2163/759 1334/2347/1173 1249/1715/889
f 647/1489/757 650/1782/917 655/2182/1094
f 477/2354/1154 157/2355/1161 354/2356/1160
f 349/2357/886 336/2274/1135 352/2238/1034
f 1770/1831/938 1780/2143/1073 1786/2358/1177
f 1054/2084/1046 1037/2175/1090 1056/2304/1152
f 1880/1388/740 2916/2023/888 1980/2136/1036
f 301/2359/915 263/2360/1149 302/2361/1053
f 326/2098/951 302/2097/1053 303/2362/1159
f 1770/1831/938 1787/2363/1178 1771/1832/939
f 2745/2236/1120 2746/2237/1121 2747/2285/1144
f 2745/2236/1120 2747/2285/1144 2765/2335/1167
f 501/1845/945 472/2037/1027 502/1872/957
f 1093/2297/678 1115/2364/864 1065/2298/1148
f 1055/2318/947 1039/2324/1162 1038/2212/1109
f 1534/1960/993 1535/2156/1082 1539/2365/1179
f 2741/2154/1080 2765/2366/1167 2743/2169/1087
f 1330/2066/1004 1353/2367/1028 1332/2313/1157
f 353/2368/1001 355/2369/1172 157/2355/1161
f 3081/2187/1047 3115/2370/1156 3087/2174/1089
f 2736/2094/973 2739/2371/1026 1463/2095/1052
f 1527/2173/1057 1540/2372/1180 1521/2134/1070
f 3069/1865/955 3093/2373/1181 3111/2200/1048
f 509/2196/1103 510/2206/1108 512/2374/1165
f 649/1693/877 651/1902/970 515/2305/1153
f 476/2282/1142 354/2375/1160 355/2376/1172
f 3109/2205/904 3087/2174/1089 3113/2288/1133
f 509/2196/1103 512/2374/1165 304/2197/1104
f 1930/1836/614 1935/2377/940 1931/1837/942
f 1055/2318/947 1054/2171/1046 1056/2378/1152
f 264/2379/1037 265/2380/1182 303/2362/1159
f 3087/2174/1089 3115/2370/1156 3113/2288/1133
f 1150/1811/930 1151/1933/982 1047/2381/1183
f 264/2379/1037 508/2382/1102 265/2380/1182
f 3083/2125/1067 3094/2383/1184 3091/2278/1139
f 1353/2367/1028 1333/2314/1158 1332/2313/1157
f 1150/1811/930 1047/2381/1183 1152/2129/1069
f 266/2384/981 330/2255/992 267/2385/1185
f 1265/2109/798 1251/2111/1061 1247/2386/941
f 327/1930/964 160/2387/1186 7/2340/1170
f 646/1929/602 656/2388/1106 513/2389/1187
f 646/1929/602 513/2389/1187 506/2077/1045
f 641/880/485 515/2305/1153 656/2202/1106
f 1881/1571/541 1917/1496/788 1918/2390/1131
f 137/2080/786 1/2244/1125 139/1509/796
f 1119/2043/1030 1121/2160/1084 1122/2290/1146
f 327/1930/964 351/2334/1147 160/2387/1186
f 2812/1899/724 1886/1898/968 1891/2391/1188
f 1884/2214/902 1821/2392/1040 1820/2215/1110
f 354/2356/1160 157/2355/1161 355/2369/1172
f 1119/2043/1030 1036/2176/1060 1121/2160/1084
f 144/1623/819 156/2393/1117 140/1589/827
f 2733/1743/901 2743/2234/1087 2764/1794/923
f 650/1782/917 651/1902/970 655/2182/1094
f 353/2368/1001 157/2355/1161 176/2394/1096
f 326/2098/951 303/2362/1159 261/2271/1136
f 1298/1932/801 1154/2395/1189 1153/2248/1128
f 2764/2101/923 2747/2285/1144 2740/2102/1022
f 145/2396/863 157/2319/1161 482/2296/959
f 2812/1749/724 1891/2397/1188 1888/2124/1066
f 1066/2398/1190 1067/2399/1191 1068/2400/1192
f 1036/2108/1060 1038/2212/1109 1039/2324/1162
f 1067/2399/1191 1069/2401/1193 1068/2400/1192
f 3080/2020/1020 3091/2278/1139 3081/2086/1047
f 2725/2033/815 1788/2402/1194 1789/2403/1195
f 136/1480/780 154/2044/1031 176/2265/1096
f 1247/2386/941 1815/2404/1196 1784/2405/1155
f 1118/1913/975 748/2406/1197 1123/2407/1150
f 2053/1230/673 2004/2099/1054 2062/2193/1100
f 3112/2224/1063 3090/2201/1105 3095/2408/1198
f 1527/2409/1057 1466/2410/1141 1544/2411/1199
f 1459/1521/781 1475/1747/903 1467/2412/1200
f 1062/2204/1107 1125/2413/1201 1124/2414/1202
f 332/2415/1049 268/2416/1203 334/2417/1076
f 1977/2264/776 1936/2418/1204 1933/2006/1014
f 497/1572/703 515/2305/1153 651/1902/970
f 1474/1488/741 1329/1686/873 1522/2337/1169
f 482/2141/959 484/2419/1205 474/2142/1072
f 1028/1584/825 1040/2420/1206 1064/1769/912
f 1813/1906/791 1785/2350/1174 1781/2421/1115
f 1880/1388/740 1892/2422/1207 1890/2336/1168
f 1294/1761/908 1345/2353/1137 919/2423/1208
f 333/2117/1056 340/2424/1209 512/2330/1165
f 1289/2425/760 1459/2426/781 1467/2427/1200
f 1294/1761/908 919/2423/1208 918/1900/969
f 2054/1322/712 2062/2193/1100 2063/2428/1210
f 2715/1088/596 1783/2021/1021 2739/2035/1026
f 1055/2318/947 1073/2429/1176 1039/2324/1162
f 497/1301/703 501/1845/945 514/2430/1211
f 1771/1832/939 1787/2363/1178 1816/1942/979
f 2853/2431/999 2857/2432/1118 2858/2306/1126
f 1515/2433/722 1522/2434/1169 1466/2410/1141
f 1062/2204/1107 1124/2414/1202 1094/2256/1130
f 3112/2119/1063 3116/2435/1212 2859/2284/1143
f 506/2077/1045 392/2436/1213 523/2242/1124
f 1917/2437/788 1893/2438/1214 1918/2439/1131
f 3083/2125/1067 3084/2144/1074 3094/2383/1184
f 1059/2299/983 1065/2298/1148 1101/2440/1215
f 1784/2441/1155 1792/2442/1216 1782/2443/1138
f 7/2340/1170 285/2444/1217 355/2345/1172
f 3084/2144/1074 2859/2284/1143 3096/2445/1218
f 1156/2128/672 1152/2129/1069 156/2446/1117
f 1521/2331/1070 1540/2447/1180 1538/2332/1166
f 145/1663/863 176/2188/1096 157/2448/1161
f 1247/2386/941 1251/2111/1061 1253/2449/1219
f 3084/2144/1074 3096/2445/1218 3094/2383/1184
f 463/1520/800 484/2450/1205 482/2451/959
f 1066/2452/1190 1070/2453/1220 1067/2454/1191
f 508/2382/1102 304/2455/1104 305/2456/1221
f 1124/2457/1202 1125/2458/1201 1074/2459/1222
f 2725/2033/815 1778/2054/1035 1788/2402/1194
f 1059/1935/983 1101/2460/1215 1062/2204/1107
f 1119/2043/1030 1122/2290/1146 1126/2461/1223
f 1067/2399/1191 1070/2462/1220 1069/2401/1193
f 1094/2463/1130 1124/2464/1202 1071/2465/1224
f 652/2151/1077 653/2153/1079 667/2466/1091
f 1115/2364/864 1116/2322/924 1065/2298/1148
f 2730/2467/884 1790/2468/1225 2738/2172/1012
f 1535/2156/1082 1536/2191/1099 1541/2469/1226
f 1057/2470/1093 1072/2471/1227 1073/2472/1176
f 350/2283/1043 476/2282/1142 285/2473/1217
f 350/2283/1043 285/2473/1217 339/2474/1163
f 3111/2200/1048 3093/2373/1181 3090/2201/1105
f 1463/2095/1052 1468/2475/1228 1465/2155/1081
f 2813/1750/725 1888/2124/1066 1921/2476/1229
f 3081/2086/1047 3097/2477/1230 3115/2478/1156
f 353/2479/1001 176/2480/1096 158/2481/1231
f 3069/1865/955 3115/2312/1156 3093/2373/1181
f 3112/2224/1063 3095/2408/1198 3116/2482/1212
f 2859/2483/1143 3116/2484/1212 2749/2485/1232
f 334/2417/1076 268/2416/1203 335/2254/1111
f 476/2282/1142 355/2376/1172 285/2473/1217
f 1285/1069/586 1289/1438/760 1331/1620/843
f 1075/2247/1127 1069/2486/1193 1122/2290/1146
f 1784/2441/1155 1815/2487/1196 1792/2442/1216
f 3081/2086/1047 3091/2278/1139 3097/2477/1230
f 1062/2204/1107 1128/2488/1233 1125/2413/1201
f 3095/2408/1198 3098/2489/1234 3116/2482/1212
f 2764/2101/923 2765/2335/1167 2747/2285/1144
f 1770/1831/938 1786/2358/1177 1787/2363/1178
f 1124/2464/1202 1074/2490/1222 1071/2465/1224
f 1095/2491/1065 1097/2492/1171 1075/2493/1127
f 1866/2259/1025 1864/2258/1123 1822/2494/1235
f 1251/2111/1061 1123/2301/1150 1253/2449/1219
f 1330/2066/1004 1335/2495/1236 1471/2351/1175
f 139/1672/796 1041/2496/1237 1028/1584/825
f 1767/2163/759 1783/2497/1021 1334/2347/1173
f 2730/2498/884 1781/2499/1115 1791/2500/1238
f 330/2255/992 335/2254/1111 268/2416/1203
f 1066/2398/1190 1068/2400/1192 1076/2501/1239
f 328/1923/978 352/2348/1034 162/2502/1240
f 261/2271/1136 303/2362/1159 265/2380/1182
f 1330/2066/1004 1333/2314/1158 1335/2495/1236
f 2739/2371/1026 1468/2475/1228 1463/2095/1052
f 508/2382/1102 305/2456/1221 265/2380/1182
f 463/1520/800 473/2092/1051 484/2450/1205
f 332/2415/1049 339/2503/1163 268/2416/1203
f 1066/2452/1190 1127/2504/1241 1070/2453/1220
f 353/1982/1001 158/2505/1231 356/1983/1002
f 1247/2386/941 1253/2449/1219 1815/2404/1196
f 1064/1769/912 1040/2420/1206 1042/2506/1151
f 356/2507/1002 159/2508/1242 7/2509/1170
f 257/1862/954 259/2235/1119 263/2300/1149
f 1994/2510/795 1995/2511/1243 2059/2512/898
f 497/1301/703 396/2513/1244 515/2514/1153
f 1783/2515/1021 1468/2475/1228 2739/2371/1026
f 356/2507/1002 158/2481/1231 159/2508/1242
f 2813/1750/725 1921/2476/1229 1836/2516/1245
f 328/1923/978 162/2502/1240 351/2294/1147
f 3449/2517/1246 3450/2518/1247 3451/2519/1248
f 1917/2437/788 1919/2520/1129 1893/2438/1214
f 356/2521/1002 160/2522/1186 352/2523/1034
f 1475/2116/903 1464/2115/1062 1522/2337/1169
f 4021/2524/1249 4070/2525/1250 4022/2526/1251
f 1515/2114/722 1534/2177/993 1522/2527/1169
f 1461/1821/933 1465/2155/1081 1468/2475/1228
f 2764/2101/923 2743/2528/1087 2765/2335/1167
f 1469/1977/1000 1471/2351/1175 1336/2529/1252
f 522/2015/907 523/2530/1124 504/2004/1013
f 1096/2531/1086 1057/2470/1093 1097/2532/1171
f 258/2533/1114 303/2534/1159 269/2535/1253
f 1353/2038/1028 1334/2347/1173 1337/2536/1254
f 1329/2537/873 1469/2538/1000 1336/2539/1252
f 1075/2493/1127 1077/2540/1255 1069/2541/1193
f 262/2272/1055 261/2271/1136 270/2542/1256
f 2854/2127/1068 2858/2306/1126 2857/2432/1118
f 302/2361/1053 271/2543/1257 303/2534/1159
f 304/2544/1104 512/2330/1165 340/2424/1209
f 1289/2425/760 1303/2545/1258 1331/2546/843
f 1039/2324/1162 1073/2429/1176 1043/2547/1259
f 333/2548/1056 258/2533/1114 272/2549/1260
f 3091/2278/1139 3094/2383/1184 3097/2477/1230
f 1075/2493/1127 1097/2492/1171 1077/2540/1255
f 1035/2323/1039 1039/2324/1162 1057/2550/1093
f 1782/2277/1138 1792/2551/1216 1341/2552/1261
f 504/2004/1013 523/2530/1124 431/2553/1262
f 656/2202/1106 515/2305/1153 513/2554/1187
f 2859/2483/1143 2749/2485/1232 3096/2555/1218
f 1534/2177/993 1542/2556/1263 1522/2527/1169
f 303/2534/1159 271/2543/1257 269/2535/1253
f 352/2238/1034 336/2274/1135 155/2239/1122
f 1977/2557/776 2917/2558/961 1937/2559/1264
f 1821/2392/1040 1823/2560/1265 1820/2215/1110
f 1814/2053/950 1788/2402/1194 1778/2054/1035
f 1815/2404/1196 1253/2449/1219 1793/2561/1266
f 154/2044/1031 177/2562/1267 176/2265/1096
f 1122/2290/1146 1127/2504/1241 1126/2461/1223
f 4021/2524/1249 4023/2563/1268 4070/2525/1250
f 1787/2564/1178 1815/2565/1196 1793/2566/1266
f 1537/2216/960 1538/2332/1166 1536/2191/1099
f 1534/1960/993 1539/2365/1179 1542/2567/1263
f 139/1509/796 1/2244/1125 1041/2568/1237
f 1461/1821/933 1783/2515/1021 1772/2276/952
f 667/2179/1091 528/2569/1269 654/2180/1092
f 140/1589/827 161/2570/1270 154/2044/1031
f 1535/2156/1082 1543/2571/1271 1539/2365/1179
f 1116/2322/924 1094/2321/1130 1065/2298/1148
f 302/2361/1053 273/2572/1272 271/2543/1257
f 1885/2338/946 1891/2391/1188 1886/1898/968
f 1066/2398/1190 1076/2501/1239 1071/2465/1224
f 333/2573/1056 272/2574/1260 340/2575/1209
f 1466/2410/1141 1470/2576/1273 1544/2411/1199
f 1062/2204/1107 1101/2460/1215 1078/2577/1274
f 1787/2363/1178 1794/2578/1275 1815/2579/1196
f 523/2530/1124 392/2580/1213 431/2553/1262
f 1122/2290/1146 1070/2453/1220 1127/2504/1241
f 351/2581/1276 162/2582/1276 160/2583/1276
f 1068/2400/1192 1079/2584/1277 1076/2501/1239
f 2917/2558/961 1938/2585/997 1937/2559/1264
f 1814/2053/950 1795/2586/1278 1788/2402/1194
f 338/2243/963 337/2587/1145 1/2244/1125
f 1461/1821/933 1468/2475/1228 1783/2515/1021
f 1096/2531/1086 1072/2471/1227 1057/2470/1093
f 176/2480/1096 3/2588/1279 158/2481/1231
f 4070/2589/1250 4024/2590/1280 4022/2591/1251
f 2104/2592/1281 2105/2593/1282 2106/2594/1283
f 1122/2290/1146 1069/2486/1193 1070/2453/1220
f 4070/2589/1250 4023/2595/1268 4024/2590/1280
f 1783/2333/1021 1782/2277/1138 1341/2552/1261
f 1062/2204/1107 1078/2577/1274 711/2596/1284
f 3452/2597/1285 3822/2598/1286 3823/2599/1287
f 2105/2593/1282 2107/2600/1288 2106/2594/1283
f 1777/2046/1032 1796/2601/1289 1780/2143/1073
f 1815/2579/1196 1794/2578/1275 1792/2602/1216
f 2172/2603/1290 2149/2604/1291 2173/2605/1292
f 1073/2429/1176 1072/2606/1227 1044/2607/1293
f 274/2608/927 262/2272/1055 275/2609/1294
f 1527/2610/1057 1544/2611/1199 1540/2447/1180
f 266/2384/981 267/2385/1185 276/2612/1295
f 501/1845/945 502/1872/957 277/2613/1296
f 501/1845/945 277/2613/1296 516/2614/1297
f 1539/2365/1179 1543/2571/1271 1545/2615/1298
f 1767/2163/759 1772/2616/952 1783/2497/1021
f 1535/2156/1082 1541/2469/1226 1543/2571/1271
f 3094/2383/1184 3099/2617/1299 3097/2477/1230
f 3115/2478/1156 3097/2477/1230 3117/2618/1300
f 261/2271/1136 265/2380/1182 305/2456/1221
f 3451/2519/1248 3453/2619/1301 3454/2620/1302
f 1066/2398/1190 1071/2465/1224 1127/2621/1241
f 352/2523/1034 160/2522/1186 162/2622/1240
f 1094/2463/1130 1071/2465/1224 1076/2501/1239
f 1289/2425/760 1467/2427/1200 1303/2545/1258
f 356/2623/1002 7/2340/1170 160/2387/1186
f 304/2624/1104 340/2575/1209 305/2625/1221
f 140/1589/827 156/2393/1117 163/2626/1303
f 2068/2000/1011 2069/2627/1304 2004/2099/1054
f 3115/2312/1156 3117/2628/1300 3093/2373/1181
f 1466/2410/1141 1522/2434/1169 1470/2576/1273
f 1471/2351/1175 1335/2495/1236 1472/2629/1305
f 2172/2603/1290 2173/2605/1292 2186/2630/1306
f 1057/2470/1093 1080/2631/1307 1097/2532/1171
f 1331/2063/843 1338/2632/1308 1345/2310/1137
f 1125/2458/1201 1128/2633/1233 1074/2459/1222
f 274/1799/927 277/2613/1296 502/1872/957
f 2060/2634/967 2038/2635/1309 1996/2636/1101
f 1536/2191/1099 1540/2447/1180 1541/2469/1226
f 3095/2408/1198 3100/2637/1310 3098/2489/1234
f 1788/2402/1194 1795/2586/1278 1797/2638/1311
f 653/2153/1079 528/2639/1269 667/2466/1091
f 2104/2592/1281 2106/2594/1283 2151/2640/1312
f 1475/1747/903 536/2641/1313 1467/2412/1200
f 158/2481/1231 3/2588/1279 159/2508/1242
f 1057/2550/1093 1039/2324/1162 1043/2547/1259
f 474/2142/1072 484/2419/1205 475/2170/1088
f 2180/2642/1314 2181/2643/1315 2182/2644/1316
f 3646/2645/1317 3647/2646/1318 3648/2647/1319
f 2180/2642/1314 2183/2648/1320 2181/2643/1315
f 1776/2045/1005 1798/2649/1321 1777/2046/1032
f 1329/2537/873 1336/2539/1252 1522/2434/1169
f 2059/2512/898 1995/2511/1243 2037/2650/1322
f 3449/2517/1246 3500/2651/1323 3450/2518/1247
f 3116/2652/1212 3098/2653/1234 2748/2654/1324
f 1935/2655/940 1897/2656/1325 1931/2657/942
f 2727/2130/857 1799/2658/1326 1814/2131/950
f 1540/2447/1180 1543/2571/1271 1541/2469/1226
f 1774/1905/971 2738/2172/1012 1701/2659/1327
f 1934/2007/996 1933/2006/1014 1979/2660/1328
f 501/1845/945 516/2614/1297 514/2430/1211
f 2052/2661/623 2059/2512/898 2037/2650/1322
f 1536/2191/1099 1538/2332/1166 1540/2447/1180
f 2748/2662/1324 1546/2663/1329 1547/2664/1330
f 3822/2665/1286 3849/2666/1331 3823/2667/1287
f 3097/2477/1230 3099/2617/1299 3117/2618/1300
f 4302/2668/1332 4026/2669/1333 4222/2670/1334
f 2172/2671/1290 2174/2672/1335 2149/2673/1291
f 140/1589/827 163/2626/1303 161/2570/1270
f 3455/2674/1336 3456/2675/1337 3457/2676/1338
f 1118/1913/975 1120/2107/1059 748/2406/1197
f 517/2677/1339 664/2678/1340 518/2679/1341
f 330/2255/992 268/2416/1203 267/2385/1185
f 1522/2434/1169 1336/2539/1252 1470/2576/1273
f 1786/2358/1177 1794/2578/1275 1787/2363/1178
f 1864/2241/1123 1824/2680/1342 1825/2681/1343
f 1331/2546/843 1303/2545/1258 1338/2682/1308
f 3519/2683/1344 3860/2684/1345 3861/2685/1346
f 1675/2686/1347 1826/2687/1348 1827/2688/1349
f 1820/2215/1110 1828/2689/1350 1864/2241/1123
f 2936/2303/656 1919/2250/1129 1916/2249/785
f 1119/2043/1030 748/2406/1197 1120/2107/1059
f 1777/2046/1032 1798/2649/1321 1796/2601/1289
f 1800/2690/1351 1801/2691/1352 1802/2692/1353
f 1096/2531/1086 1061/2693/1097 1081/2694/1354
f 1073/2429/1176 1044/2607/1293 1043/2547/1259
f 2052/2661/623 2037/2650/1322 1994/2695/795
f 3647/2646/1318 3649/2696/1355 3648/2647/1319
f 1058/2209/769 1042/2302/1151 671/2697/1356
f 3646/2645/1317 3648/2647/1319 3650/2698/1357
f 1548/2699/1358 1549/2700/1359 1550/2701/1360
f 3651/2702/1361 3684/2703/1362 3685/2704/1363
f 3090/2201/1105 3093/2373/1181 3117/2628/1300
f 1814/2131/950 1799/2658/1326 1797/2705/1311
f 3098/2706/1364 658/2707/1364 2748/2708/1364
f 1787/2564/1178 1793/2566/1266 1800/2690/1351
f 3116/2652/1212 2748/2654/1324 2749/2709/1232
f 3094/2383/1184 3096/2445/1218 3099/2617/1299
f 1789/2403/1195 1801/2710/1352 1817/2711/1365
f 1800/2690/1351 1803/2712/1366 1801/2691/1352
f 1334/2347/1173 1339/2713/1367 1337/2536/1254
f 1791/2500/1238 1675/2714/1347 1827/2715/1349
f 1058/2716/769 1081/2694/1354 1061/2693/1097
f 1997/2717/932 2061/2718/1044 2064/2719/1368
f 1123/2301/1150 1254/2720/1369 1253/2449/1219
f 4215/2721/1370 4216/2722/1371 4217/2723/1372
f 2748/2724/1324 657/2725/1373 1546/2726/1329
f 1353/2038/1028 1337/2536/1254 1340/2727/1374
f 1068/2400/1192 1077/2728/1255 1099/2729/1375
f 1783/2497/1021 1339/2713/1367 1334/2347/1173
f 1783/2497/1021 1341/2730/1261 1339/2713/1367
f 2104/2592/1281 2108/2731/1376 2105/2593/1282
f 4021/2524/1249 4022/2526/1251 4023/2563/1268
f 1816/2732/979 1798/2649/1321 1776/2045/1005
f 2149/2673/1291 2150/2733/1377 2173/2734/1292
f 1817/2735/1365 1803/2712/1366 1679/2736/1378
f 1253/2449/1219 1805/2737/1379 1793/2561/1266
f 274/2608/927 275/2609/1294 277/2738/1296
f 1068/2400/1192 1069/2401/1193 1077/2728/1255
f 517/2739/1380 518/2740/1380 519/2741/1380
f 1801/2691/1352 1803/2712/1366 1817/2735/1365
f 1864/2241/1123 1825/2681/1343 1865/2742/1381
f 1675/2743/1347 1676/2744/1382 1829/2745/1383
f 1522/2337/1169 1542/2746/1263 526/2747/1384
f 2725/2033/815 1789/2403/1195 1817/2711/1365
f 1820/2215/1110 1700/2748/1385 1828/2689/1350
f 1781/2499/1115 1818/2749/1386 1791/2500/1238
f 3647/2646/1318 3548/2750/1387 3649/2696/1355
f 1994/2510/795 2039/2751/1388 1995/2511/1243
f 3646/2645/1317 3548/2750/1387 3647/2646/1318
f 1675/2686/1347 1829/2752/1383 1826/2687/1348
f 666/2240/1078 654/2180/1092 526/2753/1384
f 269/2535/1253 271/2543/1257 278/2754/1389
f 1918/2439/1131 1893/2438/1214 1894/2755/1390
f 1475/2116/903 1522/2337/1169 526/2747/1384
f 3359/2756/1391 3360/2757/1392 3362/2758/1393
f 2738/2172/1012 1790/2468/1225 1701/2659/1327
f 2730/2498/884 1791/2500/1238 1790/2759/1225
f 1824/2680/1342 1826/2687/1348 1829/2752/1383
f 2181/2643/1315 2153/2760/1394 2182/2644/1316
f 4215/2721/1370 4217/2723/1372 4218/2761/1395
f 1333/2314/1158 969/2762/1396 1335/2495/1236
f 2054/1322/712 2069/2763/1304 2068/2308/1011
f 1791/2500/1238 1679/2736/1378 1675/2714/1347
f 2748/2724/1324 658/2764/1397 657/2725/1373
f 1675/2714/1347 1679/2736/1378 1676/2765/1382
f 3651/2702/1361 3549/2766/1398 3684/2703/1362
f 1028/1584/825 1041/2496/1237 1040/2420/1206
f 1824/2680/1342 1828/2689/1350 1826/2687/1348
f 2813/1750/725 1836/2516/1245 1885/1847/946
f 3449/2517/1246 3451/2519/1248 3454/2620/1302
f 1097/2532/1171 1080/2631/1307 1099/2767/1375
f 1939/2768/1399 1978/2769/1400 1940/2770/1401
f 1864/2241/1123 1828/2689/1350 1824/2680/1342
f 1791/2500/1238 1818/2749/1386 1679/2736/1378
f 258/2533/1114 279/2771/1402 272/2549/1260
f 1151/1933/982 1153/2248/1128 1047/2381/1183
f 3449/2517/1246 3454/2620/1302 3796/2772/1403
f 666/2152/1078 526/2773/1384 653/2153/1079
f 4302/2668/1332 4222/2670/1334 4303/2774/1404
f 1793/2566/1266 1685/2775/1405 1800/2690/1351
f 515/2776/1153 388/2777/1406 513/2778/1187
f 1921/2779/1229 1830/2780/1407 1920/2781/1408
f 1781/2421/1115 1785/2350/1174 1818/2782/1386
f 1920/2783/1408 1895/2784/1409 1941/2785/1410
f 517/2786/1339 389/2787/1411 432/2788/1412
f 506/2077/1045 513/2389/1187 392/2436/1213
f 2149/2673/1291 2174/2672/1335 2150/2733/1377
f 2105/2593/1282 2108/2731/1376 2107/2600/1288
f 1978/2789/1400 1999/2790/1413 1942/2791/1414
f 1788/2402/1194 1804/2792/1415 1789/2403/1195
f 1094/2463/1130 1076/2501/1239 1065/2793/1148
f 1539/2365/1179 1551/2794/1416 1542/2567/1263
f 497/1301/703 514/2430/1211 396/2513/1244
f 473/2795/1051 475/2796/1088 164/2797/1417
f 1918/2439/1131 1920/2798/1408 1941/2799/1410
f 1939/2768/1399 1941/2785/1410 1895/2784/1409
f 1546/2663/1329 1552/2800/1418 1547/2664/1330
f 3652/2801/1419 3692/2802/1420 3736/2803/1421
f 1977/2264/776 1937/2804/1264 1936/2418/1204
f 1921/2779/1229 1920/2781/1408 1894/2805/1390
f 1920/2781/1408 1830/2780/1407 1833/2806/1422
f 258/2533/1114 269/2535/1253 278/2754/1389
f 262/2272/1055 270/2542/1256 275/2609/1294
f 3449/2517/1246 3796/2772/1403 3500/2651/1323
f 2181/2643/1315 2183/2648/1320 2153/2760/1394
f 2182/2644/1316 2153/2760/1394 2184/2807/1423
f 4219/2808/1424 4252/2809/1425 4266/2810/1426
f 2271/2811/1427 2272/2812/1428 2273/2813/1429
f 3450/2518/1247 3453/2619/1301 3451/2519/1248
f 4302/2814/1332 4025/2815/1430 4026/2816/1333
f 475/2170/1088 484/2419/1205 478/2817/1431
f 1549/2700/1359 1553/2818/1432 1550/2701/1360
f 3684/2703/1362 3549/2766/1398 3595/2819/1433
f 1043/2547/1259 1044/2607/1293 1045/2820/1434
f 1995/2511/1243 1998/2821/1435 2037/2650/1322
f 2037/2822/1322 1999/2823/1413 2000/2824/1436
f 1931/2657/942 1941/2785/1410 1939/2768/1399
f 1931/2657/942 1897/2656/1325 1941/2785/1410
f 1068/2400/1192 1099/2729/1375 1098/2825/1437
f 1888/2826/1066 1825/2681/1343 1830/2827/1407
f 1888/2826/1066 1830/2827/1407 1921/2828/1229
f 1617/2829/1438 1618/2830/1439 1619/2831/1440
f 514/2832/1211 516/2833/1297 390/2834/1441
f 4216/2722/1371 4220/2835/1442 4217/2723/1372
f 1918/2439/1131 1894/2755/1390 1920/2798/1408
f 3452/2597/1285 3823/2599/1287 3458/2836/1443
f 2936/2303/656 1889/2262/1132 1919/2250/1129
f 748/2406/1197 1126/2461/1223 1088/2837/1444
f 3823/2599/1287 3849/2838/1331 3458/2836/1443
f 3396/2839/1445 3397/2840/1446 3398/2841/1447
f 1931/2657/942 1939/2768/1399 1940/2770/1401
f 1814/2053/950 1797/2638/1311 1795/2586/1278
f 1918/2842/1131 1941/2785/1410 1897/2656/1325
f 1068/2400/1192 1082/2843/1448 724/2844/1449
f 1780/2143/1073 1796/2601/1289 1786/2358/1177
f 1978/2789/1400 1943/2845/1450 1999/2790/1413
f 654/2180/1092 594/2846/1451 526/2753/1384
f 3359/2756/1391 3362/2758/1393 3270/2847/1452
f 4027/2848/1453 4028/2849/1454 4029/2850/1455
f 261/2271/1136 305/2456/1221 270/2542/1256
f 1826/2687/1348 1828/2689/1350 1827/2688/1349
f 1920/2781/1408 1833/2806/1422 1895/2851/1409
f 3096/2445/1218 3118/2852/1456 3099/2617/1299
f 1335/2495/1236 1342/2853/1457 1472/2629/1305
f 1934/2007/996 1978/2789/1400 1942/2791/1414
f 1787/2564/1178 1800/2690/1351 1802/2692/1353
f 1774/1905/971 1701/2659/1327 1785/2350/1174
f 1821/2392/1040 1831/2854/1458 1823/2560/1265
f 1800/2690/1351 1677/2855/1459 1803/2712/1366
f 3096/2856/1218 2749/2857/1232 1568/2858/1460
f 2180/2642/1314 2182/2644/1316 2184/2807/1423
f 2172/2603/1290 2186/2630/1306 2174/2859/1335
f 4217/2723/1372 4006/2860/1461 4218/2761/1395
f 2109/2861/1462 2110/2862/1463 2111/2863/1464
f 1864/2258/1123 1865/2864/1381 1822/2494/1235
f 1096/2531/1086 1098/2865/1437 1072/2471/1227
f 1068/2400/1192 1098/2825/1437 1082/2843/1448
f 267/2385/1185 268/2416/1203 276/2612/1295
f 1119/2043/1030 1126/2461/1223 748/2406/1197
f 517/2786/1339 519/2866/1465 389/2787/1411
f 1817/2735/1365 1679/2736/1378 1750/2867/1466
f 1921/2868/1229 1894/2755/1390 1896/2869/1467
f 4081/2870/1468 3927/2871/1469 4082/2872/1470
f 1549/2700/1359 1554/2873/1471 1553/2818/1432
f 1062/2204/1107 1083/2874/1472 1128/2488/1233
f 2112/2875/1473 2113/2876/1474 2114/2877/1475
f 266/2384/981 280/2878/1476 337/2879/1145
f 1999/2823/1413 2334/2880/1477 2000/2824/1436
f 4302/2814/1332 4303/2881/1404 4030/2882/1478
f 1935/2883/940 1892/2884/1207 1897/2885/1325
f 1097/2492/1171 1099/2886/1375 1077/2540/1255
f 2037/2650/1322 1998/2821/1435 1999/2887/1413
f 431/2888/1262 518/2679/1341 391/2889/1479
f 1618/2890/1439 1620/2891/1480 1619/2892/1440
f 4302/2814/1332 4030/2882/1478 4025/2815/1430
f 2000/2824/1436 2334/2880/1477 2330/2893/1481
f 1679/2736/1378 1818/2749/1386 1750/2867/1466
f 1617/2829/1438 1619/2831/1440 1621/2894/1482
f 2061/2895/1044 2330/2893/1481 2001/2896/1483
f 4219/2808/1424 4266/2810/1426 4248/2897/1484
f 1058/2209/769 671/2697/1356 1081/2898/1354
f 1789/2403/1195 1804/2792/1415 1801/2710/1352
f 3095/2408/1198 3118/2899/1456 3100/2637/1310
f 1068/2400/1192 724/2844/1449 1079/2584/1277
f 1617/2829/1438 1621/2894/1482 1618/2830/1439
f 1888/2826/1066 1865/2742/1381 1825/2681/1343
f 1152/2129/1069 668/2900/1485 156/2446/1117
f 513/2778/1187 388/2777/1406 392/2901/1213
f 3090/2201/1105 3117/2628/1300 3095/2408/1198
f 1934/2007/996 1979/2660/1328 1978/2789/1400
f 3911/2902/1486 3912/2903/1487 3913/2904/1488
f 3434/2905/1489 3442/2906/1490 3435/2907/1491
f 4261/2908/1492 4262/2909/1493 4263/2910/1494
f 4215/2721/1370 4218/2761/1395 4216/2722/1371
f 4026/2911/1333 4221/2912/1495 4222/2913/1334
f 4481/2914/1496 4482/2915/1497 4483/2916/1498
f 3725/2917/1499 3726/2918/1500 3727/2919/1501
f 154/2044/1031 161/2570/1270 165/2920/1502
f 4091/2921/1503 3914/2922/1504 3915/2923/1505
f 1126/2461/1223 1127/2504/1241 1088/2837/1444
f 339/2503/1163 281/2924/1506 268/2416/1203
f 1539/2365/1179 1545/2615/1298 1555/2925/1507
f 473/2795/1051 164/2797/1417 49/2926/1508
f 4261/2908/1492 4263/2910/1494 4294/2927/1509
f 302/2361/1053 263/2360/1149 273/2572/1272
f 3916/2928/1510 3917/2929/1511 3918/2930/1512
f 3646/2645/1317 3650/2698/1357 3548/2750/1387
f 2054/1322/712 2063/2428/1210 2069/2763/1304
f 653/2153/1079 526/2773/1384 530/2931/1513
f 518/2679/1341 393/2932/1514 391/2889/1479
f 1866/2933/1025 1831/2854/1458 1821/2392/1040
f 3684/2934/1362 3595/2935/1433 3685/2936/1363
f 258/2533/1114 278/2754/1389 279/2771/1402
f 2274/2937/1515 2275/2938/1516 2276/2939/1517
f 2272/2812/1428 2312/2940/1518 2273/2813/1429
f 2004/2941/1054 2327/2942/1519 2062/2943/1100
f 3512/2944/1520 3513/2945/1521 3514/2946/1522
f 4294/2947/1509 4264/2948/1523 4265/2949/1524
f 4219/2808/1424 4248/2897/1484 4249/2950/1525
f 4545/2951/1526 4546/2952/1527 4547/2953/1528
f 4483/2954/1498 4545/2951/1526 4547/2953/1528
f 4217/2723/1372 4220/2835/1442 4006/2860/1461
f 3396/2839/1445 3399/2955/1529 3397/2840/1446
f 1895/2784/1409 1833/2956/1422 1944/2957/1530
f 3095/2408/1198 3117/2628/1300 3118/2899/1456
f 1824/2680/1342 1829/2752/1383 1832/2958/1531
f 2104/2592/1281 2113/2876/1474 2108/2731/1376
f 1298/1932/801 1302/2959/1532 1154/2395/1189
f 4484/2960/1533 4126/2961/1534 4485/2962/1535
f 392/2901/1213 519/2866/1465 431/2963/1262
f 4481/2914/1496 4486/2964/1536 4482/2915/1497
f 1934/2965/996 1942/2966/1414 1945/2967/1537
f 2104/2592/1281 2151/2640/1312 2113/2876/1474
f 1074/2490/1222 1129/2968/1538 1071/2465/1224
f 3725/2969/1499 3774/2970/1539 3726/2971/1500
f 2140/2972/1540 2115/2973/1541 2116/2974/1542
f 3648/2647/1319 3649/2696/1355 3650/2698/1357
f 2180/2642/1314 2184/2807/1423 2238/2975/1543
f 3452/2597/1285 3458/2836/1443 3459/2976/1544
f 3098/2977/1545 3100/2978/1545 658/2979/1545
f 2061/2895/1044 1996/2636/1101 2330/2893/1481
f 4023/2563/1268 4031/2980/1546 4032/2981/1547
f 2109/2861/1462 2117/2982/1548 2110/2862/1463
f 1040/2420/1206 1041/2496/1237 61/2983/1549
f 1793/2984/1266 1805/2985/1379 1806/2986/1550
f 1/2244/1125 337/2587/1145 166/2987/1551
f 266/2384/981 276/2612/1295 280/2878/1476
f 3911/2988/1486 3913/2989/1488 3862/2990/1552
f 1935/2883/940 1890/2991/1168 1892/2884/1207
f 4083/2992/1553 4084/2993/1554 4085/2994/1555
f 4140/2995/1556 4125/2996/1557 4117/2997/1558
f 4485/2962/1535 4487/2998/1559 4488/2999/1560
f 3914/2922/1504 3919/3000/1561 3915/2923/1505
f 3452/2597/1285 3459/2976/1544 3822/2598/1286
f 431/2888/1262 519/3001/1465 518/2679/1341
f 4126/3002/1534 4141/3003/1562 4493/3004/1563
f 3359/2756/1391 3270/2847/1452 3305/3005/1564
f 1057/2470/1093 1084/3006/1565 1080/2631/1307
f 1942/3007/1414 1999/2887/1413 1998/2821/1435
f 3455/2674/1336 2332/3008/1566 3456/2675/1337
f 2037/2822/1322 2000/2824/1436 2002/3009/1567
f 3400/3010/1568 3401/3011/1569 3402/3012/1570
f 2749/3013/1232 2748/2662/1324 1556/3014/1571
f 4081/2870/1468 4086/3015/1572 4087/3016/1573
f 1152/2129/1069 1047/2381/1183 669/3017/1574
f 3096/2856/1218 1568/2858/1460 2766/3018/1575
f 4483/2954/1498 4547/2953/1528 4548/3019/1576
f 1353/2367/1028 969/2762/1396 1333/2314/1158
f 1820/2215/1110 1823/2560/1265 1700/2748/1385
f 2274/2937/1515 2276/2939/1517 2277/3020/1577
f 4022/2526/1251 4031/2980/1546 4023/2563/1268
f 1801/2691/1352 1804/3021/1415 1802/2692/1353
f 1824/2680/1342 1832/2958/1531 1825/2681/1343
f 1788/2402/1194 1797/2638/1311 1804/2792/1415
f 4486/2964/1536 4489/3022/1578 4488/2999/1560
f 2272/2812/1428 2315/3023/1579 2312/2940/1518
f 2001/3024/1483 2003/3025/1580 2364/3026/1581
f 654/2180/1092 528/2569/1269 594/2846/1451
f 1888/2826/1066 1891/3027/1188 1865/2742/1381
f 4294/2947/1509 4291/3028/1582 4264/2948/1523
f 2106/2594/1283 2107/2600/1288 2151/2640/1312
f 1539/2365/1179 1555/2925/1507 1551/2794/1416
f 3653/3029/1583 3654/3030/1584 3655/3031/1585
f 4028/2849/1454 4033/3032/1586 4031/3033/1546
f 2748/2662/1324 1547/2664/1330 1556/3014/1571
f 4140/3034/1556 4493/3004/1563 4141/3003/1562
f 4222/2913/1334 4221/2912/1495 4223/3035/1587
f 4028/2849/1454 4072/3036/1588 4029/2850/1455
f 3728/3037/1589 3600/3038/1590 3597/3039/1591
f 1792/3040/1216 1339/2713/1367 1341/2730/1261
f 4488/2999/1560 4489/3022/1578 4490/3041/1592
f 515/2776/1153 394/3042/1593 388/2777/1406
f 1792/3040/1216 1337/2536/1254 1339/2713/1367
f 4033/3032/1586 4034/3043/1594 4035/3044/1595
f 4028/2849/1454 4034/3043/1594 4033/3032/1586
f 2330/2893/1481 2003/3045/1580 2001/2896/1483
f 3388/3046/1596 3300/3047/1597 3356/3048/1598
f 4486/2964/1536 4488/2999/1560 4487/2998/1559
f 2110/2862/1463 2117/2982/1548 2118/3049/1599
f 1/2244/1125 2/3050/1600 1041/2568/1237
f 2725/2033/815 1807/3051/1601 2727/2034/857
f 2725/2033/815 1817/2711/1365 1807/3051/1601
f 3388/3052/1596 3355/3053/1602 3300/3054/1597
f 3654/3030/1584 3552/3055/1603 3655/3031/1585
f 1080/2631/1307 1085/3056/1604 1099/2767/1375
f 1569/3057/1605 1570/3058/1606 1571/3059/1607
f 2110/2862/1463 2118/3049/1599 2111/2863/1464
f 2000/2824/1436 2330/2893/1481 2002/3009/1567
f 176/2480/1096 177/3060/1267 3/2588/1279
f 1548/2699/1358 1554/2873/1471 1549/2700/1359
f 3362/3061/1393 2293/3062/1608 3361/3063/1609
f 4266/2810/1426 4268/3064/1610 4248/2897/1484
f 2274/2937/1515 2278/3065/1611 2279/3066/1612
f 4026/3067/1333 4025/3068/1430 4003/3069/1613
f 3512/3070/1520 3824/3071/1614 3513/3072/1521
f 2109/2861/1462 2111/2863/1464 2117/2982/1548
f 1793/2984/1266 1806/2986/1550 1685/3073/1405
f 4140/2995/1556 4127/3074/1615 4125/2996/1557
f 2112/2875/1473 2114/2877/1475 2119/3075/1616
f 3725/2917/1499 3727/2919/1501 3774/3076/1539
f 1997/1816/932 2064/3077/1368 2060/1891/967
f 1071/2465/1224 1129/2968/1538 1127/2621/1241
f 2062/2943/1100 2364/3078/1581 2328/3079/1617
f 4024/2590/1280 4030/2882/1478 4343/3080/1618
f 3434/3081/1489 3435/3082/1491 3402/3012/1570
f 4140/3034/1556 4541/3083/1619 4493/3004/1563
f 1548/2699/1358 1550/2701/1360 1557/3084/1620
f 1152/2129/1069 669/3017/1574 668/2900/1485
f 3099/2617/1299 3118/2852/1456 3117/2618/1300
f 1546/2726/1329 657/2725/1373 659/3085/1621
f 2271/2811/1427 2278/3065/1611 2272/2812/1428
f 1072/2471/1227 1098/2865/1437 718/3086/1622
f 2180/2642/1314 2238/2975/1543 2185/3087/1623
f 2180/2642/1314 2185/3087/1623 2183/2648/1320
f 1074/2459/1222 1128/2633/1233 751/3088/1624
f 4085/2994/1555 4086/3015/1572 4088/3089/1625
f 339/2503/1163 282/3090/1626 281/2924/1506
f 1057/2550/1093 1043/2547/1259 1084/3091/1565
f 4126/2961/1534 4539/3092/1627 4485/2962/1535
f 3400/3010/1568 3437/3093/1628 3367/3094/1629
f 3911/2988/1486 3928/3095/1630 3912/3096/1487
f 3916/2928/1510 3920/3097/1631 3917/2929/1511
f 4028/2849/1454 4031/3033/1546 4072/3036/1588
f 3500/3098/1323 3460/3099/1632 3455/2674/1336
f 1471/3100/1175 1472/3101/1305 1336/2539/1252
f 2364/3078/1581 2329/3102/1633 2328/3079/1617
f 4481/2914/1496 4489/3022/1578 4486/2964/1536
f 3361/3063/1609 2281/3103/1634 3301/3104/1635
f 4083/2992/1553 4085/2994/1555 4088/3089/1625
f 4484/2960/1533 4485/2962/1535 4129/3105/1636
f 3913/3106/1488 3863/3107/1637 3862/3108/1552
f 1933/2006/1014 1936/2418/1204 1937/2804/1264
f 1790/2759/1225 1791/2500/1238 1827/2715/1349
f 2334/2880/1477 2365/3109/1638 2330/2893/1481
f 1939/2768/1399 1895/2784/1409 1946/3110/1639
f 4219/2808/1424 4249/2950/1525 4252/2809/1425
f 4022/2526/1251 4036/3111/1640 4031/2980/1546
f 658/2764/1397 660/3112/1641 657/2725/1373
f 1942/3007/1414 1998/2821/1435 2040/3113/1642
f 4091/2921/1503 3921/3114/1643 3914/2922/1504
f 4222/2670/1334 4226/3115/1644 4303/2774/1404
f 1823/2560/1265 1831/2854/1458 1700/2748/1385
f 1942/2966/1414 2040/3116/1642 1945/2967/1537
f 3397/2840/1446 3403/3117/1645 3398/2841/1447
f 4261/2908/1492 4294/2927/1509 4179/3118/1646
f 159/2508/1242 3/2588/1279 5/3119/1647
f 3500/3098/1323 3455/2674/1336 3457/2676/1338
f 1079/2584/1277 724/2844/1449 714/3120/1648
f 1253/3121/1219 1254/3122/1369 1805/3123/1379
f 1540/2447/1180 1553/3124/1432 1543/2571/1271
f 1827/2688/1349 1828/2689/1350 1700/2748/1385
f 1543/2571/1271 1416/3125/1649 1545/2615/1298
f 1548/2699/1358 1558/3126/1650 1559/3127/1651
f 1919/2520/1129 1922/3128/1652 1893/2438/1214
f 2275/3129/1516 2281/3103/1634 3361/3063/1609
f 4546/2952/1527 4548/3019/1576 4547/2953/1528
f 3916/3130/1510 3919/3000/1561 3920/3131/1631
f 2004/3132/1054 2069/3133/1304 2327/3134/1519
f 3388/3135/1596 3356/3136/1598 3405/3137/1653
f 3096/3138/1218 2766/3139/1575 3118/3140/1456
f 4022/3141/1251 4304/3142/1654 4340/3143/1655
f 653/2153/1079 530/2931/1513 528/2639/1269
f 4033/3032/1586 4035/3044/1595 4071/3144/1656
f 1931/2657/942 1940/2770/1401 1947/3145/1657
f 3400/3010/1568 3438/3146/1658 3404/3147/1659
f 4484/2960/1533 4129/3105/1636 4491/3148/1660
f 2312/2940/1518 2315/3023/1579 2280/3149/1661
f 4599/3150/1662 4600/3151/1663 4549/3152/1664
f 1096/2531/1086 1081/2694/1354 1098/2865/1437
f 4423/3153/1665 3729/3154/1666 3730/3155/1667
f 4026/3067/1333 4003/3069/1613 4221/3156/1495
f 475/2796/1088 167/3157/1668 164/2797/1417
f 1996/2636/1101 2038/2635/1309 2330/2893/1481
f 1825/2681/1343 1833/3158/1422 1830/2827/1407
f 271/2543/1257 279/2771/1402 278/2754/1389
f 1345/2353/1137 921/3159/1669 919/2423/1208
f 2112/2875/1473 2119/3075/1616 2143/3160/1670
f 392/2901/1213 395/3161/1671 519/2866/1465
f 4125/2996/1557 4127/3074/1615 4119/3162/1672
f 4027/2848/1453 4034/3043/1594 4028/2849/1454
f 3519/2683/1344 3898/3163/1673 3860/2684/1345
f 3100/3164/1310 3118/3140/1456 2766/3139/1575
f 3100/3165/1674 525/3166/1674 658/3167/1674
f 4151/3168/1675 4152/3169/1676 4195/3170/1677
f 392/2901/1213 388/2777/1406 395/3161/1671
f 3362/3061/1393 3271/3171/1678 3270/3172/1452
f 2272/2812/1428 2278/3065/1611 2315/3023/1579
f 2183/3173/1320 2273/2813/1429 2312/2940/1518
f 4216/2722/1371 4218/2761/1395 4224/3174/1679
f 1547/2664/1330 1560/3175/1680 1556/3014/1571
f 340/2575/1209 272/2574/1260 307/3176/1681
f 2274/2937/1515 2277/3020/1577 2278/3065/1611
f 4031/3033/1546 4033/3032/1586 4071/3144/1656
f 4481/2914/1496 4483/2916/1498 4492/3177/1682
f 475/2796/1088 478/3178/1431 167/3157/1668
f 1548/2699/1358 1559/3127/1651 1554/2873/1471
f 4216/2722/1371 4224/3174/1679 4225/3179/1683
f 3865/3180/1684 3825/3181/1685 3515/3182/1686
f 4484/2960/1533 4491/3148/1660 4126/2961/1534
f 1546/2663/1329 661/3183/1687 1552/2800/1418
f 4222/2913/1334 4223/3035/1587 4226/3184/1644
f 4023/2595/1268 4032/3185/1547 4024/2590/1280
f 1816/2732/979 1705/3186/1688 1798/2649/1321
f 2749/3013/1232 1556/3014/1571 1568/3187/1460
f 3400/3010/1568 3405/3188/1653 3438/3146/1658
f 1787/2564/1178 1802/2692/1353 1808/3189/1689
f 2140/2972/1540 2070/3190/1690 2115/2973/1541
f 1572/3191/1691 1573/3192/1692 1574/3193/1693
f 3400/3010/1568 3404/3147/1659 3401/3011/1569
f 2330/3194/1481 2365/3195/1638 2003/3025/1580
f 2061/2718/1044 2001/3196/1483 2327/3134/1519
f 4006/3197/1461 4223/3035/1587 4221/2912/1495
f 3512/3198/1520 3848/3199/1694 3847/3200/1695
f 664/2678/1340 393/2932/1514 518/2679/1341
f 3822/2598/1286 3459/2976/1544 3522/3201/1696
f 3388/3052/1596 3357/3202/1697 3358/3203/1698
f 2315/3023/1579 2278/3065/1611 2316/3204/1699
f 1653/3205/1700 1569/3057/1605 1571/3059/1607
f 4729/3206/1701 4782/3207/1702 4730/3208/1703
f 3400/3010/1568 3402/3012/1570 3437/3093/1628
f 4483/2954/1498 4550/3209/1704 4545/2951/1526
f 4091/2921/1503 3915/2923/1505 3922/3210/1705
f 1127/2504/1241 1129/3211/1538 1088/2837/1444
f 1786/2358/1177 1796/2601/1289 1794/2578/1275
f 3450/2518/1247 3500/2651/1323 3457/3212/1338
f 1622/3213/1706 1623/3214/1707 1624/3215/1708
f 3455/3216/1336 3460/3217/1632 3791/3218/1709
f 1543/2571/1271 1553/3124/1432 1416/3125/1649
f 4266/3219/1426 4267/3220/1710 4268/3221/1610
f 3500/3098/1323 3461/3222/1711 3460/3099/1632
f 1619/2892/1440 1620/2891/1480 1621/3223/1482
f 4085/2994/1555 4162/3224/1712 4086/3015/1572
f 3361/3063/1609 3301/3104/1635 3271/3171/1678
f 3849/2838/1331 3462/3225/1713 3458/2836/1443
f 504/2307/1013 406/3226/1714 259/2235/1119
f 1785/2350/1174 1701/2659/1327 1818/2782/1386
f 3653/3029/1583 3567/3227/1715 3654/3030/1584
f 2151/3228/1312 2150/3229/1377 2255/3230/1716
f 3397/2840/1446 3399/2955/1529 3406/3231/1717
f 1701/3232/1327 1750/2867/1466 1818/2749/1386
f 1623/3214/1707 1625/3233/1718 1624/3215/1708
f 1550/2701/1360 1553/2818/1432 1425/3234/1719
f 3388/3052/1596 3358/3203/1698 3355/3053/1602
f 4216/2722/1371 4250/3235/1720 4220/2835/1442
f 1802/2692/1353 1804/3021/1415 1808/3189/1689
f 1575/3236/1721 1576/3237/1722 1577/3238/1723
f 4031/2980/1546 4071/3239/1656 4032/2981/1547
f 4006/3197/1461 4250/3240/1720 4308/3241/1724
f 2183/3242/1320 2247/3243/1725 2248/3244/1726
f 2151/2640/1312 2145/3245/1727 2113/2876/1474
f 4220/2835/1442 4250/3235/1720 4006/2860/1461
f 1995/2511/1243 2039/2751/1388 1998/2821/1435
f 3360/2757/1392 3389/3246/1728 3362/2758/1393
f 1979/3247/1328 1940/2770/1401 1978/2769/1400
f 1792/3040/1216 1343/3248/1729 1337/2536/1254
f 4153/3249/1730 4154/3250/1731 4155/3251/1732
f 2151/3228/1312 2255/3230/1716 2145/3252/1727
f 1547/2664/1330 1552/2800/1418 1560/3175/1680
f 3655/3253/1585 3439/3254/1733 3436/3255/1734
f 4022/2591/1251 4024/2590/1280 4304/3256/1654
f 1043/2547/1259 1046/3257/1735 1084/3091/1565
f 4303/2881/1404 4343/3080/1618 4030/2882/1478
f 2274/2937/1515 2281/3258/1634 2275/2938/1516
f 3359/3259/1391 3389/3260/1728 3360/3261/1392
f 1042/2506/1151 1040/2420/1206 671/3262/1356
f 4024/2590/1280 4343/3080/1618 4304/3256/1654
f 337/2879/1145 280/2878/1476 166/3263/1551
f 4022/3141/1251 4340/3143/1655 4305/3264/1736
f 3359/2756/1391 3305/3005/1564 3355/3265/1602
f 4731/3266/1737 4605/3267/1738 4735/3268/1739
f 2174/3269/1335 2152/3270/1740 2251/3271/1741
f 1552/2800/1418 1558/3126/1650 1561/3272/1742
f 4195/3273/1677 4196/3274/1743 4153/3249/1730
f 2038/2635/1309 2002/3009/1567 2330/2893/1481
f 3388/3135/1596 3405/3137/1653 3357/3275/1697
f 3512/3070/1520 3847/3276/1695 3824/3071/1614
f 1552/2800/1418 1559/3127/1651 1558/3126/1650
f 2186/3277/1306 2150/3229/1377 2151/3228/1312
f 3435/3082/1491 3407/3278/1744 3402/3012/1570
f 1545/2615/1298 1562/3279/1745 1555/2925/1507
f 4731/3280/1737 4732/3281/1746 4555/3282/1747
f 1620/2891/1480 2070/3283/1690 1621/3223/1482
f 4782/3284/1702 4783/3285/1748 4556/3286/1749
f 1880/1388/740 1980/2136/1036 1892/2422/1207
f 2186/3287/1306 2184/2807/1423 2153/2760/1394
f 3400/3010/1568 3369/3288/1750 3405/3188/1653
f 3864/3289/1751 3898/3290/1673 3704/3291/1752
f 2275/3129/1516 3361/3063/1609 2284/3292/1753
f 154/2044/1031 165/2920/1502 177/2562/1267
f 4485/2962/1535 4488/2999/1560 4490/3041/1592
f 2062/2943/1100 2327/2942/1519 2364/3078/1581
f 1298/1901/801 918/1900/969 1302/3293/1532
f 4151/3294/1675 4195/3295/1677 4197/3296/1754
f 4303/3297/1404 4342/3298/1755 4341/3299/1756
f 1934/2965/996 1945/2967/1537 1938/2585/997
f 272/2549/1260 279/2771/1402 283/3300/1757
f 1893/2438/1214 1922/3128/1652 1894/2755/1390
f 3362/3061/1393 3361/3063/1609 3271/3171/1678
f 4248/3301/1484 4227/3302/1758 4249/3303/1525
f 3434/3081/1489 3402/3012/1570 3401/3011/1569
f 4261/2908/1492 4154/3304/1731 4262/2909/1493
f 4126/3002/1534 4149/3305/1759 4141/3003/1562
f 2112/2875/1473 2143/3160/1670 2113/2876/1474
f 517/2677/1339 432/3306/1412 664/2678/1340
f 3515/3307/1686 3516/3308/1760 3545/3309/1761
f 3405/3188/1653 3408/3310/1762 3438/3146/1658
f 4084/2993/1554 4117/3311/1558 4125/3312/1557
f 1552/2800/1418 661/3183/1687 1559/3127/1651
f 2174/3269/1335 2153/3313/1394 2189/3314/1763
f 514/2832/1211 390/2834/1441 396/3315/1244
f 2115/2973/1541 2070/3190/1690 2120/3316/1764
f 3653/3317/1583 3655/3253/1585 3663/3318/1765
f 1792/2602/1216 1794/2578/1275 1707/3319/1766
f 3100/3320/1767 2766/3321/1767 525/3322/1767
f 3651/2702/1361 3689/3323/1768 3549/2766/1398
f 1575/3236/1721 1578/3324/1769 1576/3237/1722
f 2186/3325/1306 2153/3313/1394 2174/3269/1335
f 1921/2868/1229 1896/2869/1467 1836/3326/1245
f 3652/2801/1419 3687/3327/1770 3692/2802/1420
f 1336/2539/1252 1472/3101/1305 1355/3328/1771
f 4216/2722/1371 4249/3329/1525 4250/3235/1720
f 2001/3024/1483 2364/3026/1581 2327/3330/1519
f 3726/2918/1500 3731/3331/1772 3727/2919/1501
f 3822/3332/1286 3467/3333/1773 3517/3334/1774
f 1570/3058/1606 1579/3335/1775 1580/3336/1776
f 2274/2937/1515 2279/3066/1612 2308/3337/1777
f 3456/2675/1337 3463/3338/1778 3457/2676/1338
f 1551/2794/1416 1555/2925/1507 662/3339/1779
f 4151/3168/1675 4156/3340/1780 4152/3169/1676
f 2113/2876/1474 2119/3075/1616 2114/2877/1475
f 1816/1942/979 1787/2363/1178 1808/3341/1689
f 270/3342/1256 284/3343/1781 275/3344/1294
f 3305/3005/1564 3300/3345/1597 3355/3265/1602
f 3916/2928/1510 3918/2930/1512 3955/3346/1782
f 4546/2952/1527 4599/3347/1662 4601/3348/1783
f 2183/3242/1320 2248/3244/1726 2153/3349/1394
f 1540/2447/1180 1544/2611/1199 1563/3350/1784
f 2173/2734/1292 2150/2733/1377 2186/3351/1306
f 1076/2501/1239 1079/2584/1277 714/3120/1648
f 4556/3286/1749 4783/3285/1748 4784/3352/1785
f 1/3353/1125 166/3354/1551 2/3355/1600
f 4091/2921/1503 3922/3210/1705 3923/3356/1786
f 4084/2993/1554 4125/3312/1557 4119/3357/1672
f 1931/2657/942 1947/3145/1657 1980/3358/1036
f 3396/2839/1445 3398/2841/1447 3399/2955/1529
f 1620/3359/1480 2071/3360/1787 2070/3361/1690
f 4483/2916/1498 4558/3362/1788 4492/3177/1682
f 4551/3363/1789 4631/3364/1790 4604/3365/1791
f 3727/2919/1501 3600/3038/1590 3728/3037/1589
f 4546/2952/1527 4600/3366/1663 4599/3347/1662
f 271/2543/1257 273/2572/1272 279/2771/1402
f 1933/2006/1014 1937/2804/1264 1979/2660/1328
f 3912/3367/1487 3966/3368/1792 3918/3369/1512
f 4481/2914/1496 4492/3177/1682 4489/3022/1578
f 4250/3240/1720 4314/3370/1793 4308/3241/1724
f 3519/2683/1344 3861/2685/1346 3865/3371/1684
f 4024/2590/1280 4074/3372/1794 4030/2882/1478
f 4140/2995/1556 4468/3373/1795 4502/3374/1796
f 4140/2995/1556 4117/2997/1558 4468/3373/1795
f 3/3375/1279 4/3376/1797 5/3377/1647
f 3864/3378/1751 3704/3379/1752 3720/3380/1798
f 4084/2993/1554 4167/3381/1799 4085/2994/1555
f 4262/2909/1493 4363/3382/1800 4263/2910/1494
f 3927/2871/1469 3923/3383/1786 4082/2872/1470
f 4303/2774/1404 4306/3384/1801 4342/3385/1755
f 1546/2726/1329 659/3085/1621 661/3386/1687
f 3398/2841/1447 3316/3387/1802 3663/3388/1765
f 3398/2841/1447 3403/3117/1645 3316/3387/1802
f 1570/3058/1606 1611/3389/1803 1571/3059/1607
f 1803/2712/1366 1677/2855/1459 1679/2736/1378
f 1790/3390/1225 1827/3391/1349 1700/3392/1385
f 3912/2903/1487 3918/2930/1512 3917/2929/1511
f 177/3060/1267 4/3393/1797 3/2588/1279
f 2328/3079/1617 2329/3102/1633 2331/3394/1804
f 1540/2447/1180 1425/3395/1719 1553/3124/1432
f 4027/2848/1453 4029/2850/1455 4075/3396/1805
f 1545/2615/1298 1416/3125/1649 1562/3279/1745
f 3512/3198/1520 3516/3397/1760 3848/3199/1694
f 2183/3242/1320 2312/3398/1518 2247/3243/1725
f 4025/2815/1430 4030/2882/1478 4074/3372/1794
f 2113/2876/1474 2145/3245/1727 2119/3075/1616
f 3692/2802/1420 3687/3327/1770 3656/3399/1806
f 3692/2802/1420 3656/3399/1806 3686/3400/1807
f 4423/3401/1665 3732/3402/1808 3729/3403/1666
f 3402/3012/1570 3407/3278/1744 3437/3093/1628
f 2271/2811/1427 2273/2813/1429 2311/3404/1809
f 1574/3193/1693 1581/3405/1810 1575/3236/1721
f 3728/3406/1589 3597/3407/1591 3733/3408/1811
f 3435/2907/1491 3406/3231/1717 3407/3409/1744
f 3733/3408/1811 3734/3410/1812 3773/3411/1813
f 339/2503/1163 285/3412/1217 282/3090/1626
f 3651/2702/1361 3685/2704/1363 3657/3413/1814
f 3650/2698/1357 3658/3414/1815 3694/3415/1816
f 4551/3416/1789 4552/3417/1817 4631/3418/1790
f 3649/2696/1355 3659/3419/1818 3650/2698/1357
f 4140/2995/1556 4502/3374/1796 4541/3420/1619
f 3453/2619/1301 3464/3421/1819 3458/2836/1443
f 4605/3422/1738 4551/3423/1789 4606/3424/1820
f 1337/2536/1254 1343/3248/1729 1340/2727/1374
f 3726/2971/1500 3774/2970/1539 3735/3425/1821
f 1572/3191/1691 1574/3193/1693 1580/3336/1776
f 305/3426/1221 306/3427/1822 270/3428/1256
f 4022/3141/1251 4305/3264/1736 4036/3429/1640
f 2186/3287/1306 2187/3430/1823 2184/2807/1423
f 7/2340/1170 282/3431/1626 285/2444/1217
f 2275/2938/1516 2310/3432/1824 2276/2939/1517
f 4085/2994/1555 4167/3381/1799 4162/3224/1712
f 2174/3269/1335 2189/3314/1763 2152/3270/1740
f 3455/2674/1336 3791/3433/1709 2332/3008/1566
f 4087/3434/1573 4089/3435/1825 4090/3436/1826
f 4485/2962/1535 4540/3437/1827 4487/2998/1559
f 4261/2908/1492 4179/3118/1646 4154/3304/1731
f 1939/2768/1399 1946/3110/1639 1978/2769/1400
f 3864/3289/1751 3932/3438/1828 3866/3439/1829
f 3822/2665/1286 3850/3440/1830 3849/2666/1331
f 3515/3307/1686 3545/3309/1761 3518/3441/1831
f 1569/3057/1605 1579/3335/1775 1570/3058/1606
f 3730/3155/1667 3734/3410/1812 3733/3408/1811
f 1622/3213/1706 1624/3215/1708 2079/3442/1832
f 4782/3207/1702 4733/3443/1833 4734/3444/1834
f 4265/2949/1524 4268/3221/1610 4296/3445/1835
f 1548/2699/1358 1557/3084/1620 1558/3126/1650
f 2039/2751/1388 2040/3113/1642 1998/2821/1435
f 4729/3206/1701 4730/3208/1703 4555/3282/1747
f 3927/2871/1469 3921/3446/1643 4091/3447/1503
f 3655/3253/1585 3436/3255/1734 3663/3318/1765
f 3400/3010/1568 3367/3094/1629 3369/3288/1750
f 4294/2947/1509 4265/2949/1524 4295/3448/1836
f 4264/2948/1523 4292/3449/1837 4268/3221/1610
f 3655/3031/1585 3552/3055/1603 3694/3450/1816
f 1072/2471/1227 718/3086/1622 676/3451/1838
f 4024/2590/1280 4032/3185/1547 4074/3372/1794
f 2271/2811/1427 2279/3066/1612 2278/3065/1611
f 3685/2704/1363 3686/3452/1807 3657/3413/1814
f 4731/3280/1737 4735/3453/1739 4732/3281/1746
f 2332/3454/1566 2328/3079/1617 2331/3394/1804
f 1552/2800/1418 1561/3272/1742 1560/3175/1680
f 1653/3455/1700 1626/3456/1839 1654/3457/1840
f 4605/3267/1738 4606/3458/1820 4735/3268/1739
f 3513/3072/1521 3824/3071/1614 3517/3459/1774
f 3728/3037/1589 3773/3460/1813 3775/3461/1841
f 4265/2949/1524 4264/2948/1523 4268/3221/1610
f 4029/2850/1455 4072/3036/1588 4037/3462/1842
f 3519/3463/1344 3865/3464/1684 3520/3465/1843
f 2070/3466/1844 2071/3467/1844 2120/3468/1844
f 4304/3142/1654 4307/3469/1845 4340/3143/1655
f 1572/3191/1691 1580/3336/1776 1582/3470/1846
f 4006/3197/1461 4308/3241/1724 4223/3035/1587
f 3685/2936/1363 3595/2935/1433 3686/3471/1807
f 1570/3058/1606 1577/3238/1723 1611/3389/1803
f 4631/3418/1790 4552/3417/1817 4607/3472/1847
f 1618/2830/1439 1621/2894/1482 1652/3473/1848
f 4551/3416/1789 4553/3474/1849 4552/3417/1817
f 3860/2684/1345 3899/3475/1850 3901/3476/1851
f 4081/2870/1468 4082/2872/1470 4086/3015/1572
f 1618/2890/1439 1652/3477/1848 1620/2891/1480
f 2060/3478/967 2064/2719/1368 2038/3479/1309
f 3650/2698/1357 3659/3419/1818 3658/3414/1815
f 3860/2684/1345 3865/3371/1684 3861/2685/1346
f 3917/2929/1511 3920/3097/1631 3924/3480/1852
f 259/2235/1119 286/3481/1853 263/2300/1149
f 3652/3482/1419 3736/3483/1421 3737/3484/1854
f 4782/3284/1702 4734/3485/1834 4783/3285/1748
f 4308/3486/1724 4309/3487/1855 4228/3488/1856
f 3460/3217/1632 3792/3489/1857 3791/3218/1709
f 3367/3094/1629 3368/3490/1858 3369/3288/1750
f 2332/3454/1566 3791/3491/1709 2328/3079/1617
f 2174/3492/1335 2251/3493/1741 2150/3494/1377
f 3652/3495/1419 3660/3496/1859 3687/3497/1770
f 4605/3267/1738 4553/3474/1849 4551/3416/1789
f 4735/3498/1739 4606/3499/1820 4736/3500/1860
f 4223/3035/1587 4308/3241/1724 4228/3501/1856
f 4265/2949/1524 4296/3445/1835 4269/3502/1861
f 3860/2684/1345 3900/3503/1862 3899/3475/1850
f 268/2416/1203 281/2924/1506 276/2612/1295
f 1918/2261/1131 1897/3504/1325 1898/3505/1863
f 4265/2949/1524 4269/3502/1861 4295/3448/1836
f 3458/2836/1443 3465/3506/1864 3459/2976/1544
f 2150/3494/1377 2251/3493/1741 2255/3507/1716
f 3661/3508/1865 3662/3509/1866 3688/3510/1867
f 515/3511/1153 396/3315/1244 394/3512/1593
f 4153/3249/1730 4196/3274/1743 4154/3250/1731
f 4218/2761/1395 4006/2860/1461 4224/3174/1679
f 4248/3301/1484 4229/3513/1868 4227/3302/1758
f 3453/2619/1301 3458/2836/1443 3462/3225/1713
f 1653/3514/1700 1654/3515/1840 1627/3516/1869
f 3860/2684/1345 3901/3476/1851 3865/3371/1684
f 3439/3254/1733 3440/3517/1870 3436/3255/1734
f 1475/3518/903 526/3519/1384 536/3520/1313
f 3651/2702/1361 3662/3521/1866 3689/3323/1768
f 4485/2962/1535 4490/3041/1592 4129/3105/1636
f 1472/3101/1305 1342/3522/1457 1355/3328/1771
f 4126/3523/1534 4493/3524/1563 4541/3525/1619
f 2186/3526/1306 2151/3527/1312 2154/3528/1871
f 2271/2811/1427 2311/3404/1809 2282/3529/1872
f 4250/3530/1720 4227/3302/1758 4324/3531/1873
f 4340/3532/1655 4348/3533/1874 4344/3534/1875
f 2140/3535/1540 2116/3536/1542 2141/3537/1876
f 3913/3106/1488 3867/3538/1877 3863/3107/1637
f 2061/2718/1044 2327/3134/1519 2375/3539/1878
f 2279/3540/1612 2283/3541/1879 2308/3542/1777
f 1570/3058/1606 1580/3336/1776 1577/3238/1723
f 3728/3406/1589 3733/3408/1811 3773/3411/1813
f 1994/3543/795 2037/2822/1322 2002/3009/1567
f 1623/3214/1707 2120/3544/1764 2071/3360/1787
f 3454/3545/1302 3462/3546/1713 3793/3547/1880
f 2183/3173/1320 2185/3548/1623 2273/2813/1429
f 3512/2944/1520 3514/2946/1522 3543/3549/1881
f 478/3550/1431 341/3551/1882 6/3552/1883
f 3519/3463/1344 3520/3465/1843 3701/3553/1884
f 4084/2993/1554 4118/3554/1885 4117/3311/1558
f 1072/2471/1227 676/3451/1838 1044/3555/1293
f 1544/2411/1199 1470/2576/1273 1358/3556/1886
f 2275/2938/1516 2284/3557/1753 2310/3432/1824
f 3450/2518/1247 3457/3212/1338 3466/3558/1887
f 4551/3363/1789 4604/3365/1791 4638/3559/1888
f 4083/2992/1553 4088/3089/1625 4118/3554/1885
f 1822/2494/1235 1865/2864/1381 1874/3560/1889
f 2062/2943/1100 2328/3079/1617 2063/3561/1210
f 1553/2818/1432 1554/2873/1471 1416/3562/1649
f 1098/2825/1437 1086/3563/1890 1082/2843/1448
f 3932/3438/1828 3902/3564/1891 3866/3439/1829
f 4782/3207/1702 4737/3565/1892 4730/3208/1703
f 1572/3191/1691 1608/3566/1893 1573/3192/1692
f 2153/3567/1894 2188/3568/1894 2189/3569/1894
f 4729/3206/1701 4733/3443/1833 4782/3207/1702
f 2186/3287/1306 2160/3570/1895 2187/3430/1823
f 4551/3423/1789 4638/3571/1888 4606/3424/1820
f 7/2509/1170 159/2508/1242 8/3572/1896
f 7/3573/1170 8/3574/1896 282/3575/1626
f 3460/3217/1632 3794/3576/1897 3792/3489/1857
f 3825/3181/1685 3826/3577/1898 3515/3182/1686
f 2108/2731/1376 2141/3537/1876 2116/3536/1542
f 1891/3578/1188 1874/3560/1889 1865/2864/1381
f 4303/3297/1404 4341/3299/1756 4343/3579/1618
f 2140/3580/1540 2141/3581/1876 2117/2982/1548
f 4264/2948/1523 4291/3028/1582 4293/3582/1899
f 4782/3284/1702 4556/3286/1749 4737/3583/1892
f 4268/3221/1610 4267/3220/1710 4296/3445/1835
f 3515/3584/1686 3848/3585/1694 3516/3586/1760
f 3460/3217/1632 3795/3587/1900 3794/3576/1897
f 3398/2841/1447 3436/3588/1734 3409/3589/1901
f 432/2788/1412 389/2787/1411 397/3590/1902
f 3454/3545/1302 3793/3547/1880 3796/3591/1403
f 4546/2952/1527 4554/3592/1903 4600/3366/1663
f 3398/2841/1447 3409/3589/1901 3399/2955/1529
f 3822/2598/1286 3522/3201/1696 3467/3593/1773
f 1576/3237/1722 1611/3389/1803 1577/3238/1723
f 3848/3199/1694 3827/3594/1904 3847/3200/1695
f 3398/3595/1447 3663/3318/1765 3436/3255/1734
f 4731/3266/1737 4555/3596/1747 4740/3597/1905
f 3453/2619/1301 3462/3225/1713 3454/2620/1302
f 1554/2873/1471 1559/3127/1651 1416/3562/1649
f 1467/2427/1200 1344/3598/1906 1303/2545/1258
f 3450/2518/1247 3466/3558/1887 3453/2619/1301
f 4081/2870/1468 3921/3446/1643 3927/2871/1469
f 3864/3378/1751 3720/3380/1798 3862/3108/1552
f 2293/3599/1608 2284/3600/1753 3361/3601/1609
f 3864/3378/1751 3862/3108/1552 3932/3602/1828
f 4083/2992/1553 4118/3554/1885 4084/2993/1554
f 3456/3603/1337 2332/3454/1566 3468/3604/1907
f 3918/3369/1512 3966/3368/1792 3955/3605/1782
f 4546/2952/1527 4601/3348/1783 4548/3019/1576
f 1621/3606/1482 2070/3607/1690 1661/3608/1908
f 4250/3609/1720 4251/3610/1909 4314/3611/1793
f 3651/2702/1361 3688/3612/1867 3662/3521/1866
f 3914/2922/1504 4095/3613/1910 3925/3614/1911
f 4735/3498/1739 4736/3500/1860 4732/3615/1746
f 4556/3286/1749 4784/3352/1785 4785/3616/1912
f 1937/3617/1264 1940/2770/1401 1979/3247/1328
f 4072/3618/1588 4038/3619/1913 4346/3620/1914
f 3651/2702/1361 3657/3413/1814 3688/3612/1867
f 2276/2939/1517 2310/3432/1824 2313/3621/1915
f 4086/3015/1572 4162/3224/1712 4087/3016/1573
f 4556/3622/1749 4787/3623/1916 4557/3624/1917
f 4141/3625/1562 4128/3626/1918 4127/3074/1615
f 2115/2973/1541 2121/3627/1919 2116/2974/1542
f 4157/3628/1920 4158/3629/1921 4159/3630/1922
f 1800/2690/1351 1685/2775/1405 1809/3631/1923
f 4250/3632/1720 4230/3633/1924 4251/3634/1909
f 3734/3410/1812 3777/3635/1925 3773/3411/1813
f 3655/3031/1585 3694/3450/1816 3690/3636/1926
f 2111/2863/1464 2140/3580/1540 2117/2982/1548
f 3649/2696/1355 3689/3637/1768 3659/3419/1818
f 3500/3638/1323 3796/3639/1403 3795/3587/1900
f 1800/2690/1351 1809/3631/1923 1677/2855/1459
f 2153/3349/1394 2248/3244/1726 2188/3640/1927
f 4082/2872/1470 4120/3641/1928 4086/3015/1572
f 4249/3303/1525 4227/3302/1758 4250/3530/1720
f 3655/3031/1585 3690/3636/1926 3439/3642/1733
f 4483/2954/1498 4548/3019/1576 4558/3643/1788
f 4340/3532/1655 4307/3644/1845 4348/3533/1874
f 3915/2923/1505 3919/3000/1561 3916/3130/1510
f 4252/2809/1425 4267/3645/1710 4266/2810/1426
f 4126/3646/1534 4491/3647/1660 4149/3648/1759
f 4154/3304/1731 4196/3649/1743 4366/3650/1929
f 4140/2995/1556 4141/3625/1562 4127/3074/1615
f 2108/2731/1376 2113/2876/1474 2143/3160/1670
f 3399/2955/1529 3410/3651/1930 3441/3652/1931
f 4129/3653/1636 4142/3654/1932 4491/3647/1660
f 1653/3455/1700 1624/3215/1708 1626/3456/1839
f 1653/3455/1700 1571/3655/1607 1624/3215/1708
f 4152/3169/1676 4206/3656/1933 4195/3170/1677
f 4263/2910/1494 4363/3382/1800 4291/3657/1582
f 1653/3205/1700 1579/3335/1775 1569/3057/1605
f 1542/3658/1263 1551/3659/1416 526/2773/1384
f 2140/3580/1540 1661/3660/1908 2070/3661/1690
f 1043/2547/1259 1045/2820/1434 1046/3257/1735
f 1620/3359/1480 1623/3214/1707 2071/3360/1787
f 3915/2923/1505 3916/3130/1510 3955/3662/1782
f 1805/2985/1379 1256/3663/1934 1806/2986/1550
f 3864/3289/1751 3866/3439/1829 3868/3664/1935
f 2316/3204/1699 2285/3665/1936 2309/3666/1937
f 3914/2922/1504 3921/3114/1643 4095/3613/1910
f 1571/3655/1607 2079/3442/1832 1624/3215/1708
f 3865/3464/1684 3515/3307/1686 3520/3465/1843
f 1894/2755/1390 1924/3667/1938 1896/2869/1467
f 4262/2909/1493 4154/3304/1731 4366/3650/1929
f 2188/3640/1927 2249/3668/1939 2265/3669/1940
f 2277/3020/1577 2285/3665/1936 2316/3204/1699
f 1918/2261/1131 1898/3505/1863 1889/2262/1132
f 4731/3266/1737 4553/3474/1849 4605/3267/1738
f 3442/2906/1490 3406/3231/1717 3435/2907/1491
f 2277/3020/1577 2316/3204/1699 2278/3065/1611
f 3726/2971/1500 3735/3425/1821 3738/3670/1941
f 2063/3561/1210 2328/3079/1617 3791/3491/1709
f 3652/3495/1419 3735/3671/1821 3660/3496/1859
f 2107/3672/1288 2175/3673/1942 2151/3674/1312
f 2151/3527/1312 2175/3675/1942 2154/3528/1871
f 4216/2722/1371 4225/3179/1683 4249/3329/1525
f 4303/2774/1404 4226/3115/1644 4306/3384/1801
f 3437/3676/1628 3407/3677/1744 3411/3678/1943
f 3912/2903/1487 3917/2929/1511 3926/3679/1944
f 3727/2919/1501 3775/3461/1841 3774/3076/1539
f 4081/2870/1468 4087/3016/1573 4092/3680/1945
f 3650/2698/1357 3694/3415/1816 3548/2750/1387
f 657/2725/1373 524/3681/1946 659/3085/1621
f 3356/3048/1598 3272/3682/1947 3405/3683/1653
f 3862/3108/1552 3863/3107/1637 3932/3602/1828
f 4263/2910/1494 4291/3657/1582 4294/2927/1509
f 4341/3684/1756 4342/3685/1755 4310/3686/1948
f 3658/3414/1815 3690/3687/1926 3694/3415/1816
f 4342/3688/1755 4345/3689/1949 4310/3690/1948
f 1866/2259/1025 1834/3691/1950 1831/3692/1458
f 2189/3693/1763 2265/3694/1940 2250/3695/1951
f 3362/3696/1393 3476/3697/1952 2293/3698/1608
f 4153/3249/1730 4155/3251/1732 4160/3699/1953
f 3653/3029/1583 3663/3700/1765 3567/3227/1715
f 3406/3231/1717 3441/3652/1931 3407/3409/1744
f 519/2866/1465 397/3590/1902 389/2787/1411
f 4029/2850/1455 4037/3462/1842 4075/3396/1805
f 473/2092/1051 49/3701/1508 484/2450/1205
f 2108/2731/1376 2143/3160/1670 2141/3537/1876
f 3917/2929/1511 3924/3480/1852 3926/3679/1944
f 4552/3417/1817 4559/3702/1954 4560/3703/1955
f 4783/3285/1748 4786/3704/1956 4784/3352/1785
f 272/2549/1260 283/3300/1757 307/3705/1681
f 4081/2870/1468 4092/3680/1945 3921/3446/1643
f 3515/3182/1686 3826/3577/1898 3873/3706/1957
f 3727/2919/1501 3728/3037/1589 3775/3461/1841
f 2117/2982/1548 2141/3581/1876 2118/3049/1599
f 4072/3036/1588 4039/3707/1958 4037/3462/1842
f 4556/3286/1749 4561/3708/1959 4737/3583/1892
f 3863/3107/1637 3957/3709/1960 3932/3602/1828
f 263/2360/1149 306/3710/1822 273/2572/1272
f 2312/3711/1518 2343/3712/1961 2247/3713/1725
f 3864/3289/1751 3868/3664/1935 3898/3290/1673
f 1345/3714/1137 1338/2682/1308 1303/2545/1258
f 4072/3715/1588 4346/3716/1914 4311/3717/1962
f 3687/3327/1770 3664/3718/1963 3656/3399/1806
f 1062/2204/1107 1087/3719/1964 1083/2874/1472
f 4308/3720/1724 4359/3721/1965 4312/3722/1966
f 1336/2539/1252 1358/3556/1886 1470/2576/1273
f 3730/3155/1667 3739/3723/1967 3734/3410/1812
f 3661/3508/1865 3688/3510/1867 3665/3724/1968
f 4348/3725/1874 4313/3726/1969 4344/3727/1875
f 3456/2675/1337 3468/3728/1907 3463/3338/1778
f 177/2562/1267 164/2797/1417 167/3157/1668
f 1938/2585/997 1986/3729/1970 1937/2559/1264
f 1467/2412/1200 536/2641/1313 1473/3730/1971
f 4489/3022/1578 4492/3177/1682 4494/3731/1972
f 4268/3732/1610 4292/3733/1837 4270/3734/1973
f 3730/3155/1667 3733/3408/1811 3639/3735/1974
f 431/2888/1262 391/2889/1479 398/3736/1975
f 4734/3444/1834 4733/3443/1833 4775/3737/1976
f 3687/3738/1770 3666/3739/1977 3664/3740/1963
f 2111/2863/1464 2118/3049/1599 2122/3741/1978
f 3849/3742/1331 3850/3743/1830 3851/3744/1979
f 3914/2922/1504 3925/3614/1911 3919/3000/1561
f 4556/3622/1749 4557/3624/1917 4561/3745/1959
f 4308/3486/1724 4312/3746/1966 4309/3487/1855
f 159/3747/1242 5/3748/1647 8/3574/1896
f 4545/2951/1526 4554/3592/1903 4546/2952/1527
f 2108/2731/1376 2116/3536/1542 2144/3749/1980
f 4730/3208/1703 4566/3750/1981 4555/3282/1747
f 1044/2607/1293 676/3751/1838 1045/2820/1434
f 1088/3752/1982 1129/3753/1982 710/3754/1982
f 259/2235/1119 287/3755/1983 286/3481/1853
f 4162/3224/1712 4167/3381/1799 4163/3756/1984
f 3357/3202/1697 3363/3757/1985 3358/3203/1698
f 4490/3041/1592 4142/3758/1932 4129/3105/1636
f 4087/3434/1573 4162/3759/1712 4089/3435/1825
f 4324/3760/1986 4356/3761/1987 4325/3762/1988
f 3927/3763/1469 4091/2921/1503 3923/3356/1786
f 1794/2578/1275 1796/2601/1289 1707/3319/1766
f 3513/2945/1521 3517/3764/1774 3544/3765/1989
f 3652/3482/1419 3737/3484/1854 3735/3425/1821
f 4732/3615/1746 4736/3500/1860 4738/3766/1990
f 3442/2906/1490 3412/3767/1991 3406/3231/1717
f 4031/3768/1546 4073/3769/1992 4072/3618/1588
f 4072/3618/1588 4073/3769/1992 4038/3619/1913
f 3399/2955/1529 3413/3770/1993 3410/3651/1930
f 2316/3771/1699 2309/3772/1937 2369/3773/1994
f 2107/2600/1288 2108/2731/1376 2144/3749/1980
f 4489/3022/1578 4495/3774/1995 4490/3041/1592
f 4248/3301/1484 4357/3775/1996 4229/3513/1868
f 3500/3638/1323 3795/3587/1900 3461/3776/1711
f 3912/3367/1487 3928/3777/1630 3966/3368/1792
f 4264/2948/1523 4293/3582/1899 4292/3449/1837
f 4631/3778/1790 4607/3779/1847 4608/3780/1997
f 4486/2964/1536 4487/2998/1559 4496/3781/1998
f 4248/3782/1484 4271/3783/1999 4358/3784/2000
f 3459/2976/1544 3465/3506/1864 3522/3201/1696
f 3649/3785/1355 3548/3786/1387 3583/3787/2001
f 2003/3025/1580 2333/3788/2002 2364/3026/1581
f 4025/3068/1430 3874/3789/2003 4003/3069/1613
f 3358/3203/1698 3363/3757/1985 3364/3790/2004
f 3356/3048/1598 3348/3791/2005 3272/3682/1947
f 2189/3693/1763 2188/3792/1927 2265/3694/1940
f 2154/3793/2006 2175/3794/2006 2191/3795/2006
f 1679/2736/1378 1677/2855/1459 1810/3796/2007
f 4152/3169/1676 4156/3340/1780 4206/3656/1933
f 3911/2988/1486 3862/2990/1552 3869/3797/2008
f 3911/2988/1486 3869/3797/2008 3928/3095/1630
f 4031/2980/1546 4036/3111/1640 4073/3798/1992
f 1579/3335/1775 1610/3799/2009 1580/3336/1776
f 4308/3720/1724 4314/3800/1793 4359/3721/1965
f 1945/2967/1537 2040/3116/1642 1988/3801/2010
f 3912/2903/1487 3926/3679/1944 3913/2904/1488
f 3661/3508/1865 3665/3724/1968 3711/3802/2011
f 4086/3015/1572 4120/3641/1928 4088/3089/1625
f 3774/3803/1539 3740/3804/2012 3741/3805/2013
f 4032/3806/1547 4071/3807/1656 3830/3808/2014
f 3453/2619/1301 3466/3558/1887 3464/3421/1819
f 3915/2923/1505 3748/3809/2015 3922/3210/1705
f 3860/2684/1345 3868/3810/1935 3900/3503/1862
f 3865/3180/1684 3901/3811/1851 3825/3181/1685
f 3690/3812/1926 3691/3813/2016 3526/3814/2017
f 3658/3414/1815 3691/3815/2016 3690/3687/1926
f 4485/2962/1535 4539/3092/1627 4540/3437/1827
f 4027/2848/1453 4040/3816/2018 4034/3043/1594
f 3687/3497/1770 3660/3496/1859 3666/3817/1977
f 3442/3818/1490 3315/3819/2019 3412/3820/1991
f 4631/3364/1790 4609/3821/2020 4604/3365/1791
f 2281/3103/1634 3302/3822/2021 3301/3104/1635
f 3735/3425/1821 3737/3484/1854 3738/3670/1941
f 3704/3291/1752 3898/3290/1673 3724/3823/2022
f 1620/3359/1480 1625/3233/1718 1623/3214/1707
f 3356/3048/1598 3354/3824/2023 3348/3791/2005
f 2116/3536/1542 2121/3825/1919 2144/3749/1980
f 3434/3081/1489 3401/3011/1569 3442/3826/1490
f 4084/2993/1554 4133/3827/2024 4167/3381/1799
f 4606/3499/1820 4739/3828/2025 4736/3500/1860
f 3774/2970/1539 3741/3829/2013 3735/3425/1821
f 2111/2863/1464 1661/3660/1908 2140/3580/1540
f 4248/3782/1484 4358/3784/2000 4357/3830/1996
f 3727/2919/1501 3731/3331/1772 3600/3038/1590
f 3689/3637/1768 3662/3831/1866 3659/3419/1818
f 1256/3832/1934 1255/3833/2026 1609/3834/2027
f 1575/3236/1721 1581/3405/1810 1578/3324/1769
f 4736/3500/1860 4739/3828/2025 4738/3766/1990
f 4731/3266/1737 4740/3597/1905 4553/3474/1849
f 3729/3154/1666 3739/3723/1967 3730/3155/1667
f 3656/3835/1806 3657/3413/1814 3686/3452/1807
f 4423/3836/1665 4424/3837/2028 3732/3838/1808
f 2727/2130/857 1797/2705/1311 1799/2658/1326
f 1999/2790/1413 1943/2845/1450 1948/3839/2029
f 4195/3273/1677 4153/3249/1730 4160/3699/1953
f 3519/3840/1344 3701/3841/1884 3702/3842/2030
f 3600/3038/1590 3776/3843/2031 3597/3039/1591
f 4482/2915/1497 4486/2964/1536 4496/3781/1998
f 2274/2937/1515 2308/3337/1777 2286/3844/2032
f 2271/2811/1427 2282/3529/1872 2279/3066/1612
f 3595/3845/1433 3550/3846/2033 3596/3847/2034
f 1576/3237/1722 1578/3324/1769 1583/3848/2035
f 2334/3849/1477 2367/3850/2036 2365/3851/1638
f 3397/2840/1446 3406/3231/1717 3403/3117/1645
f 273/2572/1272 306/3710/1822 279/2771/1402
f 2284/3852/1753 2287/3853/2037 2310/3854/1824
f 3389/3855/1728 3365/3856/2038 3476/3857/1952
f 4248/2897/1484 4268/3064/1610 4271/3858/1999
f 4556/3286/1749 4785/3616/1912 4787/3859/1916
f 340/2575/1209 307/3176/1681 305/2625/1221
f 4292/3860/1837 4393/3861/2039 4270/3862/1973
f 4357/3863/1996 4358/3864/2000 4400/3865/2040
f 3860/2684/1345 3898/3163/1673 3868/3810/1935
f 4195/3170/1677 4161/3866/2041 4196/3867/1743
f 3515/3307/1686 3518/3441/1831 3520/3465/1843
f 4545/2951/1526 4550/3209/1704 4554/3592/1903
f 4072/3036/1588 4041/3868/2042 4039/3707/1958
f 4783/3285/1748 4734/3485/1834 4825/3869/2043
f 4310/3690/1948 4345/3689/1949 4315/3870/2044
f 4034/3043/1594 4076/3871/2045 4042/3872/2046
f 3822/2665/1286 3824/3071/1614 3850/3440/1830
f 3899/3873/1850 3900/3874/1862 3870/3875/2047
f 4027/2848/1453 4075/3396/1805 4040/3816/2018
f 668/3876/2048 669/3877/2048 1048/3878/2048
f 3913/2904/1488 3926/3679/1944 3867/3879/1877
f 4250/3632/1720 4324/3880/1873 4230/3633/1924
f 3726/3881/1500 3738/3882/1941 3731/3883/1772
f 4599/3150/1662 4549/3152/1664 4740/3597/1905
f 2285/3665/1936 2326/3884/2049 2309/3666/1937
f 1572/3191/1691 1582/3470/1846 1608/3566/1893
f 3363/3757/1985 3502/3885/2050 3364/3790/2004
f 3732/3838/1808 4424/3837/2028 4473/3886/2051
f 2111/3887/1464 2122/3888/1978 1661/3889/1908
f 3928/3890/1630 3869/3891/2008 3703/3892/2052
f 1555/2925/1507 1564/3893/2053 662/3339/1779
f 3692/2802/1420 3686/3400/1807 3598/3894/2054
f 1620/3359/1480 1654/3457/1840 1625/3233/1718
f 3850/3895/1830 3853/3896/2055 3851/3897/1979
f 3515/3584/1686 3828/3898/2056 3848/3585/1694
f 4072/3036/1588 4311/3899/1962 4043/3900/2057
f 4072/3036/1588 4043/3900/2057 4041/3868/2042
f 1335/2495/1236 1346/3901/2058 1342/2853/1457
f 3822/2665/1286 3517/3459/1774 3824/3071/1614
f 4359/3902/1965 4403/3903/2059 4312/3904/1966
f 3704/3905/1752 3724/3906/2022 3720/3907/1798
f 1677/3908/1459 1809/3909/1923 1678/3910/2060
f 2120/3911/1764 1637/3912/2061 2072/3913/2062
f 3919/3000/1561 3925/3614/1911 3920/3131/1631
f 3515/3182/1686 3873/3706/1957 3828/3914/2056
f 4087/3434/1573 4090/3436/1826 4093/3915/2063
f 4555/3282/1747 4566/3750/1981 4740/3916/1905
f 3920/3131/1631 3925/3614/1911 3956/3917/2064
f 2120/3911/1764 2072/3913/2062 2096/3918/2065
f 3438/3919/1658 3343/3920/2066 3404/3921/1659
f 3437/3676/1628 3411/3678/1943 3414/3922/2067
f 3862/3923/1552 3720/3924/1798 3875/3925/2068
f 3692/3926/1420 3737/3484/1854 3736/3483/1421
f 4423/3153/1665 3778/3927/2069 3742/3928/2070
f 3549/3929/1398 3550/3930/2033 3595/3931/1433
f 305/3932/1221 288/3933/2071 306/3710/1822
f 3737/3484/1854 3601/3934/2072 3738/3670/1941
f 1809/3909/1923 1586/3935/2073 1678/3910/2060
f 3849/3742/1331 3851/3744/1979 3829/3936/2074
f 657/2725/1373 660/3112/1641 524/3681/1946
f 4599/3937/1662 4562/3938/2075 4601/3939/1783
f 1792/2602/1216 1707/3319/1766 1343/3940/1729
f 2265/3941/1940 1957/3942/2076 2250/3943/1951
f 276/2612/1295 289/3944/2077 280/2878/1476
f 2251/3945/2078 2266/3946/2078 1666/3947/2078
f 3512/3948/1520 3543/3949/1881 3516/3308/1760
f 1625/3233/1718 1654/3457/1840 1626/3456/1839
f 658/2764/1397 525/3950/2079 660/3112/1641
f 270/3428/1256 306/3427/1822 286/3481/1853
f 1805/3951/1379 1255/3952/2026 1256/3953/1934
f 432/3954/1412 397/3955/1902 665/3956/2080
f 1555/2925/1507 1562/3279/1745 1418/3957/2081
f 3729/3403/1666 3922/3958/1705 3739/3959/1967
f 3730/3155/1667 3639/3735/1974 4459/3960/2082
f 1677/3908/1459 1678/3910/2060 1810/3961/2007
f 4223/3035/1587 4228/3501/1856 4226/3184/1644
f 4423/3153/1665 3730/3155/1667 3778/3927/2069
f 1568/3187/1460 1556/3014/1571 1560/3175/1680
f 3600/3038/1590 3731/3331/1772 3743/3962/2083
f 391/2889/1479 393/2932/1514 398/3736/1975
f 3389/3855/1728 3366/3963/2084 3365/3856/2038
f 4393/3964/2039 4360/3965/2085 4361/3966/2086
f 3734/3410/1812 3739/3723/1967 3777/3635/1925
f 2293/3698/1608 3476/3697/1952 3392/3967/2087
f 3363/3757/1985 3390/3968/2088 3502/3885/2050
f 3597/3969/2089 4431/3970/2089 4438/3971/2089
f 3654/3972/1584 3551/3973/2090 3552/3974/1603
f 1816/2732/979 1808/3975/1689 1705/3186/1688
f 4034/3043/1594 4040/3816/2018 4076/3871/2045
f 1938/2585/997 1945/2967/1537 1986/3729/1970
f 3732/3838/1808 4473/3886/2051 4425/3976/2091
f 3692/3977/1420 3598/3978/2054 3599/3979/2092
f 4262/2909/1493 4366/3650/1929 4363/3382/1800
f 1574/3193/1693 1577/3238/1723 1580/3336/1776
f 4423/3836/1665 3742/3980/2070 4424/3837/2028
f 4393/3981/2039 4361/3982/2086 4396/3983/2093
f 2251/3493/1741 1666/3984/2094 2255/3507/1716
f 2063/3985/1210 2044/3986/2095 2069/3133/1304
f 664/2678/1340 665/3956/2080 393/2932/1514
f 4487/2998/1559 4497/3987/2096 4496/3781/1998
f 3691/3988/2016 3715/3989/2097 3526/3990/2017
f 2265/3669/1940 2249/3668/1939 1957/3991/2076
f 1578/3324/1769 1634/3992/2098 1583/3848/2035
f 4291/3993/1582 4362/3994/2099 4293/3995/1899
f 3519/3840/1344 3702/3842/2030 3898/3996/1673
f 1551/3997/2100 662/3998/2100 663/3999/2100
f 2329/3102/1633 2366/4000/2101 2331/3394/1804
f 4075/3396/1805 4037/3462/1842 4044/4001/2102
f 4126/3523/1534 4541/3525/1619 4544/4002/2103
f 3920/3097/1631 3929/4003/2104 3924/3480/1852
f 4162/4004/1712 4163/4005/1984 4200/4006/2105
f 3399/2955/1529 3409/3589/1901 3415/4007/2106
f 4314/3611/1793 4251/3610/1909 4359/4008/1965
f 4342/3385/1755 4306/3384/1801 4316/4009/2107
f 3701/3841/1884 3705/4010/2108 3702/3842/2030
f 1573/3192/1692 1581/3405/1810 1574/3193/1693
f 4291/3993/1582 4417/4011/2109 4362/3994/2099
f 4126/3523/1534 4544/4002/2103 4539/4012/1627
f 3514/2946/1522 3521/4013/2110 3543/3549/1881
f 263/2300/1149 286/3481/1853 306/3427/1822
f 1623/3214/1707 2076/4014/2111 2120/3544/1764
f 4251/4015/1909 4317/4016/2112 4359/4017/1965
f 3405/4018/1653 3272/4019/1947 3408/4020/1762
f 1790/3390/1225 1751/4021/2113 1701/4022/1327
f 4491/3647/1660 4142/3654/1932 4144/4023/2114
f 3436/3255/1734 3440/3517/1870 3416/4024/2115
f 4293/3995/1899 4362/3994/2099 4398/4025/2116
f 4025/4026/1430 4074/4027/1794 4007/4028/2117
f 1919/2250/1129 1889/2262/1132 1922/4029/1652
f 3600/4030/2118 3743/4031/2118 3628/4032/2118
f 516/2833/1297 399/4033/2119 390/2834/1441
f 2277/3020/1577 2326/3884/2049 2285/3665/1936
f 3738/4034/1941 3601/4035/2072 3629/4036/2120
f 2115/2973/1541 2123/4037/2121 2121/3627/1919
f 4127/3074/1615 4146/4038/2122 4119/3162/1672
f 2189/3693/1763 2250/3695/1951 2252/4039/2123
f 3367/4040/1629 3474/4041/2124 3368/4042/1858
f 3362/3696/1393 3389/4043/1728 3476/3697/1952
f 4784/3352/1785 4788/4044/2125 4789/4045/2126
f 3403/4046/2127 3555/4047/2127 3316/4048/2127
f 4038/3619/1913 4045/4049/2128 4346/3620/1914
f 3743/4050/2129 3602/4051/2130 3628/4052/2131
f 3639/3735/1974 3744/4053/2132 4459/3960/2082
f 2332/3454/1566 2331/3394/1804 2335/4054/2133
f 2276/2939/1517 2313/3621/1915 2288/4055/2134
f 3866/3439/1829 3871/4056/2135 3868/3664/1935
f 1608/4057/1893 1584/4058/2136 1609/4059/2027
f 3522/4060/1696 3506/4061/2137 3467/3333/1773
f 4343/4062/1618 4046/4063/2138 4304/4064/1654
f 1897/2885/1325 1949/4065/2139 1898/4066/1863
f 3369/4067/1750 3368/4042/1858 3370/4068/2140
f 2061/2718/1044 2375/3539/1878 2064/2719/1368
f 1894/2755/1390 1922/3128/1652 1924/3667/1938
f 3513/2945/1521 3544/3765/1989 3514/2946/1522
f 1621/2894/1482 1628/4069/2141 1652/3473/1848
f 4343/4070/1618 4341/4071/1756 4352/4072/2142
f 4552/3417/1817 4560/3703/1955 4608/4073/1997
f 2063/4074/1210 3791/4075/1709 3792/4076/1857
f 4631/3778/1790 4632/4077/2143 4633/4078/2144
f 3928/3890/1630 3703/3892/2052 3966/4079/1792
f 2312/3711/1518 2253/4080/2145 2343/3712/1961
f 3597/3039/1591 3776/3843/2031 4431/4081/2146
f 4604/3365/1791 4610/4082/2147 4634/4083/2148
f 1679/4084/1378 1810/4085/2007 1676/2744/1382
f 2187/3430/1823 2160/3570/1895 2190/4086/2149
f 161/2570/1270 163/2626/1303 165/2920/1502
f 177/2562/1267 165/2920/1502 164/2797/1417
f 1829/2752/1383 1869/4087/2150 1832/2958/1531
f 4606/3499/1820 4741/4088/2151 4739/3828/2025
f 4783/3285/1748 4825/3869/2043 4829/4089/2152
f 1062/2204/1107 711/2596/1284 1087/3719/1964
f 2364/3078/1581 2366/4000/2101 2329/3102/1633
f 4548/3019/1576 4563/4090/2153 4558/3643/1788
f 3270/4091/1452 3319/4092/2154 3305/4093/1564
f 4552/3417/1817 4553/3474/1849 4564/4094/2155
f 3348/4095/2005 3344/4096/2156 3351/4097/2157
f 1620/4098/1480 1629/4099/2158 1654/4100/1840
f 4604/3365/1791 4609/3821/2020 4610/4082/2147
f 484/4101/1205 62/4102/2159 478/4103/1431
f 4362/3994/2099 4417/4011/2109 4402/4104/2160
f 3866/3439/1829 3902/3564/1891 3871/4056/2135
f 1805/3951/1379 1257/4105/2161 1255/3952/2026
f 3348/4095/2005 3354/4106/2023 3344/4096/2156
f 4734/4107/1834 4775/4108/1976 4825/4109/2043
f 1685/3073/1405 1806/2986/1550 1811/4110/2162
f 2364/3026/1581 2333/3788/2002 2366/4111/2101
f 3629/4036/2120 4457/4112/2163 4435/4113/2164
f 4426/4114/2165 4427/4115/2166 4466/4116/2167
f 3955/4117/1782 3745/4118/2168 3773/4119/1813
f 4552/3417/1817 4565/4120/2169 4559/3702/1954
f 3553/4121/2170 3554/4122/2171 3584/4123/2172
f 3403/4124/1645 3586/4125/2173 3555/4126/2174
f 4151/3168/1675 4158/3629/1921 4157/3628/1920
f 3639/4127/2175 4447/4128/2175 3744/4129/2175
f 3399/2955/1529 3441/3652/1931 3406/3231/1717
f 4729/3206/1701 4774/4130/2176 4733/3443/1833
f 4003/3069/1613 3874/3789/2003 3906/4131/2177
f 3598/4132/2054 3603/4133/2178 3630/4134/2179
f 4552/3417/1817 4608/4073/1997 4607/3472/1847
f 3742/4135/2070 4428/4136/2180 4429/4137/2181
f 4426/4114/2165 4466/4116/2167 4430/4138/2182
f 3603/4139/2178 3604/4140/2183 3605/4141/2184
f 1622/4142/2185 2079/4143/2185 1630/4144/2185
f 4599/3937/1662 4740/4145/1905 4566/4146/1981
f 3457/3212/1338 3469/4147/2186 3466/3558/1887
f 3545/3309/1761 3523/4148/2187 3518/3441/1831
f 1608/3566/1893 1609/4149/2027 1585/4150/2188
f 1098/2825/1437 1100/4151/2189 1086/3563/1890
f 478/3550/1431 6/3552/1883 167/4152/1668
f 2121/3825/1919 2142/4153/2190 2124/4154/2191
f 4363/4155/1800 4364/4156/2192 4365/4157/2193
f 4151/3168/1675 4157/3628/1920 4156/3340/1780
f 484/4158/2194 49/4159/2194 62/4160/2194
f 4037/3462/1842 4039/3707/1958 4044/4001/2102
f 3629/4161/2120 4435/4162/2164 4451/4163/2195
f 1098/4164/1437 1085/3056/1604 718/4165/1622
f 1624/3215/1708 1625/3233/1718 1626/3456/1839
f 2121/3825/1919 2124/4154/2191 2144/3749/1980
f 3915/2923/1505 3955/3662/1782 3960/4166/2196
f 664/4167/1340 432/4168/1412 533/4169/2197
f 4296/4170/1835 3878/4171/2198 3957/4172/1960
f 1621/3606/1482 1661/3608/1908 1628/4173/2141
f 3399/2955/1529 3415/4007/2106 3413/3770/1993
f 3774/3076/1539 3775/3461/1841 3782/4174/2199
f 3774/3803/1539 3782/4175/2199 3740/3804/2012
f 2276/2939/1517 2288/4055/2134 2277/3020/1577
f 3405/4176/1653 3369/4067/1750 3370/4068/2140
f 3457/2676/1338 3463/3338/1778 3470/4177/2200
f 177/3060/1267 167/4178/1668 4/3393/1797
f 4789/4045/2126 4788/4044/2125 4790/4179/2201
f 3603/4139/2178 3605/4141/2184 3634/4180/2202
f 4346/3716/1914 4318/4181/2203 4319/4182/2204
f 3636/4183/2205 3638/4184/2206 3606/4185/2207
f 3520/3465/1843 3705/4186/2108 3701/3553/1884
f 4344/3727/1875 4313/3726/1969 4320/4187/2208
f 4312/3904/1966 4403/3903/2059 4404/4188/2209
f 4366/4189/1929 4408/4190/2210 4367/4191/2211
f 1994/3543/795 2002/3009/1567 2005/4192/2212
f 3595/2935/1433 3667/4193/2213 3686/3471/1807
f 2238/2975/1543 2239/4194/2214 2185/3087/1623
f 4366/4189/1929 4367/4191/2211 4368/4195/2215
f 3270/4091/1452 3273/4196/2216 3319/4092/2154
f 2274/2937/1515 2286/3844/2032 2281/3258/1634
f 3926/3679/1944 3930/4197/2217 3931/4198/2218
f 4784/3352/1785 4791/4199/2219 4788/4044/2125
f 4788/4044/2125 4843/4200/2220 4790/4179/2201
f 4084/2993/1554 4119/3357/1672 4133/3827/2024
f 2281/4201/1634 2321/4202/2221 3302/4203/2021
f 1573/3192/1692 1608/3566/1893 1585/4150/2188
f 1946/3110/1639 1950/4204/2222 1981/4205/2223
f 3522/3201/1696 3507/4206/2224 3506/4207/2137
f 3555/4126/2174 3553/4121/2170 3584/4123/2172
f 1101/2460/1215 1089/4208/2225 1078/2577/1274
f 1574/3193/1693 1575/3236/1721 1577/3238/1723
f 2003/3025/1580 2365/3195/1638 2333/3788/2002
f 1944/2957/1530 1951/4209/2226 1984/4210/2227
f 3438/4211/1658 3317/4212/2228 3343/4213/2066
f 4431/4214/2146 4432/4215/2229 4433/4216/2230
f 3550/4217/2033 3631/4218/2231 3632/4219/2232
f 1701/4022/1327 1751/4021/2113 1750/4220/1466
f 2142/4221/2190 2195/4222/2233 2124/4223/2191
f 4483/2954/1498 4567/4224/2234 4550/3209/1704
f 2250/3943/1951 1957/3942/2076 1952/4225/2235
f 4292/3860/1837 4360/4226/2085 4393/3861/2039
f 1045/2820/1434 672/4227/2236 1046/3257/1735
f 3743/4050/2129 4465/4228/2237 3602/4051/2130
f 3460/3217/1632 3461/3776/1711 3795/3587/1900
f 1609/3834/2027 1255/3833/2026 1686/4229/2238
f 3548/4230/1387 3593/4231/2239 3583/4232/2001
f 4346/3716/1914 4319/4182/2204 4311/3717/1962
f 3796/3639/1403 3818/4233/2240 3795/3587/1900
f 4643/4234/2241 4672/4235/2242 4644/4236/2243
f 4034/3043/1594 4004/4237/2244 4035/3044/1595
f 3900/3874/1862 4015/4238/2245 3870/3875/2047
f 1885/2338/946 1836/4239/1245 1891/2391/1188
f 3921/4240/1643 4094/4241/2246 4095/4242/1910
f 3518/3441/1831 3523/4148/2187 3520/3465/1843
f 2331/3394/1804 2336/4243/2247 2335/4054/2133
f 1978/2769/1400 1946/3110/1639 1982/4244/2248
f 4294/4245/2249 3931/4246/2249 4202/4247/2249
f 4784/3352/1785 4786/3704/1956 4791/4199/2219
f 2069/3133/1304 2375/3539/1878 2327/3134/1519
f 4539/4012/1627 4498/4248/2250 4499/4249/2251
f 2119/3075/1616 2145/3245/1727 2143/3160/1670
f 4482/2915/1497 4567/4250/2234 4483/2916/1498
f 4631/3778/1790 4608/3780/1997 4632/4077/2143
f 2266/4251/2252 2259/4252/2253 1666/4253/2254
f 3597/3407/1591 3639/3735/1974 3733/3408/1811
f 2334/4254/1477 1953/4255/2255 2368/4256/2256
f 2334/3849/1477 2368/4257/2256 2367/3850/2036
f 1796/2601/1289 1798/2649/1321 1707/3319/1766
f 3658/4258/1815 3715/3989/2097 3691/3988/2016
f 4195/3170/1677 4206/3656/1933 4161/3866/2041
f 2313/3621/1915 2314/4259/2257 2288/4055/2134
f 3464/3421/1819 3471/4260/2258 3472/4261/2259
f 1943/2845/1450 1983/4262/2260 2344/4263/2261
f 1943/2845/1450 2344/4263/2261 1948/3839/2029
f 4541/4264/1619 4460/4265/2262 4500/4266/2263
f 1676/2744/1382 1869/4267/2150 1829/2745/1383
f 1579/3335/1775 1651/4268/2264 1610/3799/2009
f 2287/3853/2037 2289/4269/2265 2290/4270/2266
f 3354/4271/2023 3318/4272/2267 3344/4273/2156
f 3868/3664/1935 3871/4056/2135 3907/4274/2268
f 1981/4205/2223 1950/4204/2222 1984/4210/2227
f 2333/3788/2002 2337/4275/2269 2366/4111/2101
f 3922/3958/1705 3777/4276/1925 3739/3959/1967
f 4088/4277/1625 4120/4278/1928 4096/4279/2270
f 526/2773/1384 1551/3659/1416 530/2931/1513
f 4227/3302/1758 4229/3513/1868 4231/4280/2271
f 4732/3615/1746 4738/3766/1990 4773/4281/2272
f 4489/3022/1578 4494/3731/1972 4495/3774/1995
f 2154/4282/1871 2191/4283/2273 2192/4284/2274
f 3932/4285/1828 3957/4172/1960 3878/4171/2198
f 1622/3213/1706 2076/4014/2111 1623/3214/1707
f 2185/4286/1623 2239/4287/2214 2193/4288/2275
f 1620/4289/1480 1631/4290/2276 1655/4291/2277
f 2287/3853/2037 2290/4270/2266 2370/4292/2278
f 4071/3807/1656 4004/4293/2244 3830/3808/2014
f 4788/4044/2125 4792/4294/2279 4843/4200/2220
f 2142/4295/2190 2073/4296/2280 2195/4297/2233
f 3464/3421/1819 3466/3558/1887 3471/4260/2258
f 3924/3480/1852 3930/4197/2217 3926/3679/1944
f 1081/2694/1354 1100/4298/2189 1098/2865/1437
f 3365/3856/2038 3371/4299/2281 3372/4300/2282
f 4294/4301/2283 4202/4302/2283 4179/4303/2283
f 4082/2872/1470 4473/4304/2051 4120/3641/1928
f 4034/3043/1594 4042/3872/2046 4004/4237/2244
f 3603/4139/2178 3634/4180/2202 3630/4305/2179
f 4829/4306/2152 4844/4307/2284 4793/4308/2285
f 4426/4114/2165 4430/4138/2182 4434/4309/2286
f 270/3342/1256 290/4310/2287 284/3343/1781
f 305/3932/1221 307/4311/1681 288/3933/2071
f 2311/4312/1809 3277/4313/2288 2291/4314/2289
f 3899/3873/1850 3870/3875/2047 3872/4315/2290
f 1817/4316/1365 1702/4317/2291 1807/4318/1601
f 4632/4319/2292 4635/4320/2292 4633/4321/2292
f 4435/4322/2164 3608/4323/2293 4436/4324/2294
f 3607/4325/2295 3559/4326/2296 3635/4327/2297
f 4162/3759/1712 4090/3436/1826 4089/3435/1825
f 519/2866/1465 400/4328/2298 397/3590/1902
f 4307/3644/1845 4321/4329/2299 4348/3533/1874
f 270/3428/1256 286/3481/1853 290/4330/2287
f 4424/3837/2028 4437/4331/2300 4473/3886/2051
f 4427/4115/2166 4471/4332/2301 4466/4116/2167
f 3847/4333/1695 3827/4334/1904 3830/4335/2014
f 3567/4336/1715 3663/4337/1765 3417/4338/2302
f 4431/4339/2303 4433/4340/2303 4438/4341/2303
f 4435/4162/2164 4436/4342/2294 4451/4163/2195
f 1983/4262/2260 2345/4343/2304 2344/4263/2261
f 4783/3285/1748 4794/4344/2305 4827/4345/2306
f 1620/4289/1480 1652/3473/1848 1631/4290/2276
f 4367/4191/2211 4408/4190/2210 4369/4346/2307
f 4158/3629/1921 4164/4347/2308 4159/3630/1922
f 4307/4348/1845 4322/4349/2309 4321/4350/2299
f 2277/3020/1577 2288/4055/2134 2326/3884/2049
f 1586/4351/2073 1683/4352/2310 1587/4353/2311
f 3656/3399/1806 3664/3718/1963 3695/4354/2312
f 2255/4355/1716 2155/4356/2313 2145/4357/1727
f 3556/4358/2314 3557/4359/2315 3558/4360/2316
f 3742/4361/2070 4434/4309/2286 4430/4138/2182
f 1676/2744/1382 1810/4085/2007 1680/4362/2317
f 397/3955/1902 401/4363/2318 665/3956/2080
f 2072/4364/2062 2095/4365/2319 2096/4366/2065
f 2250/4367/1951 1952/4368/2235 1981/4369/2223
f 4457/4112/2163 3608/4370/2293 4435/4113/2164
f 2727/2130/857 1807/4371/1601 1797/2705/1311
f 3898/3996/1673 3702/3842/2030 3724/4372/2022
f 3661/3508/1865 3711/3802/2011 3662/3509/1866
f 2190/4373/2149 2194/4374/2320 2229/4375/2321
f 2312/4376/1518 2292/4377/2322 2254/4378/2323
f 4608/3780/1997 4611/4379/2324 4632/4077/2143
f 4340/3532/1655 4344/3534/1875 4062/4380/2325
f 286/3481/1853 287/3755/1983 290/4330/2287
f 3476/3857/1952 3365/3856/2038 3372/4300/2282
f 3598/3978/2054 3630/4381/2179 3599/3979/2092
f 4599/3937/1662 4566/4146/1981 4562/3938/2075
f 284/3343/1781 290/4310/2287 291/4382/2326
f 2039/4383/1388 1988/4384/2010 2040/4385/1642
f 4790/4179/2201 4843/4200/2220 4857/4386/2327
f 3602/4051/2130 4465/4228/2237 4456/4387/2328
f 4424/3837/2028 3742/3980/2070 4430/4388/2182
f 4539/4012/1627 4499/4249/2251 4540/4389/1827
f 4155/4390/1732 4165/4391/2329 4160/4392/1953
f 2072/4364/2062 2074/4393/2330 2095/4365/2319
f 4227/3302/1758 4231/4280/2271 4324/3531/1873
f 4606/3424/1820 4612/4394/2331 4741/4395/2151
f 1946/3110/1639 1981/4205/2223 1982/4244/2248
f 1672/4396/2332 1662/4397/2333 1663/4398/2334
f 3583/4232/2001 3559/4399/2296 3607/4400/2295
f 2122/3888/1978 1662/4397/2333 1672/4396/2332
f 2311/3404/1809 2291/4401/2289 2282/3529/1872
f 3636/4183/2205 3631/4402/2231 3609/4403/2335
f 3357/3202/1697 3390/3968/2088 3363/3757/1985
f 4039/3707/1958 4041/3868/2042 4044/4001/2102
f 3463/3338/1778 3473/4404/2336 3470/4177/2200
f 3604/4140/2183 3633/4405/2337 3605/4141/2184
f 660/4406/1641 1421/4407/2338 524/4408/1946
f 4600/3366/1663 4554/3592/1903 4550/3209/1704
f 3367/4409/1629 3437/4410/1628 3418/4411/2339
f 4087/3434/1573 4093/3915/2063 4092/4412/1945
f 4632/4413/2143 4611/4414/2324 4635/4415/2340
f 1065/2793/1148 1076/2501/1239 714/3120/1648
f 2143/4416/1670 2125/4417/2341 2146/4418/2342
f 1666/4253/2254 2259/4252/2253 1951/4419/2226
f 4364/4420/2192 4399/4421/2343 4370/4422/2344
f 4324/3880/1873 4326/4423/2345 4230/3633/1924
f 4075/4424/1805 4047/4425/2346 4040/4426/2018
f 4095/4242/1910 4210/4427/2347 4166/4428/2348
f 3301/4429/1635 3302/4430/2021 3274/4431/2349
f 4324/3760/1986 4280/4432/2350 4356/3761/1987
f 3345/4433/2351 3322/4434/2352 3320/4435/2353
f 4196/4436/1743 4161/4437/2041 4366/4189/1929
f 4783/3285/1748 4827/4345/2306 4786/3704/1956
f 388/2777/1406 402/4438/2354 395/3161/1671
f 4473/3886/2051 4099/4439/2355 4425/3976/2091
f 3557/4440/2315 3560/4441/2356 3558/4442/2316
f 1825/2681/1343 1832/2958/1531 1872/4443/2357
f 4498/4248/2250 4501/4444/2358 4499/4249/2251
f 4195/4445/1677 4166/4446/2348 4197/4447/1754
f 4197/4447/1754 4166/4446/2348 4210/4448/2347
f 4340/3143/1655 4062/4449/2325 4305/3264/1736
f 4783/3285/1748 4829/4089/2152 4794/4344/2305
f 1610/4450/2009 1651/4451/2264 1588/4452/2359
f 3516/3308/1760 3543/3949/1881 3545/3309/1761
f 1978/2789/1400 1982/4453/2248 1943/2845/1450
f 3966/4079/1792 3703/3892/2052 3706/4454/2360
f 1568/3187/1460 1560/3175/1680 1561/3272/1742
f 4539/4012/1627 4543/4455/2361 4498/4248/2250
f 3550/4217/2033 3610/4456/2362 3631/4218/2231
f 3636/4183/2205 3632/4457/2232 3631/4402/2231
f 4631/3364/1790 4633/4458/2144 4609/3821/2020
f 4359/4017/1965 4386/4459/2363 4403/4460/2059
f 3741/4461/2013 3706/4454/2360 3703/3892/2052
f 3411/3678/1943 3419/4462/2364 3530/4463/2365
f 1661/3889/1908 2122/3888/1978 1672/4396/2332
f 3729/3403/1666 3732/3402/1808 3785/4464/2366
f 4006/3197/1461 4221/2912/1495 4232/4465/2367
f 1620/4098/1480 1655/4466/2277 1629/4099/2158
f 4344/4467/1875 4320/4468/2208 4351/4469/2368
f 4465/4470/2237 4439/4471/2369 4440/4472/2370
f 3344/4273/2156 3318/4272/2267 3346/4473/2371
f 3411/3678/1943 3530/4463/2365 3414/3922/2067
f 3742/4361/2070 4469/4474/2372 4434/4309/2286
f 3851/3897/1979 3853/3896/2055 3831/4475/2373
f 1099/2767/1375 1085/3056/1604 1098/4164/1437
f 4088/3089/1625 4097/4476/2374 4118/3554/1885
f 4829/4306/2152 4828/4477/2375 4844/4307/2284
f 1558/3126/1650 1565/4478/2376 1561/3272/1742
f 3720/3907/1798 3724/3906/2022 3707/4479/2377
f 3373/4480/2378 3364/3790/2004 3502/3885/2050
f 2072/4364/2062 2075/4481/2379 2074/4393/2330
f 4729/3206/1701 4772/4482/2380 4774/4130/2176
f 1981/4369/2223 1952/4368/2235 1982/4483/2248
f 3302/4484/2021 3306/4485/2381 3274/4486/2349
f 4309/3487/1855 4312/3746/1966 4323/4487/2382
f 4357/3863/1996 4371/4488/2383 4372/4489/2384
f 1999/2823/1413 1948/4490/2029 2334/2880/1477
f 4357/3863/1996 4400/3865/2040 4371/4488/2383
f 4324/4491/2385 4325/4492/2385 4326/4493/2385
f 3720/3924/1798 3666/3739/1977 3875/3925/2068
f 3319/4092/2154 3273/4196/2216 3275/4494/2386
f 3873/4495/1957 3906/4496/2177 3874/4497/2003
f 1654/3515/1840 1632/4498/2387 1627/3516/1869
f 2308/4499/1777 3276/4500/2388 3303/4501/2389
f 2194/4374/2320 2226/4502/2390 2229/4375/2321
f 3720/3924/1798 3664/3740/1963 3666/3739/1977
f 167/4152/1668 6/3552/1883 4/3376/1797
f 4292/4503/1837 4293/4504/1899 4272/4505/2391
f 3663/4337/1765 3316/4506/1802 3342/4507/2392
f 3867/3879/1877 3926/3679/1944 3961/4508/2393
f 3825/3181/1685 3901/3811/1851 3826/3577/1898
f 4167/4509/1799 4168/4510/2394 4163/4005/1984
f 4249/3329/1525 4225/3179/1683 3934/4511/2395
f 4095/4242/1910 4094/4241/2246 4210/4427/2347
f 4151/3168/1675 4169/4512/2396 4158/3629/1921
f 4310/3690/1948 4315/3870/2044 4327/4513/2397
f 4739/3828/2025 4675/4514/2398 4742/4515/2399
f 4032/3806/1547 3830/3808/2014 4005/4516/2400
f 275/3344/1294 284/3343/1781 291/4382/2326
f 4785/3616/1912 4795/4517/2401 4787/3859/1916
f 3862/2990/1552 3875/4518/2068 3869/3797/2008
f 4600/3151/1663 4564/4094/2155 4553/3474/1849
f 3365/3856/2038 3366/3963/2084 3371/4299/2281
f 3595/3845/1433 3596/3847/2034 3611/4519/2402
f 1609/4520/2027 1584/4521/2136 1681/4522/2403
f 1256/3832/1934 1609/3834/2027 1681/4523/2403
f 4487/2998/1559 4540/3437/1827 4497/3987/2096
f 4559/3702/1954 4565/4120/2169 4560/3703/1955
f 3744/4524/2404 4467/4525/2404 4441/4526/2404
f 1866/2259/1025 1822/2494/1235 1834/3691/1950
f 3272/3682/1947 3348/3791/2005 3314/4527/2405
f 4424/3837/2028 4430/4388/2182 4442/4528/2406
f 4157/3628/1920 4159/3630/1922 4170/4529/2407
f 4841/4530/2408 4804/4531/2409 4842/4532/2410
f 1832/2958/1531 1869/4087/2150 1867/4533/2411
f 3921/4240/1643 4092/4534/1945 4094/4241/2246
f 4490/3041/1592 4495/3774/1995 4132/4535/2412
f 3847/4536/1695 3830/4537/2014 3832/4538/2413
f 3931/4539/2218 3933/4540/2414 4202/4541/2415
f 3315/4542/2019 3587/4543/2416 3556/4544/2314
f 3742/4135/2070 4443/4545/2417 4428/4136/2180
f 1809/3909/1923 1699/4546/2418 1586/3935/2073
f 2118/3049/1599 2141/3581/1876 2122/3741/1978
f 3467/3333/1773 3506/4061/2137 3524/4547/2419
f 3773/4119/1813 3745/4118/2168 3775/4548/1841
f 748/4549/1197 749/4550/2420 1130/4551/2421
f 3607/4325/2295 3635/4327/2297 3612/4552/2422
f 1869/4267/2150 1680/4362/2317 1682/4553/2423
f 4155/4390/1732 3956/4554/2064 4165/4391/2329
f 3658/3414/1815 3659/3419/1818 3693/4555/2424
f 164/2797/1417 165/2920/1502 57/4556/2425
f 4786/3704/1956 4827/4345/2306 4791/4199/2219
f 4364/4420/2192 4370/4422/2344 4365/4557/2193
f 4127/3074/1615 4174/4558/2426 4146/4038/2122
f 2143/3160/1670 2146/4559/2342 2141/3537/1876
f 1586/3935/2073 1699/4546/2418 1683/4560/2310
f 4158/3629/1921 4169/4512/2396 4164/4347/2308
f 4325/4561/1988 4394/4562/2427 4373/4563/2428
f 4117/4564/2429 4444/4565/2429 4468/4566/2429
f 4788/4044/2125 4796/4567/2430 4792/4294/2279
f 4843/4568/2220 4792/4569/2279 4797/4570/2431
f 3741/4461/2013 3703/3892/2052 3721/4571/2432
f 4730/3208/1703 4737/3565/1892 4566/3750/1981
f 3743/4050/2129 3613/4572/2433 4465/4228/2237
f 2120/3911/1764 2076/4573/2111 1637/3912/2061
f 2073/4574/2280 2225/4575/2434 2224/4576/2435
f 4606/3424/1820 4638/3571/1888 4612/4394/2331
f 4671/4577/2436 4687/4578/2437 4692/4579/2438
f 259/2235/1119 406/3226/1714 287/3755/1983
f 4465/4580/2237 3613/4581/2433 4439/4582/2369
f 3778/4583/2069 4443/4545/2417 3742/4135/2070
f 3463/3338/1778 3468/3728/1907 3473/4404/2336
f 4312/4584/1966 4374/4585/2439 4323/4586/2382
f 3956/4587/2064 3962/4588/2440 4165/4589/2329
f 2293/3599/1608 2289/4590/2265 2284/3600/1753
f 3920/4591/1631 3956/4592/2064 3929/4593/2104
f 4141/4594/1562 4145/4595/2441 4128/4596/1918
f 1678/3910/2060 1586/3935/2073 1591/4597/2442
f 4151/3294/1675 4197/3296/1754 4169/4598/2396
f 4426/4114/2165 4434/4309/2286 4469/4474/2372
f 748/2406/1197 1088/2837/1444 749/4599/2420
f 3457/2676/1338 3470/4177/2200 3504/4600/2443
f 3595/3845/1433 3611/4519/2402 3667/4601/2213
f 1128/2488/1233 1083/2874/1472 1090/4602/2444
f 4600/3366/1663 4550/3209/1704 4567/4224/2234
f 3636/4183/2205 3606/4185/2207 3632/4457/2232
f 4429/4603/2181 4445/4604/2445 4446/4605/2446
f 3796/3591/1403 3793/3547/1880 3818/4606/2240
f 4541/4607/1619 4502/4608/1796 4460/4609/2262
f 279/2771/1402 292/4610/2447 283/3300/1757
f 3930/4197/2217 3969/4611/2448 3931/4198/2218
f 3871/4056/2135 3876/4612/2449 3907/4274/2268
f 2312/3711/1518 2254/4613/2323 2253/4080/2145
f 4006/4614/1461 3872/4615/2290 4224/4616/1679
f 4466/4617/2167 4442/4618/2406 4430/4619/2182
f 1335/2495/1236 969/2762/1396 1346/3901/2058
f 4304/4064/1654 4046/4063/2138 4307/4620/1845
f 2239/4287/2214 2231/4621/2450 2193/4288/2275
f 4156/3340/1780 4157/3628/1920 4170/4529/2407
f 2334/4622/1477 1948/4623/2029 1953/4624/2255
f 4325/4625/1988 4356/4626/1987 4394/4627/2427
f 1944/4628/1530 1965/4629/2451 1951/4630/2226
f 4548/4631/1576 4601/3939/1783 4568/4632/2452
f 2195/4633/2233 2073/4634/2280 2224/4635/2435
f 4491/3647/1660 4144/4023/2114 4149/3648/1759
f 4041/3868/2042 4043/3900/2057 4044/4001/2102
f 1825/2681/1343 1872/4443/2357 1868/4636/2453
f 3742/4135/2070 4429/4137/2181 4469/4637/2372
f 3319/4638/2154 3275/4639/2386 3349/4640/2454
f 4552/3417/1817 4564/4094/2155 4565/4120/2169
f 4560/3703/1955 4640/4641/2455 4608/4073/1997
f 4494/3731/1972 4503/4642/2456 4495/3774/1995
f 4025/3068/1430 4007/4643/2117 3874/3789/2003
f 2095/4365/2319 2074/4393/2330 2093/4644/2457
f 1568/4645/2458 525/4646/2458 2766/4647/2458
f 3665/4648/1968 3702/4649/2030 3708/4650/2459
f 4361/4651/2086 4407/4652/2460 4375/4653/2461
f 1663/4654/2334 1867/4655/2411 1835/4656/2462
f 4497/3987/2096 4504/4657/2463 4505/4658/2464
f 4171/4659/2465 4199/4660/2466 4201/4661/2467
f 3506/4061/2137 3525/4662/2468 3524/4547/2419
f 3744/4663/2469 4447/4664/2470 4467/4665/2471
f 3322/4434/2352 3561/4666/2472 3320/4435/2353
f 3863/3107/1637 3867/3538/1877 3957/3709/1960
f 4429/4137/2181 4428/4136/2180 4445/4667/2445
f 4633/4668/2144 4635/4669/2340 4688/4670/2473
f 3638/4184/2206 3641/4671/2474 3606/4185/2207
f 3899/3873/1850 3908/4672/2475 3901/4673/1851
f 1685/3073/1405 1811/4110/2162 1699/4674/2418
f 4318/4181/2203 4349/4675/2476 4319/4182/2204
f 4206/4676/1933 4198/4677/2477 4161/4678/2041
f 3526/4679/2017 3715/4680/2097 3523/4148/2187
f 4772/4681/2380 4859/4682/2478 4743/4683/2479
f 3830/3808/2014 4004/4293/2244 4008/4684/2480
f 3317/4212/2228 3345/4685/2351 3320/4686/2353
f 3467/3333/1773 3524/4547/2419 3544/4687/1989
f 1663/4654/2334 1835/4656/2462 1664/4688/2481
f 4797/4689/2431 4798/4690/2482 4876/4691/2483
f 3849/3742/1331 3829/3936/2074 3462/4692/1713
f 4784/3352/1785 4789/4045/2126 4785/3616/1912
f 3562/4693/2484 3585/4694/2485 3563/4695/2486
f 4826/4696/2487 4799/4697/2488 4846/4698/2489
f 2145/4357/1727 2155/4356/2313 2156/4699/2490
f 3741/3805/2013 3746/4700/2491 3706/4701/2360
f 4841/4702/2408 4800/4703/2492 4801/4704/2493
f 2229/4705/2321 2227/4706/2494 2230/4707/2495
f 1555/2925/1507 1418/3957/2081 1564/3893/2053
f 163/2626/1303 57/4556/2425 165/2920/1502
f 2144/4708/1980 2124/4223/2191 2195/4222/2233
f 4634/4709/2148 4637/4710/2496 4672/4711/2242
f 4496/3781/1998 4497/3987/2096 4505/4658/2464
f 4315/4712/2044 4328/4713/2497 4327/4714/2397
f 277/4715/1296 403/4716/2498 516/2833/1297
f 4608/3780/1997 4640/4717/2455 4611/4379/2324
f 2332/3454/1566 2335/4054/2133 3468/3604/1907
f 4088/4277/1625 4096/4279/2270 4098/4718/2499
f 3345/4719/2351 3321/4720/2500 3322/4721/2352
f 660/4406/1641 525/4722/2079 1421/4407/2338
f 4249/4723/1525 3934/4724/2395 3871/4725/2135
f 4082/4726/1470 4099/4727/2355 4473/4728/2051
f 4676/4729/2501 4744/4730/2502 4745/4731/2503
f 1680/4362/2317 1684/4732/2504 1682/4553/2423
f 4088/4733/1625 4098/4734/2499 4448/4735/2505
f 1937/3617/1264 1954/4736/2506 1940/2770/1401
f 3562/4737/2484 3564/4738/2507 3565/4739/2508
f 3458/2836/1443 3464/3421/1819 3501/4740/2509
f 3827/4334/1904 3852/4741/2510 3830/4335/2014
f 3932/4742/1828 3903/4743/2511 3902/4744/1891
f 276/2612/1295 281/2924/1506 289/3944/2077
f 4739/3828/2025 4778/4745/2512 4675/4514/2398
f 2224/4746/2435 2225/4747/2434 2228/4748/2513
f 478/4103/1431 10/4749/2514 341/4750/1882
f 279/2771/1402 306/3710/1822 292/4610/2447
f 2125/4751/2515 1871/4752/2515 1868/4753/2515
f 3562/4737/2484 3588/4754/2516 3564/4738/2507
f 536/4755/1313 1354/4756/2517 1473/4757/1971
f 2229/4758/2321 2226/4759/2390 2227/4760/2494
f 1872/4761/2357 1870/4762/2518 1868/4763/2453
f 3275/4639/2386 3350/4764/2519 3349/4640/2454
f 3550/3846/2033 3632/4765/2232 3596/3847/2034
f 2232/4766/2520 2196/4767/2521 2197/4768/2522
f 3407/3677/1744 3419/4462/2364 3411/3678/1943
f 3346/4769/2371 3347/4770/2523 3323/4771/2524
f 3740/3804/2012 3746/4700/2491 3741/3805/2013
f 3551/4772/2090 3565/4739/2508 3564/4738/2507
f 4792/4773/2279 4798/4690/2482 4797/4689/2431
f 1806/2986/1550 1812/4774/2525 1811/4110/2162
f 4738/3766/1990 4676/4775/2501 4773/4281/2272
f 4675/4514/2398 4781/4776/2526 4742/4515/2399
f 2095/4777/2319 2093/4778/2457 2077/4779/2527
f 306/3710/1822 288/3933/2071 292/4610/2447
f 3776/4780/2031 4464/4781/2528 4431/4782/2146
f 1622/4783/1706 1630/4784/2529 2078/4785/2530
f 4117/4786/1558 4462/4787/2531 4444/4788/2532
f 1672/4789/2332 1663/4790/2334 1664/4791/2481
f 4341/3684/1756 4310/3686/1948 4353/4792/2533
f 4560/3703/1955 4565/4120/2169 4569/4793/2534
f 4035/3044/1595 4077/4794/2535 4071/3144/1656
f 1945/2967/1537 1955/4795/2536 1986/3729/1970
f 3346/4796/2371 3324/4797/2537 3347/4798/2523
f 4775/4799/1976 4743/4800/2479 4826/4801/2487
f 4643/4234/2241 4687/4578/2437 4671/4577/2436
f 3522/3201/1696 3465/3506/1864 3507/4206/2224
f 3464/3421/1819 3472/4261/2259 3501/4740/2509
f 4733/3443/1833 4774/4130/2176 4746/4802/2538
f 4495/3774/1995 4503/4642/2456 4506/4803/2539
f 1832/2958/1531 1867/4533/2411 1872/4443/2357
f 4492/3177/1682 4503/4642/2456 4494/3731/1972
f 4604/3365/1791 4634/4083/2148 4638/3559/1888
f 1123/2407/1150 748/2406/1197 1130/4804/2421
f 1255/3952/2026 1257/4105/2161 863/4805/2540
f 3545/3309/1761 3527/4806/2541 3523/4148/2187
f 4859/4682/2478 4747/4807/2542 4743/4683/2479
f 3412/3820/1991 3315/3819/2019 3576/4808/2543
f 3374/4809/2544 3371/4299/2281 3366/3963/2084
f 2193/4288/2275 2231/4621/2450 2198/4810/2545
f 3549/3929/1398 3566/4811/2546 3550/3930/2033
f 3925/3614/1911 3962/4812/2440 3956/3917/2064
f 2291/4813/2289 3277/4814/2288 2199/4815/2547
f 3824/3071/1614 3847/3276/1695 3833/4816/2548
f 4224/3174/1679 4253/4817/2549 4225/3179/1683
f 4088/3089/1625 4448/4818/2505 4097/4476/2374
f 1892/2884/1207 1949/4065/2139 1897/2885/1325
f 3440/4819/1870 3543/3549/1881 3528/4820/2550
f 4794/4344/2305 4802/4821/2551 4827/4345/2306
f 2312/4376/1518 2280/4822/1661 2292/4377/2322
f 2107/3672/1288 2144/4823/1980 2126/4824/2552
f 3870/3875/2047 4015/4238/2245 3872/4315/2290
f 4424/3837/2028 4442/4528/2406 4437/4331/2300
f 4548/3019/1576 4570/4825/2553 4563/4090/2153
f 4741/4826/2151 4612/4827/2331 4645/4828/2554
f 4345/4829/1949 4355/4830/2555 4315/4831/2044
f 2293/4832/1608 2290/4270/2266 2289/4269/2265
f 3665/4833/2556 3709/4834/2556 3723/4835/2556
f 4312/4584/1966 4404/4836/2209 4374/4585/2439
f 4198/4837/2477 4172/4838/2557 4205/4839/2558
f 4432/4215/2229 4480/4840/2559 4433/4216/2230
f 4358/3864/2000 4276/4841/2560 4400/3865/2040
f 1804/4842/1415 1703/4843/2561 1808/4844/1689
f 4292/3860/1837 4421/4845/2562 4360/4226/2085
f 1676/2744/1382 1680/4362/2317 1869/4267/2150
f 4361/4651/2086 4375/4653/2461 4395/4846/2563
f 4315/4831/2044 4355/4830/2555 4328/4847/2497
f 1811/4848/2162 1812/4849/2525 1699/4850/2418
f 4156/3340/1780 4170/4529/2407 4199/4851/2466
f 4773/4852/2272 4676/4729/2501 4745/4731/2503
f 519/2866/1465 395/3161/1671 404/4853/2564
f 3470/4177/2200 3473/4404/2336 3504/4600/2443
f 2315/3023/1579 2254/4854/2323 2280/3149/1661
f 1123/2407/1150 1130/4804/2421 1254/4855/1369
f 4095/3613/1910 4102/4856/2565 3925/3614/1911
f 4343/4062/1618 4048/4857/2566 4046/4063/2138
f 3367/4040/1629 3481/4858/2567 3474/4041/2124
f 4179/3118/1646 4155/4859/1732 4154/3304/1731
f 1609/4149/2027 1589/4860/2568 1585/4150/2188
f 4249/4723/1525 3871/4725/2135 3905/4861/2569
f 3438/4862/1658 3408/4863/1762 3340/4864/2570
f 3401/4865/1569 3404/4866/1659 3331/4867/2571
f 1951/4868/2226 1956/4869/2572 1984/4870/2227
f 2313/4871/1915 2294/4872/2573 2326/4873/2049
f 2365/3195/1638 2367/4874/2036 2333/3788/2002
f 3730/3155/1667 4459/3960/2082 3779/4875/2574
f 4772/4482/2380 4858/4876/2575 4859/4877/2478
f 4361/4878/2086 4395/4879/2563 4396/4880/2093
f 3656/3835/1806 3668/4881/2576 3657/3413/1814
f 2072/4364/2062 1637/4882/2061 2075/4481/2379
f 3692/3926/1420 3780/4883/2577 3737/3484/1854
f 4671/4884/2436 4645/4885/2554 4646/4886/2578
f 2331/3394/1804 2366/4000/2101 2336/4243/2247
f 4293/4504/1899 4398/4887/2116 4273/4888/2579
f 4741/4826/2151 4645/4828/2554 4778/4889/2512
f 3474/4890/2124 3501/4891/2509 3472/4892/2259
f 4402/4893/2160 4376/4894/2580 4377/4895/2581
f 4675/4896/2398 4647/4897/2582 4648/4898/2583
f 4162/4899/1712 4200/4900/2105 4176/4901/2584
f 3549/2766/1398 3689/3323/1768 3698/4902/2585
f 3413/4903/1993 3524/4547/2419 3525/4662/2468
f 4141/3003/1562 4149/3305/1759 4130/4904/2586
f 3732/4905/1808 4449/4906/2587 3785/4907/2366
f 3440/4819/1870 3528/4820/2550 3416/4908/2115
f 3600/4909/1590 3628/4910/2131 3784/4911/2588
f 4117/4786/1558 4118/4912/1885 4462/4787/2531
f 3924/3480/1852 3969/4611/2448 3930/4197/2217
f 2115/2973/1541 2120/3316/1764 2090/4913/2589
f 4292/4503/1837 4274/4914/2590 4421/4915/2562
f 2195/4633/2233 2224/4635/2435 2200/4916/2591
f 2184/2807/1423 2187/3430/1823 2238/2975/1543
f 3659/3419/1818 3662/3831/1866 3693/4555/2424
f 1576/3237/1722 1583/3848/2035 1611/3389/1803
f 3955/4917/1782 3773/4918/1813 3747/4919/2592
f 3277/4920/2288 3278/4921/2593 3279/4922/2594
f 1065/2793/1148 714/3120/1648 723/4923/2595
f 2190/4086/2149 2229/4924/2321 2201/4925/2596
f 4360/3965/2085 4421/4926/2562 4361/3966/2086
f 2315/4927/1579 2267/4928/2597 2254/4613/2323
f 4156/3340/1780 4199/4851/2466 4206/3656/1933
f 1833/3158/1422 1965/4629/2451 1944/4628/1530
f 3649/4929/1355 3697/4930/2598 3689/3323/1768
f 1817/4931/1365 1750/4932/1466 1702/4933/2291
f 3631/4934/2231 3610/4935/2362 3609/4936/2335
f 3466/3558/1887 3469/4147/2186 3471/4260/2258
f 4363/3382/1800 4366/3650/1929 4297/4937/2599
f 1651/4451/2264 1590/4938/2600 1587/4353/2311
f 3437/3676/1628 3414/3922/2067 3420/4939/2601
f 3413/3770/1993 3415/4007/2106 3446/4940/2602
f 3654/3972/1584 3567/4941/1715 3551/3973/2090
f 3520/3465/1843 3523/4148/2187 3715/4680/2097
f 4549/3152/1664 4553/3474/1849 4740/3597/1905
f 4788/4044/2125 4791/4199/2219 4803/4942/2603
f 4775/4799/1976 4826/4801/2487 4828/4943/2375
f 3660/3496/1859 3669/4944/2604 3666/3817/1977
f 2253/4080/2145 2254/4613/2323 2267/4928/2597
f 2079/4945/1832 2080/4946/2605 1630/4947/2529
f 1416/3562/1649 1559/3127/1651 1566/4948/2606
f 3692/3977/1420 3599/3979/2092 3614/4949/2607
f 4294/4950/1509 4295/4951/1836 4299/4952/2608
f 2125/4417/2341 1840/4953/2609 2146/4418/2342
f 1627/4954/1869 1591/4955/2442 1590/4956/2600
f 3554/4957/2171 3568/4958/2610 3584/4959/2172
f 2063/4074/1210 3792/4076/1857 2044/4960/2095
f 1895/2784/1409 1944/2957/1530 1984/4210/2227
f 1895/2784/1409 1984/4210/2227 1946/3110/1639
f 659/3085/1621 524/3681/1946 661/3386/1687
f 3932/4742/1828 3904/4961/2611 3903/4743/2511
f 2125/4962/2612 1868/4963/2612 1840/4964/2612
f 4643/4234/2241 4644/4236/2243 4716/4965/2613
f 3583/4232/2001 3569/4966/2614 3559/4399/2296
f 4441/4967/2615 4467/4968/2471 4450/4969/2616
f 4618/4970/2617 4649/4971/2618 4614/4972/2619
f 4468/3373/1795 4131/4973/2620 4502/3374/1796
f 4451/4974/2195 4436/4324/2294 3643/4975/2621
f 3545/3309/1761 3543/3949/1881 3440/4976/1870
f 3720/3907/1798 3707/4479/2377 3710/4977/2622
f 4363/4155/1800 4278/4978/2623 4364/4156/2192
f 3544/4687/1989 3524/4547/2419 3413/4903/1993
f 2313/4871/1915 2326/4873/2049 2314/4979/2257
f 4738/3766/1990 4742/4515/2399 4676/4775/2501
f 4162/4899/1712 4176/4901/2584 4090/4980/1826
f 4495/3774/1995 4506/4803/2539 4132/4535/2412
f 4635/4981/2340 4613/4982/2624 4688/4983/2473
f 1685/4984/1405 1699/4546/2418 1809/3909/1923
f 3555/4126/2174 3586/4125/2173 3553/4121/2170
f 4748/4985/2625 4864/4986/2626 4749/4987/2627
f 3457/2676/1338 3504/4600/2443 3475/4988/2628
f 1559/3127/1651 661/3183/1687 1566/4948/2606
f 4071/3807/1656 4049/4989/2629 4004/4293/2244
f 3605/4990/2184 3633/4991/2337 3615/4992/2630
f 3607/4325/2295 3612/4552/2422 3616/4993/2631
f 4638/3571/1888 4673/4994/2632 4612/4394/2331
f 4163/4005/1984 4168/4510/2394 4200/4006/2105
f 1946/3110/1639 1984/4210/2227 1950/4204/2222
f 3605/4990/2184 3615/4992/2630 3634/4995/2202
f 3602/4051/2130 4456/4387/2328 3617/4996/2633
f 2227/4706/2494 2202/4997/2634 2230/4707/2495
f 4539/4012/1627 4544/4002/2103 4543/4455/2361
f 3559/4998/2296 3577/4999/2635 3635/5000/2297
f 4310/3690/1948 4327/4513/2397 4329/5001/2636
f 4645/5002/2554 4685/5003/2637 4678/5004/2638
f 4500/4266/2263 4460/4265/2262 4507/5005/2639
f 4119/3162/1672 4146/4038/2122 4100/5006/2640
f 4119/5007/1672 4100/5008/2640 4133/5009/2024
f 4399/4421/2343 4397/5010/2641 4378/5011/2642
f 4793/5012/2285 4844/5013/2284 4884/5014/2643
f 1652/3473/1848 1628/4069/2141 1631/4290/2276
f 3665/4648/1968 3708/4650/2459 3711/5015/2011
f 2255/5016/2644 1666/5017/2644 1848/5018/2644
f 3467/3333/1773 3544/4687/1989 3517/3334/1774
f 1609/5019/2027 1686/5020/2238 1589/5021/2568
f 3629/4161/2120 4451/4163/2195 3618/5022/2645
f 3315/5023/2019 3556/4358/2314 3591/5024/2646
f 4841/4530/2408 4842/4532/2410 4878/5025/2647
f 3922/3958/1705 3748/5026/2015 3777/4276/1925
f 4541/4264/1619 4500/4266/2263 4544/5027/2103
f 4342/5028/1755 4355/4830/2555 4345/4829/1949
f 1661/3608/1908 1673/5029/2648 1628/4173/2141
f 2191/5030/2273 2203/5031/2649 2196/4767/2521
f 395/3161/1671 402/4438/2354 404/4853/2564
f 1629/4099/2158 1655/4466/2277 1838/5032/2650
f 2185/4286/1623 2193/4288/2275 2233/5033/2651
f 2141/5034/1876 1662/4397/2333 2122/3888/1978
f 4468/5035/1795 4444/5036/2652 4452/5037/2653
f 2369/5038/1994 2368/5039/2256 2338/5040/2654
f 1957/5041/2076 1982/4483/2248 1952/4368/2235
f 3867/5042/2655 3958/5043/2655 3957/5044/2655
f 4638/5045/1888 4671/4884/2436 4646/4886/2578
f 4843/4568/2220 4886/5046/2656 4877/5047/2657
f 3344/5048/2156 3346/4769/2371 3323/4771/2524
f 3458/2836/1443 3501/4740/2509 3465/3506/1864
f 3729/3403/1666 3923/5049/1786 3922/3958/1705
f 4092/5050/1945 4093/5051/2063 4173/5052/2658
f 4827/5053/2306 4876/4691/2483 4798/4690/2482
f 3735/5054/1821 3741/4461/2013 3721/4571/2432
f 1544/5055/1199 1361/5056/2659 1563/5057/1784
f 5/3377/1647 4/3376/1797 6/3552/1883
f 2337/4275/2269 2370/5058/2278 2339/5059/2660
f 4739/3828/2025 4741/4088/2151 4750/5060/2661
f 1825/2681/1343 1868/4636/2453 1871/5061/2662
f 1833/3158/1422 1871/5061/2662 1965/4629/2451
f 2175/5062/1942 2204/5063/2663 2191/5030/2273
f 2226/4759/2390 2205/5064/2664 2227/4760/2494
f 2308/3337/1777 2295/5065/2665 2286/3844/2032
f 4439/4471/2369 4475/5066/2666 4440/4472/2370
f 3553/5067/2170 3570/5068/2667 3554/4957/2171
f 3502/5069/2050 3475/4988/2628 3504/4600/2443
f 4399/5070/2343 4379/5071/2668 4397/5072/2641
f 3548/4230/1387 3672/5073/2669 3593/4231/2239
f 4671/4577/2436 4692/4579/2438 4645/5002/2554
f 2160/5074/1895 2194/4374/2320 2190/4373/2149
f 3720/3907/1798 3710/4977/2622 3664/5075/1963
f 3899/3873/1850 3872/4315/2290 3908/4672/2475
f 3657/3413/1814 3709/5076/2670 3688/3612/1867
f 4146/5077/2122 4174/5078/2426 4134/5079/2671
f 4252/5080/1425 4249/5081/1525 3905/5082/2569
f 3931/4539/2218 3969/5083/2448 3933/4540/2414
f 4497/3987/2096 4508/5084/2672 4504/4657/2463
f 2310/3854/1824 2287/3853/2037 2370/4292/2278
f 1578/3324/1769 1615/5085/2673 1634/3992/2098
f 1790/3390/1225 1700/3392/1385 1841/5086/2674
f 4600/3151/1663 4553/3474/1849 4571/5087/2675
f 3374/5088/2544 3366/5089/2084 3375/5090/2676
f 397/3590/1902 400/4328/2298 405/5091/2677
f 4482/2915/1497 4496/3781/1998 4505/4658/2464
f 4685/5092/2678 4652/5093/2679 4718/5094/2680
f 2227/4760/2494 2206/5095/2681 2202/5096/2634
f 4672/5097/2242 4649/4971/2618 4644/5098/2243
f 3468/3604/1907 2335/4054/2133 2340/5099/2682
f 1806/2986/1550 1256/3663/1934 1812/4774/2525
f 2248/3244/1726 1957/3991/2076 2249/3668/1939
f 1891/3578/1188 1836/5100/1245 1874/3560/1889
f 280/2878/1476 289/3944/2077 166/3263/1551
f 4601/3939/1783 4572/5101/2683 4568/4632/2452
f 4828/4477/2375 4826/4696/2487 4846/4698/2489
f 2369/5102/1994 2341/5103/2684 2368/4257/2256
f 4778/4889/2512 4645/4828/2554 4647/5104/2582
f 3337/5105/2685 3304/5106/2686 3280/5107/2687
f 3606/4185/2207 3641/4671/2474 3632/4457/2232
f 4827/4345/2306 4802/4821/2551 4800/5108/2492
f 1798/2649/1321 1705/3186/1688 1707/3319/1766
f 3901/3811/1851 3906/5109/2177 3873/3706/1957
f 3744/5110/2132 4441/4967/2615 4450/4969/2616
f 4799/5111/2488 4845/5112/2688 4846/5113/2489
f 287/5114/1983 291/4382/2326 290/4310/2287
f 4600/3151/1663 4565/4120/2169 4564/4094/2155
f 3303/5115/2389 3304/5116/2686 3308/5117/2689
f 4076/3871/2045 4010/5118/2690 4042/3872/2046
f 4358/3784/2000 4271/3783/1999 4275/5119/2691
f 2335/5120/2133 3372/5121/2282 3371/5122/2281
f 1336/2539/1252 1355/3328/1771 1358/3556/1886
f 1557/3084/1620 1567/5123/2692 1558/3126/1650
f 4071/3144/1656 4077/4794/2535 4049/5124/2629
f 4841/5125/2408 4801/5126/2493 4804/5127/2409
f 2337/4275/2269 2342/5128/2693 2370/5058/2278
f 4549/3152/1664 4571/5087/2675 4553/3474/1849
f 4825/4109/2043 4828/5129/2375 4829/5130/2152
f 3543/3549/1881 3521/4013/2110 3528/4820/2550
f 393/2932/1514 665/3956/2080 401/4363/2318
f 3608/4323/2293 3627/5131/2694 4436/4324/2294
f 4609/3821/2020 4614/5132/2619 4615/5133/2695
f 4609/3821/2020 4615/5133/2695 4610/4082/2147
f 3901/3811/1851 3873/3706/1957 3826/3577/1898
f 1700/5134/1385 1831/3692/1458 1834/3691/1950
f 1467/2412/1200 1473/3730/1971 1344/5135/1906
f 1825/2681/1343 1871/5061/2662 1833/3158/1422
f 664/4167/1340 409/5136/2696 665/5137/2080
f 4035/3044/1595 4004/4237/2244 4077/4794/2535
f 3775/4548/1841 3745/4118/2168 3782/5138/2199
f 3319/4638/2154 3349/4640/2454 3325/5139/2697
f 4490/5140/1592 4132/5141/2412 4143/5142/2698
f 2311/4312/1809 2319/5143/2699 3277/4313/2288
f 2343/5144/1961 2267/5145/2597 2344/5146/2261
f 4841/4530/2408 4878/5025/2647 4876/5147/2483
f 1663/4654/2334 1837/5148/2700 1867/4655/2411
f 1568/5149/1460 1421/4407/2338 525/4722/2079
f 4492/3177/1682 4558/3362/1788 4542/5150/2701
f 4844/5013/2284 4847/5151/2702 4884/5014/2643
f 519/2866/1465 404/4853/2564 400/4328/2298
f 4634/4709/2148 4672/4711/2242 4636/5152/2703
f 4634/5153/2148 4636/5154/2703 4651/5155/2704
f 4748/4985/2625 4751/5156/2705 4864/4986/2626
f 3850/5157/1830 3854/5158/2706 3834/5159/2707
f 4341/3684/1756 4353/4792/2533 4352/5160/2142
f 4772/4482/2380 4749/4987/2627 4858/4876/2575
f 3955/3605/1782 3966/3368/1792 3935/5161/2708
f 2368/4256/2256 1953/4255/2255 2006/5162/2709
f 4612/4827/2331 4673/5163/2632 4645/4828/2554
f 4358/3784/2000 4275/5119/2691 4276/5164/2560
f 1805/3951/1379 862/5165/2710 1257/4105/2161
f 3462/3546/1713 3829/5166/2074 3817/5167/2711
f 4042/5168/2046 4008/4684/2480 4004/4293/2244
f 3462/3546/1713 3817/5167/2711 3793/3547/1880
f 4292/4503/1837 4272/4505/2391 4274/4914/2590
f 2191/5030/2273 2204/5063/2663 2203/5031/2649
f 3277/5169/2288 3279/5170/2594 2199/5171/2547
f 4884/5172/2643 4847/5173/2702 4848/5174/2712
f 3869/3891/2008 3712/5175/2713 3703/3892/2052
f 4676/5176/2501 4674/5177/2714 4780/5178/2715
f 4643/4234/2241 4671/4577/2436 4650/5179/2716
f 504/5180/2717 434/5181/2718 406/5182/2719
f 4644/5183/2720 4686/5184/2720 4716/5185/2720
f 4877/5186/2657 4886/5187/2656 4849/5188/2721
f 1586/3935/2073 1587/5189/2311 1591/4597/2442
f 1628/5190/2141 1673/5191/2648 1631/5192/2276
f 4842/5193/2410 4873/5194/2722 4850/5195/2723
f 3690/3812/1926 3526/3814/2017 3529/5196/2724
f 432/4168/1412 665/5197/2080 533/4169/2197
f 275/3344/1294 291/4382/2326 277/5198/1296
f 4444/5199/2652 4453/5200/2725 4452/5201/2653
f 4775/4108/1976 4828/5129/2375 4825/4109/2043
f 2115/2973/1541 2090/4913/2589 2123/4037/2121
f 4270/3862/1973 4393/3861/2039 4380/5202/2726
f 2038/3479/1309 2064/2719/1368 2043/5203/2727
f 4492/3177/1682 4542/5150/2701 4503/4642/2456
f 2143/4416/1670 2145/5204/1727 2125/4417/2341
f 4794/4344/2305 4800/5108/2492 4802/4821/2551
f 3436/3255/1734 3416/4024/2115 3443/5205/2728
f 4739/3828/2025 4750/5060/2661 4778/4745/2512
f 526/5206/1384 594/5207/1451 527/5208/2729
f 3502/5209/2050 3504/5210/2443 3503/5211/2730
f 4082/2872/1470 3923/3383/1786 4121/5212/2731
f 4841/4702/2408 4805/5213/2732 4800/4703/2492
f 4638/5045/1888 4651/5214/2704 4671/4884/2436
f 4847/5173/2702 4851/5215/2733 4848/5174/2712
f 4743/4683/2479 4799/5216/2488 4826/5217/2487
f 4645/4828/2554 4648/5218/2583 4647/5104/2582
f 3688/3510/1867 3709/5219/2670 3665/3724/1968
f 4252/2809/1425 4233/5220/2734 4267/3645/1710
f 2366/4111/2101 2337/4275/2269 2339/5059/2660
f 4226/3115/1644 4228/5221/1856 4260/5222/2735
f 504/5180/2717 431/5223/2736 434/5181/2718
f 2293/3698/1608 3376/5224/2737 2290/5225/2266
f 3792/3489/1857 3794/3576/1897 2352/5226/2738
f 4221/2912/1495 4016/5227/2739 4232/4465/2367
f 3902/5228/1891 3903/5229/2511 3905/5230/2569
f 1074/2490/1222 752/5231/2740 1129/2968/1538
f 3686/5232/1807 3667/5233/2213 3670/5234/2741
f 2224/4635/2435 2228/5235/2513 2200/4916/2591
f 4473/3886/2051 4437/4331/2300 4454/5236/2742
f 4633/4668/2144 4688/4670/2473 4616/5237/2743
f 4688/4670/2473 4617/5238/2744 4616/5237/2743
f 4268/3732/1610 4275/5239/2691 4271/5240/1999
f 3526/4679/2017 3523/4148/2187 3529/5241/2724
f 4346/5242/2745 4045/5243/2745 4347/5244/2745
f 3406/3231/1717 3412/3767/1991 3421/5245/2746
f 3457/3212/1338 3475/5246/2628 3469/4147/2186
f 1940/2770/1401 1954/4736/2506 1947/3145/1657
f 3585/4694/2485 3571/5247/2747 3563/4695/2486
f 4829/4089/2152 4830/5248/2748 4794/4344/2305
f 2247/3243/1725 2256/5249/2749 2248/3244/1726
f 2191/4283/2273 2207/5250/2750 2192/4284/2274
f 4402/5251/2160 4381/5252/2751 4376/5253/2580
f 664/4167/1340 533/4169/2197 409/5136/2696
f 393/2932/1514 401/4363/2318 398/3736/1975
f 4224/3174/1679 3885/5254/2752 4253/4817/2549
f 4859/4682/2478 4752/5255/2753 4747/4807/2542
f 4408/5256/2210 4409/5257/2754 4369/5258/2307
f 4362/5259/2099 4406/5260/2755 4398/5261/2116
f 4733/3443/1833 4746/4802/2538 4775/3737/1976
f 724/2844/1449 1091/5262/2756 714/3120/1648
f 4167/5263/1799 4133/5264/2024 4168/5265/2394
f 3502/5266/2050 3390/5267/2088 3475/5268/2628
f 4799/5269/2488 4852/5270/2757 4845/5271/2688
f 2069/3133/1304 2044/3986/2095 2375/3539/1878
f 3583/5272/2001 3607/5273/2295 3572/5274/2758
f 3692/5275/2759 3614/5276/2759 3780/5277/2759
f 4788/4044/2125 4803/4942/2603 4796/4567/2430
f 4195/3273/1677 4160/3699/1953 4214/5278/2760
f 1982/5279/2248 1958/5280/2761 1983/5281/2260
f 3600/4909/1590 3749/5282/2762 3776/5283/2031
f 4038/3619/1913 4073/3769/1992 4050/5284/2763
f 2293/3698/1608 3392/3967/2087 3376/5224/2737
f 4118/4912/1885 4101/5285/2764 4462/4787/2531
f 3514/2946/1522 3544/3765/1989 3521/4013/2110
f 4804/5286/2409 4873/5194/2722 4842/5193/2410
f 4465/4470/2237 4440/4472/2370 4475/5066/2666
f 4853/5287/2765 4854/5288/2766 4855/5289/2767
f 4200/5290/2105 4175/5291/2768 4176/5292/2584
f 4676/5176/2501 4677/5293/2769 4674/5177/2714
f 1047/5294/2770 1048/5295/2770 669/5296/2770
f 4466/4617/2167 4478/5297/2771 4442/4618/2406
f 3544/4687/1989 3413/4903/1993 3546/5298/2772
f 4618/4970/2617 4705/5299/2773 4690/5300/2774
f 1571/5301/1607 1633/5302/2775 2079/5303/1832
f 1040/5304/1206 61/5305/1549 670/5306/2776
f 3552/3055/1603 3671/5307/2777 3694/3450/1816
f 3729/3403/1666 3785/4464/2366 3750/5308/2778
f 4637/5309/2496 4615/5133/2695 4614/5132/2619
f 3550/4217/2033 3566/5310/2546 3582/5311/2779
f 4364/4156/2192 4382/5312/2780 4399/5313/2343
f 3597/3407/1591 4438/5314/2781 3639/3735/1974
f 4772/4681/2380 4743/4683/2479 4774/5315/2176
f 3555/5316/2174 3584/4959/2172 3573/5317/2782
f 2316/3771/1699 2369/3773/1994 2317/5318/2783
f 3562/4737/2484 3574/5319/2784 3585/5320/2485
f 1630/4784/2529 2081/5321/2785 2078/4785/2530
f 1040/5304/1206 670/5306/2776 671/5322/1356
f 1580/3336/1776 1612/5323/2786 1582/3470/1846
f 3740/3804/2012 3782/4175/2199 3746/4700/2491
f 4426/5324/2165 4455/5325/2787 4427/5326/2166
f 2281/3258/1634 2286/3844/2032 2295/5065/2665
f 3413/5327/1993 3446/5328/2602 3546/5329/2772
f 4127/3074/1615 4147/5330/2788 4174/4558/2426
f 4429/4603/2181 4446/4605/2446 4469/5331/2372
f 4685/5332/2789 4680/5333/2789 4652/5334/2789
f 4634/4083/2148 4615/5133/2695 4637/5309/2496
f 3403/3117/1645 3406/3231/1717 3339/5335/2790
f 3731/3883/1772 3624/5336/2791 3743/5337/2083
f 4842/5338/2410 4850/5339/2723 4856/5340/2792
f 4436/4324/2294 3627/5131/2694 3643/4975/2621
f 3851/3744/1979 3831/5341/2373 3829/3936/2074
f 3556/5342/2314 3560/4441/2356 3557/4440/2315
f 3636/5343/2205 3609/4936/2335 3644/5344/2793
f 2152/3270/1740 2176/5345/2794 2258/5346/2795
f 1627/4954/1869 1632/5347/2387 1591/4955/2442
f 3373/4480/2378 3502/3885/2050 3480/5348/2796
f 4465/4470/2237 4475/5066/2666 4456/5349/2328
f 3629/4161/2120 3618/5022/2645 3619/5350/2797
f 4363/3382/1800 4365/5351/2193 4277/5352/2798
f 4674/5353/2714 4677/5354/2769 4707/5355/2799
f 3601/4035/2072 3620/5356/2800 3629/4036/2120
f 4540/5357/1827 4499/5358/2251 4501/5359/2358
f 3279/4922/2594 3281/5360/2801 3282/5361/2802
f 3559/4399/2296 3569/4966/2614 3594/5362/2803
f 4400/5363/2040 4401/5364/2804 4383/5365/2805
f 4600/3151/1663 4571/5087/2675 4549/3152/1664
f 3583/4232/2001 3593/4231/2239 3569/4966/2614
f 3567/4941/1715 3590/5366/2806 3551/3973/2090
f 4294/4950/1509 4299/4952/2608 3931/5367/2218
f 3955/4917/1782 3747/4919/2592 3960/5368/2196
f 3630/5369/2179 3634/5370/2202 3637/5371/2807
f 3584/4959/2172 3568/4958/2610 3573/5317/2782
f 4457/5372/2163 3627/5131/2694 3608/4323/2293
f 4367/5373/2211 4422/5374/2808 4297/5375/2599
f 4127/3074/1615 4128/3626/1918 4147/5330/2788
f 3599/3979/2092 3630/4381/2179 3637/5376/2807
f 3868/3810/1935 3907/5377/2268 3877/5378/2809
f 4843/4568/2220 4877/5047/2657 4857/5379/2327
f 3301/3104/1635 3313/5380/2810 3271/3171/1678
f 4687/5381/2437 4653/5382/2811 4710/5383/2812
f 3270/3172/1452 3271/3171/1678 3283/5384/2813
f 3634/5385/2202 3615/5386/2630 3621/5387/2814
f 3553/5067/2170 3586/5388/2173 3575/5389/2815
f 3556/4358/2314 3558/4360/2316 3591/5024/2646
f 4858/5390/2575 4854/5288/2766 4853/5287/2765
f 3824/3071/1614 3835/5391/2816 3850/3440/1830
f 4438/5392/2781 4470/5393/2817 3626/5394/2818
f 3550/4217/2033 3582/5311/2779 3610/4456/2362
f 3732/3838/1808 4425/3976/2091 4449/5395/2587
f 3926/3679/1944 3931/4198/2218 3936/5396/2819
f 4687/5381/2437 4710/5383/2812 4712/5397/2820
f 3316/5398/2821 3555/5399/2821 3422/5400/2821
f 4558/3643/1788 4573/5401/2822 4574/5402/2823
f 3556/5342/2314 3587/5403/2416 3560/4441/2356
f 3551/4772/2090 3564/4738/2507 3588/4754/2516
f 4859/5404/2478 4858/5390/2575 4853/5287/2765
f 3793/5405/1880 3817/5406/2711 3797/5407/2824
f 4367/4191/2211 4297/5408/2599 4368/4195/2215
f 4006/4614/1461 4009/5409/2825 3872/4615/2290
f 3348/5410/2005 3351/5411/2157 3314/5412/2405
f 1957/3991/2076 2257/5413/2826 1982/5414/2248
f 3628/4052/2131 3602/4051/2130 3617/4996/2633
f 3278/4921/2593 3281/5360/2801 3279/4922/2594
f 3442/3818/1490 3578/5415/2827 3315/3819/2019
f 4827/5053/2306 4806/5416/2828 4876/4691/2483
f 3270/4091/1452 3284/5417/2829 3273/4196/2216
f 3778/5418/2069 4458/5419/2830 4443/5420/2417
f 4199/5421/2466 4203/5422/2831 4201/5423/2467
f 4311/3717/1962 4319/4182/2204 4350/5424/2832
f 3738/5425/1941 3629/4161/2120 3619/5350/2797
f 4433/4216/2230 4480/4840/2559 4470/5426/2817
f 3439/3642/1733 3690/3636/1926 3426/5427/2833
f 1630/4947/2529 2080/4946/2605 2094/5428/2834
f 3553/5067/2170 3575/5389/2815 3570/5068/2667
f 3552/5429/1603 3551/5430/2090 3589/5431/2835
f 4635/4415/2340 4611/4414/2324 4613/5432/2624
f 4688/5433/2473 4722/5434/2836 4723/5435/2837
f 3353/5436/2838 3326/5437/2839 3327/5438/2840
f 4841/4702/2408 4806/5416/2828 4805/5213/2732
f 4042/5168/2046 4010/5439/2690 4011/5440/2841
f 4785/3616/1912 4789/4045/2126 4795/4517/2401
f 3476/5441/1952 3372/5442/2282 3477/5443/2842
f 4082/4726/1470 4121/5444/2731 4099/4727/2355
f 4459/5445/2082 3744/5446/2132 4477/5447/2843
f 4618/4970/2617 4690/5300/2774 4649/4971/2618
f 2343/3712/1961 2253/4080/2145 2267/4928/2597
f 3932/5448/2844 3878/5449/2844 3904/5450/2844
f 4643/4234/2241 4653/5451/2811 4687/4578/2437
f 4874/5452/2845 4860/5453/2846 4861/5454/2847
f 3356/3048/1598 3285/5455/2848 3286/5456/2849
f 4873/5457/2722 4875/5458/2850 4850/5459/2723
f 4346/3716/1914 4347/5460/2851 4318/4181/2203
f 4676/4729/2501 4780/5461/2715 4744/4730/2502
f 1943/2845/1450 1982/4453/2248 1983/4262/2260
f 2093/4778/2457 2212/5462/2852 2077/4779/2527
f 3850/5157/1830 3835/5463/2816 3854/5158/2706
f 4874/5452/2845 4879/5464/2853 4860/5453/2846
f 2255/4355/1716 1848/5465/2854 2155/4356/2313
f 4171/4659/2465 4204/5466/2855 4199/4660/2466
f 1608/4057/1893 1690/5467/2856 1584/4058/2136
f 4705/5468/2773 4689/5469/2857 4690/5470/2774
f 4558/3643/1788 4574/5402/2823 4542/5471/2701
f 4600/3151/1663 4567/5472/2234 4565/4120/2169
f 3438/4211/1658 3345/4685/2351 3317/4212/2228
f 1622/3213/1706 2078/5473/2530 2076/4014/2111
f 4399/4421/2343 4378/5011/2642 4370/4422/2344
f 4425/3976/2091 4099/4439/2355 4449/5395/2587
f 3925/3614/1911 4102/4856/2565 3937/5474/2858
f 2308/3542/1777 2283/3541/1879 3310/5475/2859
f 2250/4367/1951 1981/4369/2223 1985/5476/2860
f 3315/5023/2019 3591/5024/2646 3576/5477/2543
f 3469/4147/2186 3478/5478/2861 3471/4260/2258
f 4648/5479/2583 4654/5480/2862 4655/5481/2863
f 4648/5479/2583 4656/5482/2864 4654/5480/2862
f 1655/5483/2277 1682/5484/2423 1838/5485/2650
f 4874/5486/2845 4861/5487/2847 4862/5488/2865
f 1869/5489/2150 1682/5490/2423 1655/5491/2277
f 4460/5492/2262 4509/5493/2866 4507/5494/2639
f 4705/5495/2773 4691/5496/2867 4689/5497/2857
f 4171/4659/2465 4201/4661/2467 4204/5466/2855
f 2310/5498/1824 2370/5499/2278 2372/5500/2868
f 4705/5495/2773 4706/5501/2869 4691/5496/2867
f 3869/5502/2008 3875/3925/2068 3713/5503/2870
f 4850/5504/2723 4875/5505/2850 4863/5506/2871
f 4402/4893/2160 4377/4895/2581 4405/5507/2872
f 1630/4784/2529 2094/5508/2834 2081/5321/2785
f 4843/4568/2220 4797/4570/2431 4886/5046/2656
f 4610/4082/2147 4615/5133/2695 4634/4083/2148
f 2309/5509/1937 2326/4873/2049 2294/4872/2573
f 4502/4608/1796 4509/5510/2866 4460/4609/2262
f 4170/4529/2407 4177/5511/2873 4199/4851/2466
f 1587/5189/2311 1590/5512/2600 1591/4597/2442
f 4675/5513/2398 4648/5479/2583 4655/5481/2863
f 4688/5433/2473 4621/5514/2874 4722/5434/2836
f 4705/5515/2773 4657/5516/2875 4706/5517/2869
f 3902/5228/1891 3905/5230/2569 3871/5518/2135
f 4792/4773/2279 4832/5519/2876 4798/4690/2482
f 2125/5520/2877 1849/5521/2877 1871/5522/2877
f 2308/4499/1777 3310/5523/2859 3276/4500/2388
f 3832/5524/2413 4008/4684/2480 4011/5440/2841
f 1580/3336/1776 1610/3799/2009 1612/5323/2786
f 4558/3643/1788 4563/4090/2153 4570/4825/2553
f 4224/5525/2878 3872/5526/2878 4015/5527/2878
f 4032/5528/1547 4007/4028/2117 4074/4027/1794
f 4482/2915/1497 4505/4658/2464 4510/5529/2879
f 2266/5530/2252 2258/5531/2795 2158/5532/2880
f 3474/4890/2124 3472/4892/2259 3511/5533/2881
f 1661/5534/1908 1672/4789/2332 1664/4791/2481
f 3357/3275/1697 3391/5535/2882 3377/5536/2883
f 4645/5002/2554 4680/5537/2884 4685/5003/2637
f 4466/5538/2167 4474/5539/2885 4478/5540/2771
f 2250/3695/1951 1985/5541/2860 2252/4039/2123
f 4618/4970/2617 4657/5542/2875 4705/5299/2773
f 1872/4443/2357 1867/4533/2411 1837/5543/2700
f 3730/3155/1667 3779/4875/2574 3778/3927/2069
f 2309/3772/1937 2341/5544/2684 2369/3773/1994
f 2229/5545/2321 2230/5546/2495 2201/5547/2596
f 3357/3275/1697 3377/5536/2883 3390/5548/2088
f 4142/5549/1932 4143/5550/2698 4144/5551/2114
f 4775/5552/1976 4774/5315/2176 4743/4683/2479
f 4490/5140/1592 4143/5142/2698 4142/5553/1932
f 3834/5159/2707 3854/5158/2706 3978/5554/2886
f 4674/5555/2714 4707/5556/2799 4724/5557/2887
f 2196/4767/2521 2203/5031/2649 2197/4768/2522
f 4687/5381/2437 4712/5397/2820 4692/5558/2438
f 4648/5559/2583 4725/5560/2888 4656/5561/2864
f 4876/5562/2483 4861/5563/2847 4886/5564/2656
f 4356/4626/1987 4384/5565/2889 4394/4627/2427
f 3665/4648/1968 3723/5566/2890 3702/4649/2030
f 4797/4570/2431 4876/5567/2483 4886/5046/2656
f 4367/4191/2211 4369/4346/2307 4422/5568/2808
f 3274/4431/2349 3353/5569/2838 3287/5570/2891
f 1568/5571/1460 1561/5572/1742 1415/5573/2892
f 3465/3506/1864 3505/5574/2893 3507/4206/2224
f 2198/5575/2545 3288/5576/2894 3289/5577/2895
f 2309/5509/1937 2294/4872/2573 2341/5578/2684
f 2367/3850/2036 2368/4257/2256 2341/5103/2684
f 3923/5579/1786 3938/5580/2896 4121/5581/2731
f 4644/5582/2243 4711/5583/2897 4686/5584/2898
f 2198/5575/2545 2210/5585/2899 3288/5576/2894
f 4252/2809/1425 4234/5586/2900 4233/5220/2734
f 4751/5587/2705 4889/5588/2901 4865/5589/2902
f 3410/3651/1930 3444/5590/2903 3441/3652/1931
f 2095/5591/2319 2077/5592/2527 2099/5593/2904
f 1948/3839/2029 2344/4263/2261 1987/5594/2905
f 2080/4946/2605 2100/5595/2906 2094/5428/2834
f 4656/5561/2864 4725/5560/2888 4708/5596/2907
f 4609/3821/2020 4633/4458/2144 4614/5132/2619
f 4671/4884/2436 4651/5214/2704 4636/5597/2703
f 4841/4702/2408 4876/4691/2483 4807/5598/2908
f 4671/4577/2436 4636/5599/2703 4650/5179/2716
f 3471/4260/2258 3478/5478/2861 3479/5600/2909
f 478/4103/1431 62/4102/2159 10/4749/2514
f 4348/3533/1874 4321/4329/2299 4351/5601/2368
f 3830/4335/2014 3852/4741/2510 4012/5602/2910
f 4877/5603/2657 4849/5604/2721 4881/5605/2911
f 3414/5606/2067 3530/5607/2365 3507/5608/2224
f 3793/5405/1880 3797/5407/2824 3818/5609/2240
f 3316/4506/1802 3422/5610/2912 3342/4507/2392
f 4692/4579/2438 4680/5537/2884 4645/5002/2554
f 4482/2915/1497 4565/5611/2169 4567/4250/2234
f 3274/4486/2349 3306/4485/2381 3353/5612/2838
f 3349/5613/2454 3350/5614/2519 3328/5615/2913
f 662/3339/1779 531/5616/2914 663/5617/2915
f 4876/5562/2483 4878/5618/2647 4861/5563/2847
f 1416/5619/1649 1417/5620/2916 1418/5621/2081
f 1416/5619/1649 1418/5621/2081 1562/5622/1745
f 3735/5623/1821 3721/5624/2432 3673/5625/2917
f 1558/5626/1650 1567/5627/2692 1419/5628/2918
f 1583/5629/2919 1634/5630/2919 2082/5631/2919
f 4827/5053/2306 4800/4703/2492 4805/5213/2732
f 4643/4234/2241 4636/5599/2703 4672/4235/2242
f 3353/5436/2838 3327/5438/2840 3287/5632/2891
f 3326/5633/2839 3329/5634/2920 3327/5635/2840
f 3389/5636/1728 3378/5637/2921 3366/5638/2084
f 3300/3047/1597 3285/5455/2848 3356/3048/1598
f 4611/5639/2922 4640/5640/2922 4613/5641/2922
f 1655/5642/2277 1631/5192/2276 1673/5191/2648
f 4482/2915/1497 4510/5529/2879 4565/5611/2169
f 4558/3643/1788 4570/4825/2553 4573/5401/2822
f 3658/4258/1815 3693/5643/2424 3715/3989/2097
f 2121/3627/1919 2123/4037/2121 2142/5644/2190
f 4800/4703/2492 4830/5645/2748 4808/5646/2923
f 4038/3619/1913 4050/5284/2763 4045/4049/2128
f 1345/2353/1137 1303/5647/1258 921/3159/1669
f 4854/5288/2766 4882/5648/2924 4855/5289/2767
f 4172/4838/2557 4178/5649/2925 4205/4839/2558
f 4874/5486/2845 4862/5488/2865 4879/5650/2853
f 4618/5651/2617 4614/5132/2619 4619/5652/2926
f 4548/4631/1576 4568/4632/2452 4570/5653/2553
f 1889/2262/1132 1923/5654/2927 1922/4029/1652
f 1922/5655/1652 1923/5656/2927 1899/5657/2928
f 528/5658/1269 529/5659/2929 594/5660/1451
f 1797/5661/1311 1807/4318/1601 1704/5662/2930
f 661/5663/1687 539/5664/2931 1566/5665/2606
f 4098/4734/2499 4461/5666/2932 4448/4735/2505
f 4654/5667/2862 4656/5668/2864 4693/5669/2933
f 3830/3808/2014 4008/4684/2480 3832/5524/2413
f 1951/4630/2226 1965/4629/2451 1839/5670/2934
f 4348/5671/1874 4351/4469/2368 4313/5672/1969
f 1568/5571/1460 1420/5673/2935 1421/5674/2338
f 2343/5144/1961 2344/5146/2261 2345/5675/2304
f 4886/5564/2656 4861/5563/2847 4880/5676/2936
f 1705/5677/1688 1706/5678/2937 1707/5679/1766
f 1666/4253/2254 1951/4419/2226 1667/5680/2938
f 2333/3788/2002 2346/5681/2939 2337/4275/2269
f 4645/5002/2554 4678/5004/2638 4648/5682/2583
f 1994/5683/795 2007/5684/2940 2039/4383/1388
f 4638/5045/1888 4646/4886/2578 4673/5685/2632
f 4656/5686/2941 4708/5687/2941 4693/5688/2941
f 661/5663/1687 524/5689/1946 539/5664/2931
f 3794/3576/1897 3795/3587/1900 3798/5690/2942
f 3545/5691/1761 3440/5692/1870 3445/5693/2943
f 4748/4985/2625 4776/5694/2944 4751/5156/2705
f 3830/3808/2014 4012/5695/2910 4005/4516/2400
f 3903/5229/2511 3879/5696/2945 3905/5230/2569
f 3854/5697/2706 3977/5698/2946 3978/5699/2886
f 3955/4117/1782 3935/5700/2708 3745/4118/2168
f 4688/4670/2473 4620/5701/2947 4617/5238/2744
f 3848/3199/1694 3852/5702/2510 3827/3594/1904
f 4845/5271/2688 4852/5270/2757 4891/5703/2948
f 1980/5704/1036 1959/5705/2949 1892/2884/1207
f 4860/5453/2846 4880/5706/2936 4861/5454/2847
f 3273/4196/2216 3336/5707/2950 3275/4494/2386
f 2292/5708/2322 2268/5709/2951 2254/5710/2323
f 4040/4426/2018 4047/4425/2346 4051/5711/2952
f 4692/5712/2438 4712/5713/2820 4728/5714/2953
f 3437/4410/1628 3420/5715/2601 3423/5716/2954
f 3871/5717/2135 3934/5718/2395 3876/5719/2449
f 4363/3382/1800 4297/4937/2599 4278/5720/2623
f 1951/4868/2226 2259/5721/2253 1956/4869/2572
f 4652/5722/2679 4680/5723/2884 4694/5724/2955
f 3472/4261/2259 3471/4260/2258 3479/5600/2909
f 3703/3892/2052 3712/5175/2713 3951/5725/2956
f 4427/5326/2166 4455/5325/2787 4471/5726/2301
f 2335/4054/2133 2336/4243/2247 3477/5727/2842
f 164/5728/2957 48/5729/2957 49/5730/2957
f 4652/5722/2679 4694/5724/2955 4709/5731/2958
f 4431/4782/2146 4464/4781/2528 4432/5732/2229
f 3439/5733/1733 3447/5734/2959 3440/5735/1870
f 3562/4693/2484 3563/4695/2486 3588/5736/2516
f 4032/5528/1547 4052/5737/2960 4007/4028/2117
f 4864/5738/2626 4751/5739/2705 4757/5740/2961
f 2141/5034/1876 1665/5741/2962 1662/4397/2333
f 4141/3003/1562 4130/4904/2586 4145/5742/2441
f 3850/5743/1830 3834/5744/2707 3853/5745/2055
f 3724/3906/2022 3714/5746/2963 3707/4479/2377
f 4400/3865/2040 4385/5747/2964 4401/5748/2804
f 3410/3651/1930 3413/3770/1993 3424/5749/2965
f 4042/5168/2046 4011/5440/2841 4008/4684/2480
f 3585/5320/2485 3574/5319/2784 3571/5750/2747
f 3414/5606/2067 3507/5608/2224 3505/5751/2893
f 1889/2262/1132 1898/3505/1863 1923/5654/2927
f 3649/3785/1355 3583/3787/2001 3697/5752/2598
f 4540/5753/1827 4511/5754/2966 4497/5755/2096
f 1045/2820/1434 676/3751/1838 672/4227/2236
f 3301/4429/1635 3274/4431/2349 3313/5756/2810
f 3900/3503/1862 3868/3810/1935 3877/5378/2809
f 3667/5233/2213 3581/5757/2967 3670/5234/2741
f 1750/4932/1466 1751/5758/2113 1708/5759/2968
f 4744/4730/2502 4776/5694/2944 4748/4985/2625
f 3900/3874/1862 3877/5760/2809 3910/5761/2969
f 2038/2635/1309 2041/5762/2970 2002/3009/1567
f 1082/2843/1448 1086/3563/1890 724/2844/1449
f 1699/4850/2418 1812/4849/2525 1687/5763/2971
f 397/3955/1902 537/5764/2972 401/4363/2318
f 3686/5765/1807 3622/5766/2973 3598/4132/2054
f 4459/3960/2082 4477/5767/2843 3751/5768/2974
f 3551/5769/2090 3588/5770/2516 3589/5771/2835
f 4459/3960/2082 3751/5768/2974 3779/4875/2574
f 1583/5772/2975 2082/5773/2976 2083/5774/2977
f 3548/5775/1387 3694/5776/1816 3672/5777/2669
f 3303/5778/2389 3280/5107/2687 3304/5106/2686
f 3629/4036/2120 3620/5356/2800 3623/5779/2978
f 4466/4116/2167 4471/4332/2301 4474/5780/2885
f 4688/4983/2473 4613/4982/2624 4621/5781/2874
f 3570/5068/2667 3575/5389/2815 3573/5317/2782
f 3737/3484/1854 3780/4883/2577 3601/3934/2072
f 3848/3585/1694 3857/5782/2979 3852/5783/2510
f 4394/4627/2427 4384/5565/2889 4415/5784/2980
f 1129/5785/1538 752/5786/2740 707/5787/2981
f 4342/3385/1755 4330/5788/2982 4355/5789/2555
f 3743/5790/2983 3624/5791/2983 3640/5792/2983
f 4426/4114/2165 4469/4474/2372 4472/5793/2984
f 4850/5504/2723 4863/5506/2871 4856/5794/2792
f 1571/5795/1607 1611/5796/1803 1592/5797/2985
f 1790/3390/1225 1709/5798/2986 1751/4021/2113
f 3666/3739/1977 3669/5799/2604 3875/3925/2068
f 1353/2038/1028 1340/2727/1374 971/5800/2987
f 4751/5739/2705 4865/5801/2902 4757/5740/2961
f 4438/5802/2988 4433/5803/2988 4470/5804/2988
f 4426/5805/2165 4472/5806/2984 4474/5539/2885
f 4691/5807/2867 4714/5808/2989 4717/5809/2990
f 4741/4088/2151 4778/4745/2512 4750/5060/2661
f 3731/3883/1772 3752/5810/2991 3624/5336/2791
f 4362/5259/2099 4402/5811/2160 4406/5260/2755
f 4451/4163/2195 3643/5812/2621 3618/5022/2645
f 3629/4036/2120 3623/5779/2978 4457/4112/2163
f 3559/4399/2296 3594/5362/2803 3577/5813/2635
f 1540/2447/1180 1563/3350/1784 1425/3395/1719
f 4428/5814/2180 4446/4605/2446 4445/4604/2445
f 3598/4132/2054 3622/5766/2973 3603/4133/2178
f 3689/3323/1768 3697/4930/2598 3698/4902/2585
f 2333/3788/2002 2367/4874/2036 2347/5815/2992
f 3601/4035/2072 3780/5816/2577 3620/5356/2800
f 3743/4050/2129 3645/5817/2993 3613/4572/2433
f 4829/4306/2152 4793/4308/2285 4801/5126/2493
f 2335/5120/2133 3371/5122/2281 2340/5818/2682
f 4689/5819/2857 4691/5807/2867 4717/5809/2990
f 3731/3883/1772 3738/3882/1941 3752/5810/2991
f 4296/4170/1835 3957/4172/1960 3939/5820/2994
f 3924/3480/1852 3929/4003/2104 3969/4611/2448
f 4226/3115/1644 4331/5821/2995 4306/3384/1801
f 3549/2766/1398 3698/4902/2585 3566/5822/2546
f 3405/3137/1653 3391/5535/2882 3357/3275/1697
f 3403/4124/1645 3592/5823/2996 3586/4125/2173
f 4652/5093/2679 4709/5824/2958 4718/5094/2680
f 2279/3540/1612 2324/5825/2997 2283/3541/1879
f 1945/2967/1537 1988/3801/2010 1955/4795/2536
f 536/3520/1313 526/3519/1384 527/5826/2729
f 4202/4541/2415 3933/4540/2414 3940/5827/2998
f 3777/5828/1925 3748/5829/2015 3753/5830/2999
f 4120/5831/3000 4473/5832/3000 4454/5833/3000
f 3607/5273/2295 3616/5834/2631 3572/5274/2758
f 4310/3690/1948 4329/5001/2636 4353/5835/2533
f 431/2888/1262 398/3736/1975 434/5836/3001
f 4498/4248/2250 4543/4455/2361 4512/5837/3002
f 3551/4772/2090 3590/5838/2806 3565/4739/2508
f 1550/2701/1360 1567/5123/2692 1557/3084/1620
f 4787/3623/1916 4602/5839/3003 4557/3624/1917
f 3583/5272/2001 3572/5274/2758 3697/5840/2598
f 3609/4936/2335 3610/4935/2362 3625/5841/3004
f 4296/5842/1835 4233/5843/2734 3941/5844/3005
f 1578/3324/1769 1581/3405/1810 1615/5085/2673
f 4195/5845/1677 4214/5846/2760 4166/5847/2348
f 3405/4176/1653 3370/4068/2140 3391/5848/2882
f 4267/5849/1710 4233/5843/2734 4296/5842/1835
f 3346/4796/2371 3330/5850/3006 3324/4797/2537
f 4643/4234/2241 4716/4965/2613 4653/5451/2811
f 4565/4120/2169 4515/5851/3007 4569/4793/2534
f 4366/4189/1929 4411/5852/3008 4408/4190/2210
f 4403/5853/2059 4386/5854/2363 4413/5855/3009
f 4794/4344/2305 4830/5248/2748 4800/5108/2492
f 3907/4274/2268 3876/4612/2449 3880/5856/3010
f 4366/4189/1929 4368/4195/2215 4297/5408/2599
f 3356/3048/1598 3286/5456/2849 3354/3824/2023
f 2280/4822/1661 2264/5857/3011 2292/4377/2322
f 4160/4392/1953 4165/4391/2329 4211/5858/3012
f 4296/5842/1835 3941/5844/3005 3878/5859/2198
f 3636/5343/2205 3644/5344/2793 3638/5860/2206
f 3878/5861/2198 3959/5862/3013 3904/5863/2611
f 4497/5755/2096 4511/5754/2966 4508/5864/2672
f 1080/5865/1307 1084/3091/1565 674/5866/3014
f 3322/4434/2352 3321/5867/2500 3561/4666/2472
f 4557/3624/1917 4572/5101/2683 4561/3745/1959
f 3690/3636/1926 3699/5868/3015 3426/5427/2833
f 4403/5853/2059 4413/5855/3009 4404/5869/2209
f 3404/3921/1659 3343/3920/2066 3331/5870/2571
f 4319/4182/2204 4349/4675/2476 4350/5424/2832
f 3302/4484/2021 3307/5871/3016 3306/4485/2381
f 4544/5027/2103 4500/4266/2263 4507/5005/2639
f 3795/3587/1900 3818/4233/2240 3798/5690/2942
f 3373/4480/2378 3480/5348/2796 3379/5872/3017
f 1651/4451/2264 1593/5873/3018 1588/4452/2359
f 4179/5874/1646 4202/5875/2415 3940/5876/2998
f 4199/4851/2466 4177/5511/2873 4203/5877/2831
f 2154/4282/1871 2192/4284/2274 2208/5878/3019
f 2152/3270/1740 2189/3314/1763 2176/5345/2794
f 4146/5879/2122 4134/5880/2671 4100/5881/2640
f 3412/5882/1991 3576/5883/2543 3421/5884/2746
f 2369/3773/1994 2349/5885/3020 2317/5318/2783
f 3408/4020/1762 3272/4019/1947 3380/5886/3021
f 3847/4536/1695 3832/4538/2413 3836/5887/3022
f 4394/4562/2427 4415/5888/2980 4373/4563/2428
f 4164/4347/2308 4169/4512/2396 4212/5889/3023
f 2313/4871/1915 2341/5578/2684 2294/4872/2573
f 4200/5290/2105 4168/5890/2394 4180/5891/3024
f 3368/4042/1858 3474/4041/2124 3511/5892/2881
f 3901/3811/1851 3908/5893/2475 3856/5894/3025
f 3873/4495/1957 3874/4497/2003 4014/5895/3026
f 1583/5896/2975 2083/5897/2977 2084/5898/3027
f 3344/5048/2156 3323/4771/2524 3351/5899/2157
f 1951/4419/2226 1839/5900/2934 1667/5680/2938
f 4644/5098/2243 4649/4971/2618 4690/5300/2774
f 4343/4070/1618 4352/4072/2142 4048/5901/2566
f 2291/4813/2289 2199/4815/2547 2209/5902/3028
f 4291/3993/1582 4418/5903/3029 4417/4011/2109
f 4201/5423/2467 4203/5422/2831 4204/5904/2855
f 2145/4357/1727 2156/4699/2490 1849/5905/3030
f 4198/4677/2477 4205/5906/2558 4181/5907/3031
f 4643/4234/2241 4650/5179/2716 4636/5599/2703
f 3275/4639/2386 3352/5908/3032 3350/4764/2519
f 2074/4393/2330 2075/4481/2379 2085/5909/3033
f 3900/3874/1862 3910/5761/2969 4015/4238/2245
f 4402/5910/2160 4405/5911/2872 4406/5912/2755
f 3824/3071/1614 3833/4816/2548 3837/5913/3034
f 4444/5199/2652 4479/5914/3035 4453/5200/2725
f 4159/3630/1922 4164/4347/2308 4212/5889/3023
f 2191/5030/2273 2196/4767/2521 2232/4766/2520
f 2370/5915/2278 2342/5916/2693 2372/5917/2868
f 3724/4372/2022 3702/3842/2030 3723/5918/2890
f 4877/5919/2657 4881/5920/2911 4883/5921/3036
f 3703/3892/2052 3951/5725/2956 3721/4571/2432
f 4638/5922/1888 4634/5153/2148 4651/5155/2704
f 4688/4670/2473 4723/5923/2837 4620/5701/2947
f 2096/5924/2065 2095/5591/2319 2099/5593/2904
f 4844/4307/2284 4828/4477/2375 4846/4698/2489
f 4827/5053/2306 4805/5213/2732 4806/5416/2828
f 4375/5925/2461 4387/5926/3037 4395/5927/2563
f 4686/5928/2898 4711/5929/2897 4720/5930/3038
f 3523/4148/2187 3527/4806/2541 3529/5241/2724
f 4710/5931/2812 4695/5932/3039 4713/5933/3040
f 2248/3244/1726 2257/5413/2826 1957/3991/2076
f 4342/3385/1755 4316/4009/2107 4330/5788/2982
f 4737/5934/1892 4561/3745/1959 4562/3938/2075
f 4161/4678/2041 4198/4677/2477 4181/5907/3031
f 3473/5935/2336 3503/5936/2730 3504/5937/2443
f 4691/5807/2867 4715/5938/3041 4714/5808/2989
f 4206/5939/1933 4199/4660/2466 4204/5466/2855
f 2337/4275/2269 2346/5681/2939 2342/5128/2693
f 2344/5146/2261 2267/5145/2597 1987/5940/2905
f 4557/3624/1917 4568/4632/2452 4572/5101/2683
f 4855/5941/2767 4882/5942/2924 4866/5943/3042
f 4364/4156/2192 4278/4978/2623 4382/5312/2780
f 4743/4683/2479 4747/4807/2542 4799/5216/2488
f 1869/4087/2150 1835/5944/2462 1867/4533/2411
f 4710/5931/2812 4713/5933/3040 4712/5945/2820
f 1257/5946/2161 862/5947/2710 863/5948/2540
f 1084/3091/1565 1046/3257/1735 674/5866/3014
f 3520/5949/3043 3715/5950/3043 3693/5951/3043
f 1868/5952/2453 1870/5953/2518 1840/5954/3044
f 3413/4903/1993 3525/4662/2468 3547/5955/3045
f 4800/4703/2492 4808/5646/2923 4801/4704/2493
f 4291/3657/1582 4363/3382/1800 4418/5956/3029
f 4573/5401/2822 4575/5957/3046 4574/5402/2823
f 4036/3429/1640 4305/3264/1736 4062/4449/2325
f 1632/5347/2387 1691/5958/3047 1591/4955/2442
f 2198/4810/2545 2244/5959/3048 2210/5960/2899
f 2335/4054/2133 3477/5727/2842 3372/5961/2282
f 4711/5962/3049 4727/5963/3049 4720/5964/3049
f 4674/5965/2714 4724/5966/2887 4780/5967/2715
f 4793/5968/2285 4884/5969/2643 4838/5970/3050
f 3374/4809/2544 3381/5971/3051 3371/4299/2281
f 4775/5552/1976 4746/5972/2538 4774/5315/2176
f 3281/5360/2801 3290/5973/3052 3282/5361/2802
f 4417/4011/2109 4410/5974/3053 4402/4104/2160
f 3279/4922/2594 3282/5361/2802 3309/5975/3054
f 2247/3713/1725 2343/3712/1961 2351/5976/3055
f 3275/5977/2386 3332/5978/3056 3325/5979/2697
f 3502/5209/2050 3503/5211/2730 3480/5980/2796
f 390/2834/1441 399/4033/2119 403/4716/2498
f 4601/3939/1783 4562/3938/2075 4561/3745/1959
f 287/5114/1983 293/5981/3057 291/4382/2326
f 4601/3939/1783 4561/3745/1959 4572/5101/2683
f 4793/5968/2285 4838/5970/3050 4804/5982/2409
f 3353/5436/2838 3333/5983/3058 3326/5437/2839
f 4738/3766/1990 4739/3828/2025 4742/4515/2399
f 4618/5651/2617 4639/5984/3059 4657/5985/2875
f 4633/4458/2144 4619/5652/2926 4614/5132/2619
f 4859/5404/2478 4853/5287/2765 4752/5986/2753
f 4829/5987/2152 4808/5646/2923 4830/5645/2748
f 4006/4614/1461 4232/5988/2367 4009/5409/2825
f 2198/5575/2545 3289/5577/2895 2243/5989/3060
f 4618/5651/2617 4619/5652/2926 4639/5984/3059
f 4858/4876/2575 4749/4987/2627 4864/4986/2626
f 1836/3326/1245 1896/2869/1467 1924/3667/1938
f 2282/5990/1872 2291/5991/2289 2296/5992/3061
f 4793/4308/2285 4804/5127/2409 4801/5126/2493
f 2273/2813/1429 2297/5993/3062 2311/3404/1809
f 3305/5994/1564 3319/5995/2154 3291/5996/3063
f 4737/5934/1892 4562/3938/2075 4566/4146/1981
f 4557/3624/1917 4570/5653/2553 4568/4632/2452
f 4160/3699/1953 4211/5997/3012 4214/5278/2760
f 3635/5000/2297 3577/4999/2635 3612/5998/2422
f 4791/4199/2219 4827/4345/2306 4831/5999/3064
f 2093/4778/2457 2086/6000/3065 2212/5462/2852
f 1255/3833/2026 863/6001/2540 1686/4229/2238
f 4557/3624/1917 4602/5839/3003 4570/5653/2553
f 4744/4730/2502 4748/4985/2625 4745/4731/2503
f 3873/3706/1957 3838/6002/3066 3828/3914/2056
f 1153/6003/1128 1154/6004/1189 786/6005/3067
f 4876/4691/2483 4806/5416/2828 4807/5598/2908
f 918/6006/969 919/6007/1208 920/6008/3068
f 4407/6009/2460 4387/5926/3037 4375/5925/2461
f 2202/5096/2634 2206/5095/2681 2235/6010/3069
f 4675/6011/2398 4676/6012/2501 4781/6013/2526
f 4296/3445/1835 3939/6014/2994 4269/3502/1861
f 4313/5672/1969 4351/4469/2368 4320/4468/2208
f 4327/4714/2397 4328/4713/2497 4335/6015/3070
f 2039/4383/1388 2007/5684/2940 1988/4384/2010
f 4712/6016/3071 4713/6017/3071 4728/6018/3071
f 4426/5324/2165 4474/6019/2885 4455/5325/2787
f 1581/3405/1810 1594/6020/3072 1615/5085/2673
f 4773/4852/2272 4745/4731/2503 4748/4985/2625
f 3302/4203/2021 2321/4202/2221 3311/6021/3073
f 397/3590/1902 405/5091/2677 537/6022/2972
f 1797/6023/1311 1703/4843/2561 1804/4842/1415
f 1797/6023/1311 1710/6024/3074 1703/4843/2561
f 4744/4730/2502 4780/5461/2715 4776/5694/2944
f 3776/5283/2031 3749/5282/2762 4464/6025/2528
f 4875/5505/2850 4885/6026/3075 4863/5506/2871
f 1080/6027/1307 708/6028/3076 1085/6029/1604
f 3707/4479/2377 3714/5746/2963 3710/4977/2622
f 3628/4052/2131 3640/6030/3077 3784/6031/2588
f 3639/6032/1974 4438/6033/2781 3760/6034/3078
f 3366/5638/2084 3378/5637/2921 3375/6035/2676
f 3847/4536/1695 3839/6036/3079 3840/6037/3080
f 2290/6038/2266 2339/6039/2660 2370/6040/2278
f 1808/4844/1689 1703/4843/2561 1711/6041/3081
f 3656/6042/1806 3695/6043/2312 3668/6044/2576
f 1355/3328/1771 1357/6045/3082 1358/3556/1886
f 1892/2884/1207 1959/5705/2949 1949/4065/2139
f 164/6046/1417 57/6047/2425 48/6048/3083
f 4464/6049/2528 3749/6050/2762 3760/6034/3078
f 3743/4050/2129 3640/6051/3077 3645/5817/2993
f 3600/4909/1590 3784/4911/2588 3749/5282/2762
f 3744/5446/2132 4450/6052/2616 4477/5447/2843
f 3639/6053/1974 3754/6054/3084 3751/6055/2974
f 4118/3554/1885 4097/4476/2374 4463/6056/3085
f 1937/2559/1264 1986/3729/1970 1954/6057/2506
f 1654/3515/1840 1635/6058/3086 1632/4498/2387
f 4544/5027/2103 4507/5005/2639 4513/6059/3087
f 3562/4737/2484 3565/4739/2508 3574/5319/2784
f 2002/3009/1567 2041/5762/2970 2005/4192/2212
f 4295/3448/1836 4269/3502/1861 4279/6060/3088
f 3639/6053/1974 3751/6055/2974 4447/6061/2470
f 3596/3847/2034 3632/4765/2232 3582/6062/2779
f 4633/4668/2144 4616/5237/2743 4639/6063/3059
f 3317/4212/2228 3320/4686/2353 3580/6064/3089
f 4229/3513/1868 4357/3775/1996 4281/6065/3090
f 1256/6066/1934 1681/4522/2403 1812/4849/2525
f 4197/3296/1754 4182/6067/3091 4183/6068/3092
f 4197/3296/1754 4183/6068/3092 4169/4598/2396
f 3773/6069/1813 3777/5828/1925 3755/6070/3093
f 1981/4205/2223 1984/4210/2227 1985/6071/2860
f 401/4363/2318 537/5764/2972 407/6072/3094
f 3315/4542/2019 3578/6073/2827 3587/4543/2416
f 4118/6074/1885 4463/6075/3085 4101/6076/2764
f 1700/5134/1385 1834/3691/1950 1841/6077/2674
f 3407/3677/1744 3444/6078/2903 3419/4462/2364
f 969/2762/1396 970/6079/3095 1346/3901/2058
f 3561/6080/2472 3321/4720/2500 3580/6081/3089
f 2280/6082/1661 2254/5710/2323 2268/5709/2951
f 3735/3671/1821 3673/6083/2917 3660/3496/1859
f 3392/3967/2087 3298/6084/3096 3376/5224/2737
f 3777/5828/1925 3753/5830/2999 3755/6070/3093
f 4251/3634/1909 4257/6085/3097 4317/6086/2112
f 388/2777/1406 394/3042/1593 402/4438/2354
f 2064/2719/1368 2375/3539/1878 2043/5203/2727
f 3506/4061/2137 3547/5955/3045 3525/4662/2468
f 3657/3413/1814 3668/4881/2576 3709/5076/2670
f 3320/4435/2353 3561/4666/2472 3579/6087/3098
f 3848/3585/1694 3828/3898/2056 3857/5782/2979
f 1810/3961/2007 1678/3910/2060 1591/4597/2442
f 4318/6088/2203 4347/6089/2851 4332/6090/3099
f 2189/3693/1763 2252/4039/2123 2270/6091/3100
f 3667/4601/2213 3611/4519/2402 3581/6092/2967
f 398/3736/1975 401/4363/2318 407/6072/3094
f 4090/6093/1826 4184/6094/3101 4093/5051/2063
f 4498/4248/2250 4512/5837/3002 4501/4444/2358
f 3957/4172/1960 3958/6095/3102 3939/5820/2994
f 3552/5429/1603 3589/5431/2835 3674/6096/3103
f 3609/4936/2335 3625/5841/3004 3644/5344/2793
f 3407/3677/1744 3441/6097/1931 3444/6078/2903
f 4356/3761/1987 4388/6098/3104 4384/6099/2889
f 1128/2488/1233 727/6100/3105 751/6101/1624
f 4155/4390/1732 4213/6102/3106 4208/6103/3107
f 4633/4668/2144 4639/6063/3059 4619/6104/2926
f 3442/6105/1490 3401/4865/1569 3425/6106/3108
f 3343/4213/2066 3317/4212/2228 3580/6064/3089
f 3926/3679/1944 3936/5396/2819 3961/4508/2393
f 1561/5572/1742 1565/6107/2376 1415/5573/2892
f 528/5658/1269 530/6108/1513 529/5659/2929
f 4471/5726/2301 4455/5325/2787 4474/6019/2885
f 4094/4241/2246 3943/6109/3109 4210/4427/2347
f 3409/3589/1901 3446/4940/2602 3415/4007/2106
f 3552/3055/1603 3674/6110/3103 3671/5307/2777
f 4318/6088/2203 4332/6090/3099 4349/6111/2476
f 4400/5363/2040 4383/5365/2805 4371/6112/2383
f 3874/3789/2003 4007/4643/2117 4013/6113/3110
f 4408/6114/2210 4389/6115/3111 4409/6116/2754
f 3874/3789/2003 4013/6113/3110 4014/6117/3026
f 3439/5733/1733 3426/6118/2833 3447/5734/2959
f 4225/3179/1683 4253/4817/2549 3934/4511/2395
f 4197/3296/1754 4210/6119/2347 4182/6067/3091
f 3354/4271/2023 3334/6120/3112 3318/4272/2267
f 1086/6121/1890 1100/6122/2189 709/6123/3113
f 4399/5313/2343 4382/5312/2780 4412/6124/3114
f 3408/4863/1762 3380/6125/3021 3340/4864/2570
f 1982/5414/2248 2257/5413/2826 2269/6126/3115
f 4400/3865/2040 4276/4841/2560 4385/5747/2964
f 1682/5484/2423 1684/6127/2504 1838/5485/2650
f 4159/3630/1922 4212/5889/3023 4170/4529/2407
f 2141/3537/1876 2146/4559/2342 1665/6128/2962
f 3476/5441/1952 3477/5443/2842 3392/6129/2087
f 3438/4211/1658 3335/6130/3116 3345/4685/2351
f 396/3315/1244 408/6131/3117 394/3512/1593
f 4166/5847/2348 4214/5846/2760 4104/6132/3118
f 1666/6133/3119 1667/6134/3119 1848/6135/3119
f 3437/4410/1628 3423/5716/2954 3418/4411/2339
f 4040/3816/2018 4051/6136/2952 4076/3871/2045
f 4076/6137/2045 4051/6138/2952 4053/6139/3120
f 3738/3882/1941 3619/6140/2797 3752/5810/2991
f 4172/6141/2557 4207/6142/3121 4178/6143/2925
f 3966/6144/1792 3706/4701/2360 3746/4700/2491
f 4095/6145/1910 4166/6146/2348 4102/6147/2565
f 4226/3115/1644 4260/5222/2735 4331/5821/2995
f 1655/5642/2277 1673/5191/2648 1641/6148/3122
f 1869/5489/2150 1655/5491/2277 1641/6149/3122
f 3638/5860/2206 3644/5344/2793 3641/6150/2474
f 3925/3614/1911 3937/5474/2858 3962/4812/2440
f 3436/3588/1734 3443/6151/2728 3409/3589/1901
f 4402/5251/2160 4410/6152/3053 4381/5252/2751
f 3406/3231/1717 3421/5245/2746 3448/6153/3123
f 4099/4727/2355 4121/5444/2731 4449/6154/2587
f 4092/6155/1945 4173/6156/2658 4103/6157/3124
f 4198/6158/2477 4207/6142/3121 4172/6141/2557
f 4408/6114/2210 4411/6159/3008 4389/6115/3111
f 3869/3891/2008 3713/6160/2870 3712/5175/2713
f 4120/4278/1928 4122/6161/3125 4096/4279/2270
f 3520/6162/1843 3531/6163/3126 3705/6164/2108
f 2238/2975/1543 2187/3430/1823 2242/6165/3127
f 3474/4890/2124 3481/6166/2567 3501/4891/2509
f 4229/3513/1868 4281/6065/3090 4231/4280/2271
f 4363/3382/1800 4277/5352/2798 4418/5956/3029
f 3702/3842/2030 3705/4010/2108 3531/6167/3126
f 1983/5281/2260 1958/5280/2761 2345/6168/2304
f 3563/4695/2486 3571/5247/2747 3588/5736/2516
f 3410/6169/1930 3424/6170/2965 3444/6171/2903
f 4166/6146/2348 4104/6172/3118 4102/6147/2565
f 3872/4315/2290 4009/6173/2825 3909/6174/3128
f 3273/4196/2216 3284/5417/2829 3336/5707/2950
f 3272/3682/1947 3314/4527/2405 3380/6175/3021
f 4395/5927/2563 4387/5926/3037 4390/6176/3129
f 1551/6177/1416 663/6178/2915 530/6179/1513
f 3872/4315/2290 3909/6174/3128 3908/4672/2475
f 1611/6180/3130 1583/6181/3130 1658/6182/3130
f 4361/4651/2086 4391/6183/3131 4407/4652/2460
f 4645/4885/2554 4673/5685/2632 4646/4886/2578
f 4293/4504/1899 4273/4888/2579 4272/4505/2391
f 3878/6184/2198 3941/6185/3005 3959/6186/3013
f 2187/3430/1823 2190/4086/2149 2242/6165/3127
f 1661/5534/1908 1668/6187/3132 1673/5191/2648
f 4361/6188/2086 4421/6189/2562 4391/6190/3131
f 3274/4431/2349 3312/6191/3133 3313/5756/2810
f 4799/5216/2488 4747/4807/2542 4753/6192/3134
f 4206/4676/1933 4209/6193/3135 4198/4677/2477
f 3275/5977/2386 3336/6194/2950 3332/5978/3056
f 4560/3703/1955 4569/4793/2534 4640/4641/2455
f 3915/2923/1505 3960/4166/2196 3748/3809/2015
f 4324/3531/1873 4231/4280/2271 4254/6195/3136
f 4366/4189/1929 4161/4437/2041 4411/5852/3008
f 2175/6196/1942 2157/6197/3137 2241/6198/3138
f 2308/4499/1777 3303/4501/2389 2295/6199/2665
f 2195/4633/2233 2236/6200/3139 2127/6201/3140
f 2186/3526/1306 2154/3528/1871 2177/6202/3141
f 2227/4760/2494 2205/5064/2664 2206/5095/2681
f 4398/5261/2116 4406/5260/2755 4273/6203/2579
f 2145/5204/1727 1849/6204/3030 2125/4417/2341
f 4444/6205/3142 4462/6206/3142 4479/6207/3142
f 2192/4284/2274 2207/5250/2750 2208/5878/3019
f 3306/6208/2381 3307/6209/3016 3353/6210/2838
f 1797/5661/1311 1704/5662/2930 1710/6211/3074
f 4685/6212/3143 4718/6213/3143 4678/6214/3143
f 2239/6215/2214 2245/6216/3144 2231/6217/2450
f 1651/4451/2264 1587/4353/2311 1595/6218/3145
f 4791/4199/2219 4831/5999/3064 4803/4942/2603
f 1980/3358/1036 1947/3145/1657 1993/6219/3146
f 3275/5977/2386 3325/5979/2697 3352/6220/3032
f 3337/5105/2685 3280/5107/2687 3341/6221/3147
f 4393/3981/2039 4396/3983/2093 4380/6222/2726
f 1870/5953/2518 1875/6223/3148 1840/5954/3044
f 3337/6224/2685 3338/6225/3149 3304/6226/2686
f 2191/4283/2273 2232/6227/2520 2207/5250/2750
f 2073/4574/2280 2127/6201/3140 2225/4575/2434
f 1153/6003/1128 786/6005/3067 1047/6228/1183
f 4857/5379/2327 4877/5047/2657 4892/6229/3150
f 2203/5031/2649 2204/5063/2663 2241/6230/3138
f 1634/3992/2098 1615/5085/2673 2082/6231/3151
f 4707/5556/2799 4696/6232/3152 4724/5557/2887
f 4469/6233/2372 4476/6234/3153 4472/6235/2984
f 1948/4623/2029 2006/6236/2709 1953/4624/2255
f 4676/6012/2501 4658/6237/3154 4677/6238/2769
f 3282/5361/2802 3290/5973/3052 3309/5975/3054
f 4877/5047/2657 4883/6239/3036 4892/6229/3150
f 4654/5480/2862 4683/6240/3155 4655/5481/2863
f 4751/6241/3156 4776/6242/3156 4889/6243/3156
f 4889/5588/2901 4697/6244/3157 4865/5589/2902
f 3554/4957/2171 3570/5068/2667 3568/4958/2610
f 4324/6245/3158 4254/6246/3158 4280/6247/3158
f 4844/5013/2284 4867/6248/3159 4847/5151/2702
f 4847/5151/2702 4867/6248/3159 4868/6249/3160
f 4858/4876/2575 4864/4986/2626 4894/6250/3161
f 4848/5174/2712 4851/5215/2733 4890/6251/3162
f 4853/6252/2765 4855/5941/2767 4866/5943/3042
f 4718/5094/2680 4709/5824/2958 4719/6253/3163
f 4789/4045/2126 4790/4179/2201 4795/4517/2401
f 516/2833/1297 403/4716/2498 399/4033/2119
f 4844/6254/2284 4846/6255/2489 4867/6256/3159
f 1980/5704/1036 1993/6257/3146 1959/5705/2949
f 2081/5321/2785 2094/5508/2834 2097/6258/3164
f 2283/3541/1879 2323/6259/3165 3310/5475/2859
f 4359/4017/1965 4241/6260/3166 4386/4459/2363
f 2225/4747/2434 2237/6261/3167 2228/4748/2513
f 4675/6011/2398 4658/6237/3154 4676/6012/2501
f 4036/3429/1640 4062/4449/2325 4073/6262/1992
f 1078/2577/1274 1089/4208/2225 711/2596/1284
f 4004/6263/2244 4049/6264/2629 4056/6265/3168
f 4714/6266/2989 4715/6267/3041 4698/6268/3169
f 2228/5235/2513 2211/6269/3170 2200/4916/2591
f 3634/5370/2202 3621/6270/2814 3637/5371/2807
f 396/3315/1244 390/2834/1441 403/4716/2498
f 1128/2488/1233 1090/4602/2444 727/6100/3105
f 4359/4017/1965 4317/4016/2112 4241/6260/3166
f 4841/4702/2408 4807/5598/2908 4806/5416/2828
f 3343/6271/2066 3580/6272/3089 3331/6273/2571
f 1705/5677/1688 1808/4844/1689 1711/6041/3081
f 3440/5735/1870 3447/5734/2959 3445/6274/2943
f 3834/6275/2707 3978/6276/2886 3842/6277/3171
f 1750/4932/1466 1712/6278/3172 1702/4933/2291
f 2193/4288/2275 2198/4810/2545 2243/6279/3060
f 4878/6280/2647 4862/5488/2865 4861/5487/2847
f 2083/5897/2977 2087/6281/3173 2084/5898/3027
f 2231/4621/2450 2244/5959/3048 2198/4810/2545
f 4221/3156/1495 4003/3069/1613 3883/6282/3174
f 4728/6283/2953 4713/5933/3040 4695/5932/3039
f 1550/6284/1360 1422/6285/3175 1567/5627/2692
f 3321/4720/2500 3335/6286/3116 3580/6081/3089
f 4502/4608/1796 4514/6287/3176 4509/5510/2866
f 2175/5062/1942 2241/6230/3138 2204/5063/2663
f 4691/5807/2867 4706/6288/2869 4715/5938/3041
f 4349/6111/2476 4332/6090/3099 4350/6289/2832
f 4439/4582/2369 3645/6290/2993 4475/6291/2666
f 4502/3374/1796 4131/4973/2620 4514/6292/3176
f 2077/6293/2527 2212/6294/2852 2089/6295/3177
f 3639/6053/1974 3756/6296/3178 3754/6054/3084
f 49/6297/3179 48/6298/3083 100/6299/3180
f 3442/3818/1490 3421/5884/2746 3578/5415/2827
f 1654/3515/1840 1636/6300/3181 1635/6058/3086
f 4096/4279/2270 4463/6301/3085 4098/4718/2499
f 4752/5986/2753 4853/5287/2765 4869/6302/3182
f 4097/4476/2374 4448/4818/2505 4463/6056/3085
f 3632/4457/2232 3641/4671/2474 3644/6303/2793
f 4716/6304/3183 4686/6305/3183 4721/6306/3183
f 2077/6293/2527 2213/6307/3184 2099/6308/2904
f 4439/4582/2369 3613/4581/2433 3645/6290/2993
f 4714/6266/2989 4698/6268/3169 4717/6309/2990
f 3628/4052/2131 3617/4996/2633 3640/6030/3077
f 4200/5290/2105 4180/5891/3024 4175/5291/2768
f 4325/4561/1988 4373/4563/2428 4414/6310/3185
f 3560/4441/2356 3587/5403/2416 3591/6311/2646
f 4574/5402/2823 4576/6312/3186 4525/6313/3187
f 4570/4825/2553 4576/6312/3186 4573/5401/2822
f 4307/4620/1845 4046/4063/2138 4337/6314/3188
f 3867/6315/1877 3961/6316/2393 3947/6317/3189
f 1129/5785/1538 707/5787/2981 710/6318/3190
f 2315/6319/1579 2316/6320/1699 2317/6321/2783
f 3603/4139/2178 3642/6322/3191 3604/4140/2183
f 3773/6069/1813 3755/6070/3093 3781/6323/3192
f 4373/4563/2428 4415/5888/2980 4414/6310/3185
f 3555/5316/2174 3573/5317/2782 3422/6324/2912
f 3773/4918/1813 3781/6325/3192 3747/4919/2592
f 4827/5053/2306 4798/4690/2482 4831/6326/3064
f 1681/4522/2403 1688/6327/3193 1812/4849/2525
f 4376/4894/2580 4405/5507/2872 4377/4895/2581
f 3599/3979/2092 3676/6328/3194 3614/4949/2607
f 4686/5928/2898 4720/5930/3038 4721/6329/3195
f 4505/6330/2464 4515/6331/3007 4510/6332/2879
f 3345/4719/2351 3335/6286/3116 3321/4720/2500
f 3596/3847/2034 3582/6062/2779 3611/4519/2402
f 3318/4272/2267 3330/6333/3006 3346/4473/2371
f 4311/6334/1962 4350/6289/2832 4333/6335/3196
f 3465/3506/1864 3501/4740/2509 3510/6336/3197
f 3978/6276/2886 3977/6337/2946 3842/6277/3171
f 4438/6033/2781 3626/6338/2818 3760/6034/3078
f 3824/3071/1614 3837/5913/3034 3835/5391/2816
f 3351/5899/2157 3323/4771/2524 3330/6333/3006
f 3724/6339/2022 3723/6340/2890 3722/6341/3198
f 4268/3732/1610 4300/6342/3199 4275/5239/2691
f 1654/4100/1840 1629/4099/2158 1636/6343/3181
f 3403/6344/1645 3339/6345/2790 3592/6346/2996
f 3792/4076/1857 2348/6347/3200 2044/4960/2095
f 4573/5401/2822 4576/6312/3186 4575/5957/3046
f 4369/5258/2307 4409/5257/2754 4422/6348/2808
f 5/3748/1647 9/6349/3201 8/3574/1896
f 4179/3118/1646 4298/6350/3202 4155/4859/1732
f 4090/4980/1826 4190/6351/3203 4184/6352/3101
f 3465/6353/1864 3482/6354/3204 3505/6355/2893
f 3662/3509/1866 3711/3802/2011 3717/6356/3205
f 1046/6357/1735 672/6358/2236 673/6359/3206
f 4128/4596/1918 4145/4595/2441 4148/6360/3207
f 4399/5070/2343 4412/6361/3114 4379/5071/2668
f 3694/5776/1816 3675/6362/3208 3672/5777/2669
f 1558/5626/1650 1419/5628/2918 1565/6363/2376
f 1637/6364/2061 2076/6365/2111 1638/6366/3209
f 3931/6367/2218 4299/6368/2608 3936/6369/2819
f 4428/4136/2180 4443/4545/2417 4476/6370/3153
f 4251/3634/1909 4230/3633/1924 4257/6085/3097
f 4462/4787/2531 4101/5285/2764 4105/6371/3210
f 4132/6372/2412 4506/6373/2539 4516/6374/3211
f 1684/6127/2504 1842/6375/3212 1838/5485/2650
f 3438/4211/1658 3340/6376/2570 3335/6130/3116
f 4003/3069/1613 3906/4131/2177 3883/6282/3174
f 4161/4678/2041 4181/5907/3031 4207/6377/3121
f 4224/6378/3213 4015/6379/3213 3885/6380/3213
f 3867/6315/1877 3947/6317/3189 3958/6381/3102
f 3663/4337/1765 3342/4507/2392 3417/4338/2302
f 1898/4066/1863 1949/4065/2139 1960/6382/3214
f 4396/4880/2093 4395/4879/2563 4390/6383/3129
f 4846/5113/2489 4845/5112/2688 4870/6384/3215
f 2248/3244/1726 2256/5249/2749 2257/5413/2826
f 4206/6385/1933 4185/6386/3216 4209/6387/3135
f 4437/4331/2300 4442/4528/2406 4478/6388/2771
f 2189/3314/1763 2270/6389/3100 2176/5345/2794
f 2369/5038/1994 2338/5040/2654 2349/6390/3020
f 4678/6391/3217 4718/6392/3217 4719/6393/3217
f 3503/5211/2730 3483/6394/3218 3480/5980/2796
f 341/3551/1882 10/6395/2514 6/3552/1883
f 4075/4424/1805 4044/6396/2102 4054/6397/3219
f 3905/6398/2569 3879/6399/2945 3881/6400/3220
f 3847/4536/1695 3836/5887/3022 3839/6036/3079
f 4747/4807/2542 4752/5255/2753 4754/6401/3221
f 1686/5020/2238 863/6402/2540 1589/5021/2568
f 4804/5286/2409 4814/6403/3222 4873/5194/2722
f 1573/3192/1692 1596/6404/3223 1581/3405/1810
f 3401/4865/1569 3331/4867/2571 3425/6106/3108
f 3633/6405/2337 3621/5387/2814 3615/5386/2630
f 1587/4353/2311 1683/4352/2310 1595/6218/3145
f 3368/4042/1858 3511/5892/2881 3370/4068/2140
f 4884/6406/2643 4848/6407/2712 4868/6408/3160
f 4640/6409/2455 4622/6410/3224 4613/6411/2624
f 3367/4409/1629 3418/4411/2339 3481/6412/2567
f 2205/5064/2664 2234/6413/3225 2206/5095/2681
f 3901/3811/1851 3856/5894/3025 3906/5109/2177
f 2273/2813/1429 2185/3548/1623 2218/6414/3226
f 3729/3403/1666 3750/5308/2778 3923/5049/1786
f 1074/2490/1222 751/6415/1624 752/5231/2740
f 4690/5470/2774 4689/5469/2857 4699/6416/3227
f 4842/4532/2410 4895/6417/3228 4878/5025/2647
f 4847/5151/2702 4868/6249/3160 4851/6418/2733
f 3347/4770/2523 3330/6333/3006 3323/4771/2524
f 2142/4295/2190 2103/6419/3229 2073/4296/2280
f 4873/5457/2722 4885/6420/3075 4875/5458/2850
f 1651/4451/2264 1595/6218/3145 1593/5873/3018
f 4799/5269/2488 4870/6421/3215 4852/5270/2757
f 2273/2813/1429 2222/6422/3230 2297/5993/3062
f 3271/3171/1678 3313/5380/2810 3283/5384/2813
f 3337/6224/2685 3341/6423/3147 3338/6225/3149
f 4677/5354/2769 4700/6424/3231 4707/5355/2799
f 4032/5528/1547 4055/6425/3232 4052/5737/2960
f 2079/4945/1832 1644/6426/3233 2080/4946/2605
f 4311/6334/1962 4333/6335/3196 4043/6427/2057
f 3303/4501/2389 3276/4500/2388 3310/5523/2859
f 4858/5390/2575 4894/6428/3161 4854/5288/2766
f 3274/4431/2349 3287/5570/2891 3312/6191/3133
f 2279/6429/1612 2282/5990/1872 2324/6430/2997
f 3277/6431/2288 2209/6432/3028 3278/6433/2593
f 4648/6434/2583 4678/6435/2638 4679/6436/3234
f 2195/4633/2233 2200/4916/2591 2236/6200/3139
f 2190/4086/2149 2201/4925/2596 2214/6437/3235
f 3303/4501/2389 3308/6438/2689 2295/6199/2665
f 4404/4836/2209 4413/6439/3009 4374/4585/2439
f 4854/5288/2766 4869/6440/3182 4882/5648/2924
f 4716/6441/2613 4659/6442/3236 4653/6443/2811
f 3349/6444/2454 3328/6445/2913 3325/5979/2697
f 4046/4063/2138 4048/4857/2566 4337/6314/3188
f 3468/6446/1907 2340/6447/2682 2374/6448/3237
f 662/3339/1779 1564/3893/2053 531/5616/2914
f 2123/4037/2121 2103/6449/3229 2142/5644/2190
f 2368/5039/2256 2006/6450/2709 2338/5040/2654
f 2160/5074/1895 2246/6451/3238 2194/4374/2320
f 3347/4798/2523 3324/4797/2537 3330/5850/3006
f 2093/4778/2457 2101/6452/3239 2086/6000/3065
f 2074/4393/2330 2101/6453/3239 2093/4644/2457
f 1984/6454/2227 1961/6455/3240 1985/6456/2860
f 4644/5582/2243 4701/6457/3241 4711/5583/2897
f 1254/3122/1369 862/5947/2710 1805/3123/1379
f 3305/6458/1564 3291/6459/3063 3300/3047/1597
f 3300/3047/1597 3291/6459/3063 3285/5455/2848
f 3326/5633/2839 3333/6460/3058 3329/5634/2920
f 1353/2367/1028 1347/6461/3242 969/2762/1396
f 3353/6210/2838 3307/6209/3016 3312/6462/3133
f 2226/4759/2390 2215/6463/3243 2205/5064/2664
f 1421/6464/2338 1420/6465/2935 1448/6466/3244
f 3413/4903/1993 3547/5955/3045 3424/6467/2965
f 4344/3534/1875 4351/6468/2368 4062/4380/2325
f 4325/4561/1988 4414/6310/3185 4326/6469/2345
f 4644/5098/2243 4690/5300/2774 4701/6470/3241
f 3599/3979/2092 3637/5376/2807 3676/6328/3194
f 4043/3900/2057 4336/6471/3245 4044/4001/2102
f 1810/6472/2007 1591/6473/2442 1689/6474/3246
f 3506/6475/2137 3507/6476/2224 3482/6354/3204
f 4203/5422/2831 4177/6477/2873 4186/6478/3247
f 2080/4946/2605 1644/6426/3233 2100/5595/2906
f 1550/2701/1360 1425/3234/1719 1424/6479/3248
f 3745/4118/2168 3935/5700/2708 3782/5138/2199
f 3353/6480/2838 3312/6481/3133 3333/6460/3058
f 4077/4794/2535 4056/6482/3168 4049/5124/2629
f 3558/4442/2316 3560/4441/2356 3591/6311/2646
f 4309/3487/1855 4334/6483/3249 4228/3488/1856
f 1303/6484/1258 1344/6485/1906 967/6486/3250
f 4270/3862/1973 4380/5202/2726 4301/6487/3251
f 1872/4761/2357 1843/6488/3252 1870/4762/2518
f 3545/6489/1761 3532/6490/3253 3527/6491/2541
f 307/3705/1681 283/3300/1757 294/6492/3254
f 1810/4085/2007 1684/4732/2504 1680/4362/2317
f 1583/5896/2975 2084/5898/3027 1658/6493/3255
f 2005/6494/2212 2041/6495/2970 2042/6496/3256
f 3588/5770/2516 3571/5750/2747 3574/5319/2784
f 4221/3156/1495 3883/6282/3174 4016/6497/2739
f 3854/5697/2706 3842/6498/3171 3977/5698/2946
f 4316/4009/2107 4331/5821/2995 4330/5788/2982
f 3702/3842/2030 3531/6167/3126 3708/6499/2459
f 4357/6500/1996 4372/6501/2384 4281/6502/3090
f 4253/6503/2549 3885/6504/2752 4235/6505/3257
f 1584/4521/2136 1690/6506/2856 1681/4522/2403
f 4168/5890/2394 4175/5291/2768 4180/5891/3024
f 4075/4424/1805 4054/6397/3219 4047/4425/2346
f 3586/5388/2173 3592/6507/2996 3575/5389/2815
f 2077/6293/2527 2089/6295/3177 2213/6307/3184
f 2094/6508/2834 2088/6509/3258 2097/6510/3164
f 2291/6511/2289 2209/6512/3028 2296/6513/3061
f 3660/3496/1859 3673/6083/2917 3669/4944/2604
f 4478/5540/2771 4472/5806/2984 3763/6514/3259
f 4506/6373/2539 4517/6515/3260 4516/6374/3211
f 277/5198/1296 291/4382/2326 293/5981/3057
f 4155/4390/1732 4208/6103/3107 3956/4554/2064
f 4120/4278/1928 4121/6516/2731 4122/6161/3125
f 3686/5232/1807 3670/5234/2741 3676/6517/3194
f 3832/4538/2413 4017/6518/3261 3836/5887/3022
f 2367/3850/2036 2341/5103/2684 2350/6519/3262
f 4401/5364/2804 4385/6520/2964 4383/5365/2805
f 1673/5191/2648 1669/6521/3263 1641/6148/3122
f 287/5114/1983 308/6522/3264 295/6523/3265
f 3832/5524/2413 4011/5440/2841 4017/6524/3261
f 3270/6525/1452 3283/6526/2813 3284/6527/2829
f 3637/5376/2807 3642/6528/3191 3676/6328/3194
f 2247/3713/1725 2351/5976/3055 2301/6529/3266
f 3414/5606/2067 3505/5751/2893 3420/6530/2601
f 665/6531/2080 409/6532/2696 413/6533/3267
f 1751/5758/2113 1713/6534/3268 1708/5759/2968
f 3817/6535/2711 3819/6536/3269 3797/6537/2824
f 1662/4397/2333 1837/6538/2700 1663/4398/2334
f 2367/3850/2036 2350/6519/3262 2371/6539/3270
f 2107/3672/1288 2126/4824/2552 2179/6540/3271
f 2107/3672/1288 2179/6540/3271 2175/3673/1942
f 4447/4664/2470 3758/6541/3272 4467/4665/2471
f 4542/5471/2701 4574/5402/2823 4577/6542/3273
f 1986/6543/1970 1955/6544/2536 1962/6545/3274
f 3568/4958/2610 3570/5068/2667 3573/5317/2782
f 711/6546/1284 712/6547/3275 1087/6548/1964
f 1564/6549/2053 1418/6550/2081 1449/6551/3276
f 3778/6552/2069 3779/6553/2574 4458/6554/2830
f 4504/6555/2463 4508/5864/2672 4505/6330/2464
f 3567/6556/1715 3417/6557/2302 3677/6558/3277
f 3694/5776/1816 3696/6559/3278 3675/6362/3208
f 3603/4133/2178 3622/5766/2973 3642/6528/3191
f 1807/4318/1601 1702/4317/2291 1704/5662/2930
f 918/6006/969 920/6008/3068 1302/6560/1532
f 4145/5742/2441 4130/4904/2586 4148/6561/3207
f 1047/6228/1183 820/6562/3279 1048/6563/3280
f 4799/5269/2488 4753/6564/3134 4870/6421/3215
f 4198/4677/2477 4209/6193/3135 4207/6565/3121
f 4574/5402/2823 4575/5957/3046 4576/6312/3186
f 3390/5267/2088 3483/6394/3218 3475/5268/2628
f 1416/5619/1649 1566/5665/2606 1423/6566/3281
f 4578/6567/3282 4579/6568/3283 4580/6569/3284
f 4327/4513/2397 4335/6570/3070 4329/5001/2636
f 4005/4516/2400 4012/5695/2910 4017/6571/3261
f 2190/4086/2149 2214/6437/3235 2242/6165/3127
f 3873/3706/1957 4014/6572/3026 3838/6002/3066
f 287/5114/1983 295/6523/3265 293/5981/3057
f 4565/4120/2169 4510/6573/2879 4515/5851/3007
f 2267/5145/2597 2351/6574/3055 1987/5940/2905
f 4574/5402/2823 4525/6313/3187 4577/6542/3273
f 3612/5998/2422 3577/4999/2635 3594/6575/2803
f 3697/5840/2598 3572/5274/2758 3569/6576/2614
f 4542/6577/2701 4577/6578/3273 4517/6515/3260
f 2259/5721/2253 1877/6579/3285 1956/4869/2572
f 4747/4807/2542 4754/6401/3221 4753/6192/3134
f 3320/4435/2353 3579/6087/3098 3580/6580/3089
f 4174/5078/2426 4147/6581/2788 4134/5079/2671
f 4044/6396/2102 4336/6582/3245 4054/6397/3219
f 3520/6162/1843 3533/6583/3286 3718/6584/3287
f 3792/4076/1857 2352/6585/2738 2353/6586/3288
f 4043/6427/2057 4333/6335/3196 4336/6587/3245
f 2342/5916/2693 2346/6588/2939 2372/5917/2868
f 4543/6589/2361 4518/6590/3289 4519/6591/3290
f 4692/6592/2438 4704/6593/3291 4660/6594/3292
f 2315/6319/1579 2317/6321/2783 2318/6595/3293
f 4269/3502/1861 3939/6014/2994 4279/6060/3088
f 4165/4589/2329 3962/4588/2440 4208/6596/3107
f 4054/6397/3219 4336/6582/3245 4057/6597/3294
f 4370/4422/2344 4378/5011/2642 4412/6124/3114
f 4507/5494/2639 4509/5493/2866 4513/6598/3087
f 4462/4787/2531 4105/6371/3210 4106/6599/3295
f 4856/5794/2792 4863/5506/2871 4885/6026/3075
f 2340/6447/2682 2354/6600/3296 2374/6448/3237
f 2280/4822/1661 2268/6601/2951 2264/5857/3011
f 4143/6602/2698 4516/6374/3211 4520/6603/3297
f 4842/5338/2410 4856/5340/2792 4888/6604/3298
f 4206/6385/1933 4186/6478/3247 4185/6386/3216
f 4092/6155/1945 4103/6157/3124 4094/6605/2246
f 4544/6606/2103 4518/6590/3289 4543/6589/2361
f 57/6047/2425 58/6607/3299 48/6048/3083
f 3279/5170/2594 3309/6608/3054 3292/6609/3300
f 1610/4450/2009 1597/6610/3301 1612/6611/2786
f 3637/5371/2807 3621/6270/2814 3642/6322/3191
f 3520/6162/1843 3718/6584/3287 3531/6163/3126
f 4640/4641/2455 4569/4793/2534 4624/6612/3302
f 4716/6613/3303 4721/6614/3303 4659/6615/3303
f 4252/5080/1425 3905/5082/2569 4234/6616/2900
f 4860/5453/2846 4887/6617/3304 4880/5706/2936
f 3662/3509/1866 3717/6356/3205 3693/6618/2424
f 4675/5513/2398 4655/5481/2863 4661/6619/3305
f 4723/5923/2837 4703/6620/3306 4620/5701/2947
f 2144/6621/1980 2195/6622/2233 2126/6623/2552
f 4356/3761/1987 4280/4432/2350 4388/6098/3104
f 4452/5201/2653 4453/5200/2725 4479/5914/3035
f 3748/5829/2015 3757/6624/3307 3753/5830/2999
f 4846/6255/2489 4809/6625/3308 4867/6256/3159
f 3934/6626/3309 4253/6627/3309 4018/6628/3309
f 4155/4390/1732 4298/6629/3202 4213/6102/3106
f 4853/6252/2765 4866/5943/3042 4869/6630/3182
f 3686/5765/1807 3676/6328/3194 3622/5766/2973
f 1632/4498/2387 1635/6058/3086 1691/6631/3047
f 4886/6632/2656 4880/5706/2936 4887/6617/3304
f 4447/6061/2470 3751/6055/2974 3758/6633/3272
f 4128/4596/1918 4148/6360/3207 4147/6634/2788
f 3350/5614/2519 3352/6635/3032 3328/5615/2913
f 4230/3633/1924 4255/6636/3310 4257/6085/3097
f 4032/3806/1547 4005/4516/2400 4055/6637/3232
f 4660/6638/3292 4763/6639/3311 4662/6640/3312
f 4675/6011/2398 4661/6641/3305 4658/6237/3154
f 3934/5718/2395 4018/6642/3313 3876/5719/2449
f 2266/5530/2252 2158/5532/2880 2259/6643/2253
f 3780/6644/2577 3614/6645/2607 3759/6646/3314
f 1573/3192/1692 1585/4150/2188 1598/6647/3315
f 4889/5588/2901 4702/6648/3316 4697/6244/3157
f 3354/6649/2023 3286/6650/2849 3334/6651/3112
f 4648/6434/2583 4679/6436/3234 4683/6652/3155
f 4689/6653/2857 4717/6309/2990 4698/6268/3169
f 3847/3276/1695 3840/6654/3080 3833/4816/2548
f 1669/6655/3263 1671/6656/3317 1660/6657/3318
f 4864/6658/2626 4755/6659/3319 4894/6660/3161
f 663/6178/2915 531/6661/2914 532/6662/3320
f 3694/3450/1816 3671/5307/2777 3696/6663/3278
f 4796/4567/2430 4803/4942/2603 4832/6664/2876
f 4854/5288/2766 4894/6428/3161 4869/6440/3182
f 4309/3487/1855 4323/4487/2382 4334/6483/3249
f 3876/6665/2449 3882/6666/3321 3880/6667/3010
f 4161/6668/2041 4209/6669/3135 4411/6670/3008
f 4503/6671/2456 4517/6515/3260 4506/6373/2539
f 1661/5534/1908 1664/4791/2481 1668/6187/3132
f 4133/5264/2024 4123/6672/3322 4168/5265/2394
f 3818/6673/2240 3797/6537/2824 3819/6536/3269
f 1683/6674/2310 1699/6675/2418 1595/6676/3145
f 4396/3983/2093 4392/6677/3323 4380/6222/2726
f 3748/5829/2015 3942/6678/3324 3757/6624/3307
f 3303/5778/2389 3341/6221/3147 3280/5107/2687
f 3406/3231/1717 3448/6153/3123 3339/5335/2790
f 533/6679/2197 534/6680/3325 409/6681/2696
f 4428/5814/2180 4476/6682/3153 4446/4605/2446
f 3828/3914/2056 3838/6002/3066 3841/6683/3326
f 4457/4112/2163 3643/6684/2621 3627/6685/2694
f 4397/5010/2641 4416/6686/3327 4412/6124/3114
f 4397/5010/2641 4412/6124/3114 4378/5011/2642
f 4792/4294/2279 4796/4567/2430 4832/6664/2876
f 3319/5995/2154 3325/6687/2697 3291/5996/3063
f 4706/6288/2869 4726/6688/3328 4715/5938/3041
f 4462/4787/2531 4106/6599/3295 4479/6689/3035
f 1571/5795/1607 1592/5797/2985 1633/6690/2775
f 1790/3390/1225 1841/5086/2674 1709/5798/2986
f 2247/3243/1725 2301/6691/3266 2256/5249/2749
f 4120/6692/1928 4454/6693/2742 4121/5444/2731
f 3852/6694/2510 3839/6036/3079 4012/6695/2910
f 2074/4393/2330 2085/5909/3033 2101/6453/3239
f 4804/5286/2409 4838/6696/3050 4814/6403/3222
f 3506/6475/2137 3482/6354/3204 3547/6697/3045
f 3277/6431/2288 2319/6698/2699 2209/6432/3028
f 2232/6227/2520 2216/6699/3329 2207/5250/2750
f 2313/4871/1915 2320/6700/3330 2341/5578/2684
f 4448/4735/2505 4461/5666/2932 4463/6701/3085
f 1611/5796/1803 1599/6702/3331 1592/5797/2985
f 2311/3404/1809 2297/5993/3062 2319/6703/2699
f 2193/4288/2275 2243/6279/3060 2233/5033/2651
f 2120/3911/1764 2096/3918/2065 2098/6704/3332
f 4170/6705/2407 4186/6478/3247 4177/6477/2873
f 3906/6706/2177 4014/6707/3026 3883/6708/3174
f 4503/6671/2456 4542/6577/2701 4517/6515/3260
f 2205/5064/2664 2215/6463/3243 2234/6413/3225
f 1965/6709/2451 1871/6710/2662 1905/6711/3333
f 1986/6543/1970 1962/6545/3274 1954/6712/2506
f 2185/6713/1623 2233/6714/2651 2217/6715/3334
f 3371/5122/2281 2355/6716/3335 2340/5818/2682
f 2194/4374/2320 2246/6451/3238 2226/4502/2390
f 2282/5990/1872 2296/5992/3061 2324/6430/2997
f 4456/6717/2328 4475/6291/2666 3645/6290/2993
f 4505/6330/2464 4508/5864/2672 4511/5754/2966
f 2281/3258/1634 2295/5065/2665 2321/6718/2221
f 4647/4897/2582 4679/6719/3234 4681/6720/3336
f 2073/4574/2280 2103/6721/3229 2127/6201/3140
f 4478/5540/2771 4474/5539/2885 4472/5806/2984
f 3612/4552/2422 3594/6722/2803 3616/4993/2631
f 4268/3732/1610 4270/3734/1973 4300/6342/3199
f 282/3575/1626 8/3574/1896 9/6349/3201
f 4144/5551/2114 4143/5550/2698 4531/6723/3337
f 4280/6724/2350 4254/6725/3136 4236/6726/3338
f 6/3552/1883 11/6727/3339 12/6728/3340
f 1637/4882/2061 2085/5909/3033 2075/4481/2379
f 4720/6729/3341 4727/6730/3341 4721/6731/3341
f 3288/5576/2894 2210/5585/2899 2219/6732/3342
f 3469/6733/2186 3475/6734/2628 3484/6735/3343
f 665/6531/2080 413/6533/3267 533/6679/2197
f 3544/3765/1989 3546/6736/2772 3547/6737/3045
f 4865/5589/2902 4697/6244/3157 4757/6738/2961
f 2094/5428/2834 2100/5595/2906 2088/6739/3258
f 4133/5009/2024 4100/5008/2640 4107/6740/3344
f 2267/6741/2597 2268/6742/2951 2351/5976/3055
f 3604/4140/2183 3642/6322/3191 3633/4405/2337
f 3792/4076/1857 2353/6586/3288 2348/6347/3200
f 4878/6280/2647 4887/6743/3304 4862/5488/2865
f 2267/6741/2597 2318/6744/3293 2268/6742/2951
f 398/3736/1975 409/6745/2696 410/6746/3345
f 4472/6235/2984 4476/6234/3153 3763/6747/3259
f 4076/6137/2045 4053/6139/3120 4010/6748/2690
f 2367/4874/2036 2371/6749/3270 2347/5815/2992
f 4692/6592/2438 4660/6594/3292 4680/6750/2884
f 4328/4847/2497 4355/4830/2555 4335/6570/3070
f 4276/5164/2560 4275/5119/2691 4238/6751/3346
f 3853/5745/2055 3834/5744/2707 3842/6752/3171
f 1994/5683/795 2008/6753/3347 2007/5684/2940
f 4790/4179/2201 4857/4386/2327 4795/4517/2401
f 1591/6754/2442 1691/6755/3047 1642/6756/3348
f 4045/4049/2128 4050/5284/2763 4347/6757/2851
f 3561/4666/2472 3580/6580/3089 3579/6087/3098
f 1869/4087/2150 1873/6758/3349 1835/5944/2462
f 4384/6099/2889 4414/6759/3185 4415/6760/2980
f 4098/4734/2499 4463/6701/3085 4461/5666/2932
f 3477/5727/2842 2354/6600/3296 2355/6761/3335
f 4467/4665/2471 3758/6541/3272 4450/6762/2616
f 281/2924/1506 282/3090/1626 296/6763/3350
f 4449/6154/2587 4121/5444/2731 4454/6693/2742
f 4882/5942/2924 4869/6630/3182 4866/5943/3042
f 4873/5194/2722 4814/6403/3222 4888/6764/3298
f 1550/6284/1360 1424/6765/3248 1422/6285/3175
f 4851/6418/2733 4868/6249/3160 4890/6766/3162
f 4469/5331/2372 4446/4605/2446 4476/6682/3153
f 4753/6767/3134 4754/6768/3221 4756/6769/3351
f 2230/5546/2495 2234/6413/3225 2201/5547/2596
f 4437/4331/2300 4478/6388/2771 4454/5236/2742
f 3784/4911/2588 3783/6770/3352 3749/5282/2762
f 4849/5604/2721 4892/6771/3150 4881/5605/2911
f 4505/6330/2464 4511/5754/2966 4521/6772/3353
f 3420/6773/2601 3505/6355/2893 3482/6354/3204
f 398/3736/1975 407/6072/3094 537/5764/2972
f 4864/6658/2626 4757/6774/2961 4777/6775/3354
f 4432/6776/2229 4464/6777/2528 3626/6778/2818
f 1699/4850/2418 1687/5763/2971 1692/6779/3355
f 406/6780/1714 415/6781/3356 308/6522/3264
f 3633/4405/2337 3642/6322/3191 3621/6270/2814
f 3475/5268/2628 3483/6394/3218 3508/6782/3357
f 4798/4690/2482 4803/6783/2603 4831/6326/3064
f 1425/6784/1719 1563/6785/1784 1424/6786/3248
f 1662/4397/2333 1665/5741/2962 1670/6787/3358
f 6/3552/1883 214/6788/3359 11/6727/3339
f 4578/6567/3282 4581/6789/3360 4579/6568/3283
f 4803/6790/2603 4833/6791/3361 4832/6792/2876
f 1923/5656/2927 1900/6793/3362 1899/5657/2928
f 3442/6105/1490 3425/6106/3108 3427/6794/3363
f 4205/5906/2558 4178/6795/2925 4181/5907/3031
f 4505/6330/2464 4583/6796/3364 4515/6331/3007
f 3857/6797/2979 3858/6798/3365 3839/6036/3079
f 4397/5072/2641 4379/5071/2668 4416/6799/3327
f 524/4408/1946 1421/4407/2338 535/6800/3366
f 4396/4880/2093 4390/6383/3129 4392/6801/3323
f 4846/5113/2489 4870/6384/3215 4809/6802/3308
f 163/6803/1303 58/6607/3299 57/6047/2425
f 2333/3788/2002 2347/5815/2992 2346/5681/2939
f 2273/2813/1429 2218/6414/3226 2222/6422/3230
f 3829/6804/2074 3489/6805/3367 3817/6806/2711
f 2341/5103/2684 2349/6390/3020 2350/6519/3262
f 4464/6049/2528 3760/6034/3078 3626/6338/2818
f 4889/6807/2901 4777/6808/3354 4702/6809/3316
f 4684/6810/3368 4682/6811/3369 4663/6812/3370
f 4889/6813/2901 4776/6814/2944 4777/6815/3354
f 4798/4690/2482 4833/6816/3361 4803/6783/2603
f 2340/6447/2682 2355/6761/3335 2354/6600/3296
f 4678/6435/2638 4662/6817/3312 4679/6436/3234
f 1041/6818/1237 2/3355/1600 681/6819/3371
f 4707/5556/2799 4700/6820/3231 4696/6232/3152
f 3632/4765/2232 3644/6821/2793 3582/6062/2779
f 4857/5379/2327 4892/6229/3150 4871/6822/3372
f 4579/6568/3283 4582/6823/3373 4580/6569/3284
f 1673/5191/2648 1671/6824/3317 1669/6521/3263
f 3721/5624/2432 3746/6825/2491 3673/5625/2917
f 398/3736/1975 537/5764/2972 409/6745/2696
f 2212/5462/2852 2086/6000/3065 2089/6826/3177
f 1949/4065/2139 1959/5705/2949 1963/6827/3374
f 4149/3648/1759 4144/4023/2114 4531/6828/3337
f 3664/3718/1963 3669/6829/2604 3695/4354/2312
f 1629/4099/2158 1657/6830/3375 1636/6343/3181
f 4848/6407/2712 4890/6831/3162 4868/6408/3160
f 406/6780/1714 308/6522/3264 287/5114/1983
f 3575/5389/2815 3592/6507/2996 3422/6324/2912
f 3852/6694/2510 3857/6797/2979 3839/6036/3079
f 4047/4425/2346 4054/6397/3219 4058/6832/3376
f 3639/6833/1974 3760/6834/3078 3756/6835/3178
f 4756/6769/3351 4758/6836/3377 4759/6837/3378
f 5/3377/1647 6/3552/1883 12/6728/3340
f 4677/6238/2769 4658/6237/3154 4700/6838/3231
f 4133/5009/2024 4107/6740/3344 4123/6839/3322
f 3303/5778/2389 3310/6840/2859 3341/6221/3147
f 2232/4766/2520 2197/4768/2522 2240/6841/3379
f 4323/4586/2382 4374/4585/2439 4413/6439/3009
f 166/3263/1551 289/3944/2077 14/6842/3380
f 4353/5835/2533 4329/5001/2636 4355/4830/2555
f 4206/6385/1933 4204/5904/2855 4186/6478/3247
f 4742/6843/2399 4661/6844/3305 4669/6845/3381
f 3370/4068/2140 3428/6846/3382 3433/6847/3383
f 1869/5489/2150 1842/6375/3212 1844/6848/3384
f 3468/6849/1907 3485/6850/3385 3473/5935/2336
f 4210/4427/2347 3943/6109/3109 4104/6172/3118
f 3906/6706/2177 3856/6851/3025 4014/6707/3026
f 2343/6852/1961 2345/6853/2304 2351/6574/3055
f 4617/5238/2744 4620/5701/2947 4703/6620/3306
f 3507/5608/2224 3530/5607/2365 3420/6854/2601
f 3318/4272/2267 3334/6120/3112 3330/6333/3006
f 4856/5340/2792 4885/6420/3075 4888/6604/3298
f 4722/6855/3386 4703/6856/3386 4723/6857/3386
f 3693/6858/2424 3699/6859/3015 3529/5196/2724
f 4443/5420/2417 4458/5419/2830 4476/6234/3153
f 4760/6860/3387 4894/6660/3161 4755/6659/3319
f 4515/6861/3007 4583/6862/3364 4584/6863/3388
f 4860/5453/2846 4893/6864/3389 4887/6617/3304
f 4005/4516/2400 4017/6571/3261 4055/6637/3232
f 1982/5279/2248 2269/6865/3115 1985/6456/2860
f 4706/5517/2869 4657/5516/2875 4699/6866/3390
f 4845/5112/2688 4891/6867/2948 4870/6384/3215
f 3507/6476/2224 3420/6773/2601 3482/6354/3204
f 4054/6397/3219 4057/6597/3294 4058/6832/3376
f 3409/3589/1901 3443/6151/2728 3446/4940/2602
f 1416/5619/1649 1423/6566/3281 1417/5620/2916
f 4692/5712/2438 4728/5714/2953 4704/6868/3291
f 4781/6869/2526 4658/6237/3154 4661/6641/3305
f 3782/5138/2199 3935/5700/2708 3781/6870/3192
f 3748/6871/2015 3960/6872/2196 3942/6873/3324
f 3817/6806/2711 3489/6805/3367 3819/6874/3269
f 4457/4112/2163 3623/5779/2978 3643/6684/2621
f 3370/4068/2140 3433/6847/3383 3391/5848/2882
f 4102/6875/2565 3943/6876/3109 3937/6877/2858
f 3371/5122/2281 3394/6878/3391 2355/6716/3335
f 2185/6713/1623 2217/6715/3334 2218/6879/3226
f 1566/5665/2606 539/5664/2931 1423/6566/3281
f 4169/4598/2396 4183/6068/3092 4187/6880/3392
f 4653/6881/2811 4704/6882/3291 4710/6883/2812
f 4873/5457/2722 4888/6604/3298 4885/6420/3075
f 1984/4870/2227 1956/4869/2572 1877/6579/3285
f 4886/5187/2656 4872/6884/3393 4871/6822/3372
f 1421/4407/2338 1448/6885/3244 535/6800/3366
f 3956/6886/2064 4208/6596/3107 4188/6887/3394
f 4365/4557/2193 4370/4422/2344 4382/5312/2780
f 4679/6719/3234 4662/6888/3312 4681/6720/3336
f 2197/4768/2522 2203/5031/2649 2240/6841/3379
f 2230/4707/2495 2202/4997/2634 2234/6889/3225
f 3593/6890/2239 3672/6891/2669 3697/5840/2598
f 2199/5171/2547 3279/5170/2594 3292/6609/3300
f 2202/4997/2634 2235/6892/3069 2234/6889/3225
f 283/3300/1757 292/4610/2447 179/6893/3395
f 3877/6894/2809 3884/6895/3396 3910/6896/2969
f 4580/6569/3284 4585/6897/3397 4584/6863/3388
f 3690/3812/1926 3529/5196/2724 3699/6859/3015
f 4121/6898/2731 4108/6899/3398 4122/6900/3125
f 4376/5253/2580 4381/5252/2751 4405/5911/2872
f 4321/4329/2299 4062/6901/2325 4351/5601/2368
f 48/6048/3083 58/6607/3299 59/6902/3399
f 2258/5346/2795 2176/5345/2794 2158/6903/2880
f 1355/6904/1771 1356/6905/3400 1357/6906/3082
f 4655/5481/2863 4683/6240/3155 4661/6619/3305
f 3956/4592/2064 4188/6907/3394 3929/4593/2104
f 4417/6908/2109 4418/6909/3029 4420/6910/3401
f 4592/6911/3402 4810/6912/3403 4811/6913/3404
f 3304/5116/2686 3338/6914/3149 3308/5117/2689
f 4520/6915/3297 4527/6916/3405 4531/6723/3337
f 4778/6917/2512 4647/6918/2582 4681/6919/3336
f 3418/4411/2339 3428/6920/3382 3481/6412/2567
f 4004/6921/2244 4020/6922/3406 4077/6923/2535
f 3782/6924/2199 3783/6925/3352 3761/6926/3407
f 2176/6927/2794 2159/6928/3408 2158/6929/2880
f 4811/6930/3404 4586/6931/3409 4587/6932/3410
f 2256/5249/2749 2269/6126/3115 2257/5413/2826
f 1610/4450/2009 1588/4452/2359 1593/5873/3018
f 4570/5653/2553 4602/5839/3003 4576/6933/3186
f 1872/6934/2357 1845/6935/3411 1876/6936/3412
f 3472/4892/2259 3509/6937/3413 3511/5533/2881
f 4384/6099/2889 4388/6098/3104 4414/6759/3185
f 4015/6938/2245 3909/6939/3128 3885/6940/2752
f 2315/6319/1579 2318/6595/3293 2267/6941/2597
f 4860/5453/2846 4879/5464/2853 4893/6864/3389
f 724/2844/1449 1092/6942/3414 1091/5262/2756
f 3907/6943/2268 3880/6667/3010 3877/6944/2809
f 3391/5535/2882 3297/6945/3415 3377/5536/2883
f 4015/6938/2245 3910/6946/2969 3909/6939/3128
f 3711/5015/2011 3708/4650/2459 3722/6341/3198
f 396/3315/1244 403/4716/2498 408/6131/3117
f 3446/5328/2602 3537/6947/3416 3546/5329/2772
f 4371/4488/2383 4283/6948/3417 4372/4489/2384
f 2079/5303/1832 1633/5302/2775 1639/6949/3418
f 4132/6372/2412 4516/6374/3211 4143/6602/2698
f 3587/4543/2416 3578/6073/2827 3591/5024/2646
f 4515/6861/3007 4584/6863/3388 4585/6897/3397
f 394/3512/1593 408/6131/3117 433/6950/3419
f 4458/6554/2830 3762/6951/3420 3763/6952/3259
f 2076/6365/2111 2078/6953/2530 2091/6954/3421
f 2375/3539/1878 2044/3986/2095 2362/6955/3422
f 3588/5770/2516 3574/5319/2784 3589/5771/2835
f 536/6956/3423 527/6957/3423 1354/6958/3423
f 3961/6959/2393 3940/5827/2998 3933/4540/2414
f 4540/5753/1827 4521/6772/3353 4511/5754/2966
f 3618/6960/2645 3620/5356/2800 3619/6961/2797
f 4203/5422/2831 4186/6478/3247 4204/5904/2855
f 4012/6695/2910 3839/6036/3079 3836/5887/3022
f 4477/6962/2843 3758/6541/3272 3751/6963/2974
f 3616/5834/2631 3594/6964/2803 3572/5274/2758
f 3565/4739/2508 3589/5771/2835 3574/5319/2784
f 4680/6750/2884 4660/6594/3292 4662/6817/3312
f 1611/5796/1803 1658/6965/3424 1600/6966/3425
f 3444/6171/2903 3424/6170/2965 3537/6967/3416
f 4449/4906/2587 4454/6968/2742 4478/6969/2771
f 1608/4057/1893 1601/6970/3426 1690/5467/2856
f 4456/4387/2328 3645/6971/2993 3617/4996/2633
f 4450/6762/2616 3758/6541/3272 4477/6962/2843
f 4580/6569/3284 4582/6823/3373 4585/6897/3397
f 4886/5187/2656 4892/6229/3150 4849/5188/2721
f 3302/4484/2021 3311/6972/3073 3307/5871/3016
f 4778/6917/2512 4681/6919/3336 4664/6973/3427
f 4458/5419/2830 3763/6747/3259 4476/6234/3153
f 277/6974/1296 293/6975/3057 426/6976/3428
f 2226/4502/2390 2246/6451/3238 2215/6977/3243
f 3475/6734/2628 3508/6978/3357 3484/6735/3343
f 3779/6553/2574 3762/6951/3420 4458/6554/2830
f 3782/5138/2199 3764/6979/3429 3783/6980/3352
f 5/3748/1647 12/6981/3340 9/6349/3201
f 4468/6982/1795 4479/6689/3035 4106/6599/3295
f 4161/4678/2041 4207/6377/3121 4209/6983/3135
f 3853/5745/2055 3842/6752/3171 3854/6984/2706
f 4540/6985/1827 4512/5837/3002 4543/4455/2361
f 4321/4350/2299 4322/4349/2309 4062/6986/2325
f 2154/6987/1871 2208/6988/3019 2177/6989/3141
f 3782/6924/2199 3761/6926/3407 3746/6825/2491
f 1810/6472/2007 1842/6990/3212 1684/6991/2504
f 3619/6961/2797 3620/5356/2800 3752/6992/2991
f 4270/3734/1973 4301/6993/3251 4300/6342/3199
f 3618/6960/2645 3623/5779/2978 3620/5356/2800
f 166/3354/1551 300/6994/3430 2/3355/1600
f 1340/2727/1374 1343/3248/1729 971/5800/2987
f 3473/5935/2336 3485/6850/3385 3503/5936/2730
f 1837/6995/2700 1873/6996/3349 1845/6935/3411
f 3962/6997/2440 3944/6998/3431 4188/6907/3394
f 3961/6959/2393 3933/4540/2414 3945/6999/3432
f 3610/4935/2362 3582/7000/2779 3625/5841/3004
f 2079/5303/1832 1639/6949/3418 1640/7001/3433
f 4722/7002/3434 4621/7003/3434 4703/7004/3434
f 4763/7005/3311 4628/7006/3435 4662/7007/3312
f 3962/6997/2440 3937/6877/2858 3944/6998/3431
f 3617/4996/2633 3645/6971/2993 3640/6030/3077
f 4275/7008/2691 4237/7009/3436 4238/7010/3346
f 4317/4016/2112 4257/7011/3097 4241/6260/3166
f 4659/6442/3236 4663/6812/3370 4665/7012/3437
f 4579/6568/3283 4581/6789/3360 4582/6823/3373
f 4012/6695/2910 3836/5887/3022 4017/6518/3261
f 409/6532/2696 537/7013/2972 413/6533/3267
f 3747/4919/2592 3781/6325/3192 3935/7014/2708
f 4886/7015/2656 4887/7016/3304 4872/7017/3393
f 4763/6639/3311 4682/7018/3369 4666/7019/3438
f 4659/6442/3236 4684/6810/3368 4663/6812/3370
f 3545/5691/1761 3445/5693/2943 3534/7020/3439
f 4757/7021/2961 4697/7022/3157 4702/6809/3316
f 4307/4348/1845 4337/7023/3188 4322/4349/2309
f 3664/5075/1963 3710/4977/2622 3716/7024/3440
f 394/3042/1593 433/7025/3419 402/4438/2354
f 4667/7026/3441 4690/7027/2774 4699/7028/3227
f 4468/5035/1795 4452/5037/2653 4479/7029/3035
f 2366/4111/2101 2339/5059/2660 2376/7030/3442
f 4100/5881/2640 4134/5880/2671 4147/7031/2788
f 3903/4743/2511 3904/4961/2611 3879/7032/2945
f 3784/7033/2588 3640/7034/3077 3624/7035/2791
f 1812/4849/2525 1693/7036/3443 1687/5763/2971
f 4170/6705/2407 4185/6386/3216 4186/6478/3247
f 3960/5368/2196 3747/4919/2592 3935/7014/2708
f 1871/6710/2662 1846/7037/3444 1905/6711/3333
f 3779/6553/2574 3754/6054/3084 3765/7038/3445
f 4810/7039/3403 4586/6931/3409 4811/6930/3404
f 4355/4830/2555 4329/5001/2636 4335/6570/3070
f 4881/5920/2911 4892/7040/3150 4883/5921/3036
f 1641/7041/3122 1669/6655/3263 1657/6830/3375
f 3877/6894/2809 3886/7042/3446 3884/6895/3396
f 3501/4891/2509 3481/6166/2567 3509/7043/3413
f 3779/6553/2574 3751/6055/2974 3754/6054/3084
f 3961/6959/2393 3946/7044/3447 3947/7045/3189
f 3962/4588/2440 4188/6887/3394 4208/6596/3107
f 3721/7046/2432 3951/7047/2956 3746/7048/2491
f 3754/6054/3084 3756/6296/3178 3765/7038/3445
f 4742/6843/2399 4781/7049/2526 4661/6844/3305
f 4407/6009/2460 4419/7050/3448 4387/5926/3037
f 1420/6465/2935 2566/7051/3449 1448/6466/3244
f 3664/5075/1963 3716/7024/3440 3669/7052/2604
f 4842/7053/2410 4888/6764/3298 4814/6403/3222
f 1872/6934/2357 1837/6995/2700 1845/6935/3411
f 4742/6843/2399 4669/6845/3381 4761/7054/3450
f 530/6179/1513 663/6178/2915 532/6662/3320
f 4694/5724/2955 4719/7055/3163 4709/5731/2958
f 4757/7021/2961 4702/6809/3316 4777/6808/3354
f 1101/7056/1215 713/7057/3451 1089/7058/2225
f 3779/6553/2574 3766/7059/3452 3762/6951/3420
f 4007/4028/2117 4052/5737/2960 4055/6425/3232
f 4480/7060/2559 3626/5394/2818 4470/5393/2817
f 3933/4540/2414 3969/5083/2448 3945/6999/3432
f 4753/6767/3134 4756/6769/3351 4762/7061/3453
f 3856/7062/3025 3838/6002/3066 4014/6572/3026
f 4879/5650/2853 4862/5488/2865 4893/7063/3389
f 3416/4908/2115 3528/4820/2550 3445/5693/2943
f 4143/5550/2698 4520/6915/3297 4531/6723/3337
f 283/3300/1757 179/6893/3395 294/6492/3254
f 4852/5270/2757 4870/6421/3215 4891/5703/2948
f 4544/5027/2103 4513/6059/3087 4514/6287/3176
f 1994/5683/795 2005/7064/2212 2008/6753/3347
f 4753/7065/3134 4809/6802/3308 4870/6384/3215
f 4613/4982/2624 4703/7066/3306 4621/5781/2874
f 3566/7067/3454 3581/7068/3454 3582/7069/3454
f 4680/5723/2884 4719/7055/3163 4694/5724/2955
f 1810/6472/2007 1694/7070/3455 1842/6990/3212
f 4653/6443/2811 4665/7012/3437 4660/7071/3292
f 749/4550/2420 750/7072/3456 1130/4551/2421
f 4886/5187/2656 4871/6822/3372 4892/6229/3150
f 4231/4280/2271 4281/6065/3090 4254/6195/3136
f 1254/7073/1369 1130/4551/2421 750/7072/3456
f 4648/7074/2583 4683/6240/3155 4725/7075/2888
f 4210/7076/2347 4104/6132/3118 4182/7077/3091
f 3749/7078/2762 3783/6980/3352 3756/6835/3178
f 3818/4233/2240 3819/6874/3269 3798/5690/2942
f 4432/6776/2229 3626/6778/2818 4480/7079/2559
f 4862/5488/2865 4887/6743/3304 4893/7063/3389
f 4540/5753/1827 4522/7080/3457 4521/6772/3353
f 3643/6684/2621 3623/5779/2978 3618/6960/2645
f 1984/6454/2227 1989/7081/3458 1961/6455/3240
f 3908/7082/2475 3909/7083/3128 3887/7084/3459
f 4170/6705/2407 4183/6068/3092 4185/6386/3216
f 3923/5579/1786 3750/7085/2778 3938/5580/2896
f 3424/6170/2965 3547/7086/3045 3537/6967/3416
f 4678/6435/2638 4719/7087/3163 4662/6817/3312
f 4505/6330/2464 4521/6772/3353 4583/6796/3364
f 3875/3925/2068 3716/7088/3440 3713/5503/2870
f 1080/7089/1307 674/7090/3014 675/7091/3460
f 4179/5874/1646 3940/5876/2998 3936/6369/2819
f 1699/4850/2418 1692/6779/3355 1689/6474/3246
f 1822/2494/1235 1847/7092/3461 1834/3691/1950
f 3545/5691/1761 3534/7020/3439 3535/7093/3462
f 4616/5237/2743 4617/5238/2744 4623/7094/3463
f 4100/5881/2640 4147/7031/2788 4135/7095/3464
f 3469/6733/2186 3484/6735/3343 3509/7096/3413
f 4724/7097/3465 4696/7098/3465 4700/7099/3465
f 400/4328/2298 537/6022/2972 405/5091/2677
f 3569/6576/2614 3572/5274/2758 3594/6964/2803
f 4407/4652/2460 4391/6183/3131 4419/7100/3448
f 1848/7101/3466 1667/7102/3466 1877/7103/3466
f 295/6523/3265 308/6522/3264 309/7104/3467
f 3711/5015/2011 3722/6341/3198 3723/6340/2890
f 4715/6267/3041 4726/7105/3328 4698/6268/3169
f 4710/7106/2812 4704/7107/3291 4695/7108/3039
f 3710/4977/2622 3713/7109/2870 3716/7024/3440
f 4165/4589/2329 4208/6596/3107 4211/7110/3012
f 4616/5237/2743 4623/7094/3463 4639/6063/3059
f 3622/5766/2973 3676/6328/3194 3642/6528/3191
f 4878/6280/2647 4895/7111/3228 4887/6743/3304
f 4653/6881/2811 4660/7112/3292 4704/6882/3291
f 2366/4000/2101 2356/7113/3468 2336/4243/2247
f 3573/5317/2782 3575/5389/2815 3422/6324/2912
f 1602/7114/3469 1642/7115/3348 1691/6631/3047
f 4350/6289/2832 4332/6090/3099 4333/6335/3196
f 2283/3541/1879 2324/5825/2997 2323/6259/3165
f 4010/5439/2690 4020/6922/3406 4011/5440/2841
f 1568/5571/1460 1415/5573/2892 1426/7116/3470
f 3325/5979/2697 3328/6445/2913 3352/6220/3032
f 3342/7117/2392 3592/6346/2996 3339/6345/2790
f 4684/7118/3368 4668/7119/3471 4682/7120/3369
f 1835/4656/2462 1873/7121/3349 1674/7122/3472
f 1568/5571/1460 1426/7116/3470 1420/5673/2935
f 4297/7123/2599 4277/7124/2798 4278/7125/2623
f 4178/6795/2925 4207/6377/3121 4181/5907/3031
f 3416/4024/2115 3445/7126/2943 3443/5205/2728
f 3794/7127/1897 3799/7128/3473 2352/7129/2738
f 4787/3623/1916 4837/7130/3474 4602/5839/3003
f 1564/6549/2053 1449/6551/3276 531/7131/2914
f 3876/6665/2449 3881/7132/3220 3882/6666/3321
f 1662/4397/2333 1674/7133/3472 1837/6538/2700
f 3611/4519/2402 3582/6062/2779 3581/6092/2967
f 4842/4532/2410 4814/7134/3222 4895/6417/3228
f 2314/7135/2257 2298/7136/3475 2341/5578/2684
f 3749/7078/2762 3756/6835/3178 3760/6834/3078
f 1303/6484/1258 968/7137/3476 924/7138/3477
f 4278/4978/2623 4277/7139/2798 4382/5312/2780
f 3693/7140/3478 3529/7141/3478 3527/7142/3478
f 4371/6112/2383 4383/5365/2805 4385/6520/2964
f 3469/4147/2186 3509/7143/3413 3478/5478/2861
f 3593/6890/2239 3697/5840/2598 3569/6576/2614
f 3582/7000/2779 3644/5344/2793 3625/5841/3004
f 3528/4820/2550 3534/7020/3439 3445/5693/2943
f 4297/5375/2599 4422/5374/2808 4193/7144/3479
f 3390/5548/2088 3377/5536/2883 3382/7145/3480
f 524/4408/1946 535/6800/3366 538/7146/3481
f 4540/5357/1827 4501/5359/2358 4512/7147/3002
f 4640/7148/2455 4624/7149/3302 4622/7150/3224
f 3856/7062/3025 3855/7151/3482 3838/6002/3066
f 3576/5477/2543 3591/5024/2646 3578/6073/2827
f 3565/4739/2508 3590/5838/2806 3589/5771/2835
f 4689/5469/2857 4726/7152/3328 4699/6416/3227
f 4689/6653/2857 4698/6268/3169 4726/7105/3328
f 4725/7153/2888 4693/5669/2933 4708/7154/2907
f 3838/6002/3066 3855/7151/3482 3841/6683/3326
f 1673/5191/2648 1668/6187/3132 1671/6824/3317
f 2231/6217/2450 2245/6216/3144 2244/7155/3048
f 2290/6038/2266 2372/7156/2868 2339/6039/2660
f 4169/4598/2396 4187/6880/3392 4212/7157/3023
f 1837/7158/2700 1674/7122/3472 1873/7121/3349
f 4121/6898/2731 3938/7159/2896 4108/6899/3398
f 3392/6129/2087 3477/5443/2842 2355/7160/3335
f 3668/6044/2576 3676/6517/3194 3670/5234/2741
f 4754/6768/3221 4758/6836/3377 4756/6769/3351
f 4277/7124/2798 4420/7161/3401 4418/7162/3029
f 4277/7124/2798 4282/7163/3483 4420/7161/3401
f 4540/5753/1827 4519/6591/3290 4522/7080/3457
f 2225/4747/2434 2236/7164/3139 2237/6261/3167
f 4752/7165/2753 4758/6836/3377 4754/6768/3221
f 3833/4816/2548 3840/6654/3080 3837/5913/3034
f 4778/7166/2512 4664/7167/3427 4669/7168/3381
f 4763/7169/3484 4666/7170/3484 4628/7171/3484
f 3290/7172/3052 3293/7173/3485 3309/6608/3054
f 3671/5307/2777 3674/6110/3103 3696/6663/3278
f 2199/5171/2547 3292/6609/3300 3281/7174/2801
f 1836/7175/1245 1925/7176/3486 1874/7177/1889
f 2338/5040/2654 2350/6519/3262 2349/6390/3020
f 3472/4261/2259 3479/5600/2909 3509/7143/3413
f 2228/5235/2513 2237/7178/3167 2211/6269/3170
f 3391/5535/2882 3433/7179/3383 3297/6945/3415
f 3465/6353/1864 3510/7180/3197 3486/7181/3487
f 3465/6353/1864 3486/7181/3487 3482/6354/3204
f 4379/5071/2668 4412/6361/3114 4416/6799/3327
f 4540/5753/1827 4543/6589/2361 4519/6591/3290
f 1602/7114/3469 1605/7182/3488 1643/7183/3489
f 1982/5279/2248 1964/7184/3490 1958/5280/2761
f 3520/6162/1843 3693/7185/3491 3527/6491/2541
f 3697/7186/2598 3672/5777/2669 3675/6362/3208
f 3480/5348/2796 3483/7187/3218 3379/5872/3017
f 3960/6872/2196 3935/7188/2708 3948/7189/3492
f 3390/5548/2088 3382/7145/3480 3483/7190/3218
f 3501/4740/2509 3509/7191/3413 3510/6336/3197
f 3289/5577/2895 2219/6732/3342 2243/5989/3060
f 2259/5721/2253 2158/7192/2880 1877/6579/3285
f 4580/6569/3284 4584/6863/3388 4588/7193/3493
f 4090/4980/1826 4109/7194/3494 4190/6351/3203
f 3520/6162/1843 3527/6491/2541 3532/6490/3253
f 711/6546/1284 1089/7058/2225 712/6547/3275
f 3576/5883/2543 3578/5415/2827 3421/5884/2746
f 2096/5924/2065 2099/5593/2904 2098/7195/3332
f 3708/6499/2459 3531/6167/3126 3722/7196/3198
f 2155/4356/2313 1848/5465/2854 2156/4699/2490
f 3746/6825/2491 3761/6926/3407 3767/7197/3495
f 4760/6860/3387 4758/6836/3377 4894/6660/3161
f 1872/4761/2357 1846/7037/3444 1843/6488/3252
f 11/6727/3339 214/6788/3359 13/7198/3496
f 1591/6754/2442 1642/6756/3348 1689/7199/3246
f 4260/5222/2735 4065/7200/3497 4331/5821/2995
f 3835/5391/2816 3837/5913/3034 3540/7201/3498
f 4662/7007/3312 4628/7006/3435 4681/6919/3336
f 4372/6501/2384 4283/7202/3417 4281/6502/3090
f 1812/4849/2525 1688/6327/3193 1693/7036/3443
f 2085/5909/3033 2102/7203/3499 2101/6453/3239
f 1869/4087/2150 1844/7204/3384 1873/6758/3349
f 2314/7135/2257 2299/7205/3500 2298/7136/3475
f 2083/5774/2977 1658/7206/3255 2087/7207/3173
f 2195/6622/2233 2127/7208/3140 2126/6623/2552
f 4417/6908/2109 4420/6910/3401 4410/7209/3053
f 3755/6070/3093 3765/7038/3445 3756/6296/3178
f 3746/6825/2491 3767/7197/3495 3673/5625/2917
f 3905/6398/2569 3881/6400/3220 4018/6642/3313
f 2225/4575/2434 2127/6201/3140 2236/6200/3139
f 2339/6039/2660 2372/7156/2868 2346/7210/2939
f 3375/5090/2676 3394/7211/3391 3381/7212/3051
f 4780/5967/2715 4724/5966/2887 4700/6838/3231
f 1965/7213/2451 1905/7214/3333 1877/6579/3285
f 1835/4656/2462 1674/7122/3472 1664/4688/2481
f 4864/6658/2626 4777/6775/3354 4755/6659/3319
f 3780/6644/2577 3752/7215/2991 3620/7216/2800
f 2079/5303/1832 1640/7001/3433 1644/7217/3233
f 3309/6608/3054 3293/7173/3485 3292/6609/3300
f 4214/5846/2760 4182/7077/3091 4104/6132/3118
f 4057/6597/3294 4080/7218/3501 4058/6832/3376
f 4347/6089/2851 4333/6335/3196 4332/6090/3099
f 3961/6959/2393 3936/7219/2819 3940/5827/2998
f 2339/5059/2660 2346/7220/2939 2373/7221/3502
f 2082/5773/2976 1658/7206/3255 2083/5774/2977
f 714/7222/1648 1091/7223/2756 715/7224/3503
f 4521/6772/3353 4523/7225/3504 4583/6796/3364
f 4626/7226/3505 4667/7026/3441 4699/7028/3227
f 4188/6907/3394 3944/6998/3431 3970/7227/3506
f 1573/3192/1692 1598/6647/3315 1596/6404/3223
f 1839/5900/2934 1877/7228/3285 1667/5680/2938
f 3753/5830/2999 3765/7038/3445 3755/6070/3093
f 3709/7229/2670 3668/7230/2576 3717/7231/3205
f 3351/5899/2157 3330/6333/3006 3334/6120/3112
f 4336/6582/3245 4080/7218/3501 4057/6597/3294
f 281/2924/1506 185/7232/3507 289/3944/2077
f 3837/5913/3034 3541/7233/3508 3540/7201/3498
f 3481/6166/2567 3511/7234/2881 3509/7043/3413
f 4857/4386/2327 4812/7235/3509 4795/4517/2401
f 2206/5095/2681 2234/6413/3225 2235/6010/3069
f 3544/3765/1989 3547/6737/3045 3536/7236/3510
f 2339/5059/2660 2373/7221/3502 2376/7030/3442
f 3782/5138/2199 3781/6870/3192 3764/6979/3429
f 4509/5510/2866 4514/6287/3176 4513/6059/3087
f 4386/7237/2363 4323/4586/2382 4413/6439/3009
f 4639/7238/3059 4623/7239/3463 4641/7240/3511
f 3673/5625/2917 3752/7215/2991 3768/7241/3512
f 4884/5969/2643 4868/6249/3160 4867/6248/3159
f 4682/7120/3369 4668/7119/3471 4625/7242/3513
f 1629/4099/2158 1838/5032/2650 1657/6830/3375
f 4173/6156/2658 4190/7243/3203 4103/6157/3124
f 4517/6515/3260 4577/6578/3273 4524/7244/3514
f 4516/6374/3211 4517/6515/3260 4524/7244/3514
f 3478/5478/2861 3509/7143/3413 3479/5600/2909
f 3958/6095/3102 3959/6186/3013 3941/6185/3005
f 4647/4897/2582 4683/7245/3155 4679/6719/3234
f 3785/7246/2366 3762/6951/3420 3766/7059/3452
f 2239/6215/2214 2304/7247/3515 2245/6216/3144
f 4680/6750/2884 4662/6817/3312 4719/7087/3163
f 2238/7248/1543 2242/7249/3127 2168/7250/3516
f 3546/7251/2772 3537/7252/3416 3547/7253/3045
f 2345/6853/2304 1987/5940/2905 2351/6574/3055
f 4525/7254/3187 4526/7255/3517 4577/6578/3273
f 1871/6710/2662 1875/7256/3148 1843/6488/3252
f 4795/4517/2401 4812/7235/3509 4813/7257/3518
f 3420/5715/2601 3429/7258/3519 3423/5716/2954
f 4322/4349/2309 4337/7023/3188 4078/7259/3520
f 4352/7260/2142 4353/7261/2533 4354/7262/3521
f 2175/6196/1942 2179/7263/3271 2157/6197/3137
f 3503/5211/2730 3508/6782/3357 3483/6394/3218
f 3442/6105/1490 3427/6794/3363 3421/7264/2746
f 3966/7265/1792 3746/7048/2491 3951/7047/2956
f 3780/6644/2577 3768/7241/3512 3752/7215/2991
f 3750/7085/2778 4116/7266/3522 3938/5580/2896
f 3342/7267/2392 3422/6324/2912 3592/6507/2996
f 2238/7268/1543 2304/7269/3515 2239/7270/2214
f 1947/3145/1657 1954/4736/2506 1966/7271/3523
f 3285/5455/2848 3291/6459/3063 3395/7272/3524
f 3285/5455/2848 3395/7272/3524 3286/5456/2849
f 4516/6374/3211 4527/7273/3405 4520/6603/3297
f 3544/3765/1989 3538/7274/3525 3539/7275/3526
f 4170/6705/2407 4189/7276/3527 4183/6068/3092
f 4100/5008/2640 4137/7277/3528 4107/6740/3344
f 4654/5667/2862 4693/5669/2933 4725/7153/2888
f 1869/5489/2150 1641/6149/3122 1842/6375/3212
f 4102/6147/2565 4104/6172/3118 3943/6109/3109
f 4664/7167/3427 4628/7278/3435 4764/7279/3529
f 3520/6162/1843 3532/6490/3253 3533/6583/3286
f 1840/7280/3530 1875/7281/3530 1849/7282/3530
f 4690/7027/2774 4659/7283/3236 4701/7284/3241
f 4756/6769/3351 4759/6837/3378 4762/7061/3453
f 4780/5967/2715 4700/6838/3231 4658/6237/3154
f 4706/7285/3531 4699/7286/3531 4726/7287/3531
f 3669/4944/2604 3673/6083/2917 3768/7288/3512
f 4411/7289/3008 4193/7144/3479 4389/7290/3111
f 4468/3373/1795 4514/6292/3176 4131/4973/2620
f 3828/3914/2056 3841/6683/3326 3857/7291/2979
f 4381/5252/2751 4410/6152/3053 4405/5911/2872
f 4654/5480/2862 4725/7075/2888 4683/6240/3155
f 1681/4522/2403 1690/6506/2856 1688/6327/3193
f 3693/6618/2424 3675/6362/3208 3699/7292/3015
f 1303/6484/1258 967/6486/3250 968/7137/3476
f 4390/6383/3129 4419/7100/3448 4392/6801/3323
f 4449/4906/2587 4478/6969/2771 3762/7293/3420
f 1872/4761/2357 1876/7294/3412 1846/7037/3444
f 4173/5052/2658 4184/6094/3101 4190/7295/3203
f 4176/7296/3532 4175/7297/3532 4123/7298/3532
f 3711/7299/3533 3723/7300/3533 3717/7301/3533
f 4406/5912/2755 4405/5911/2872 4410/6152/3053
f 2256/5249/2749 2260/7302/3534 2269/6126/3115
f 1947/3145/1657 1966/7271/3523 1993/6219/3146
f 4365/4557/2193 4382/5312/2780 4277/7139/2798
f 1871/6710/2662 1843/6488/3252 1846/7037/3444
f 4391/6183/3131 4392/6801/3323 4419/7100/3448
f 4273/7303/2579 4406/5912/2755 4420/7304/3401
f 3668/6044/2576 3670/5234/2741 3678/7305/3535
f 4386/4459/2363 4241/6260/3166 4323/7306/2382
f 1615/5085/2673 1614/7307/3536 2082/6231/3151
f 2290/5225/2266 3376/5224/2737 3383/7308/3537
f 3371/4299/2281 3381/5971/3051 3394/7309/3391
f 524/4408/1946 538/7146/3481 539/7310/2931
f 3780/6644/2577 3759/6646/3314 3768/7241/3512
f 4544/6606/2103 4519/6591/3290 4518/6590/3289
f 3710/4977/2622 3714/5746/2963 3713/7109/2870
f 3961/6959/2393 3945/6999/3432 3963/7311/3538
f 3829/3936/2074 3490/7312/3539 3489/7313/3367
f 3875/3925/2068 3669/5799/2604 3716/7088/3440
f 4667/7026/3441 4659/7283/3236 4690/7027/2774
f 4230/3633/1924 4326/4423/2345 4255/6636/3310
f 4626/7314/3505 4641/7315/3511 4627/7316/3540
f 3670/5234/2741 3581/5757/2967 3678/7305/3535
f 3693/6618/2424 3679/7317/3541 3675/6362/3208
f 4272/4505/2391 4273/4888/2579 4420/7318/3401
f 4711/7319/2897 4721/7320/3542 4727/7321/3543
f 4387/5926/3037 4419/7050/3448 4390/6176/3129
f 4721/7322/3544 4701/7323/3544 4659/7324/3544
f 533/6679/2197 413/6533/3267 419/7325/3545
f 3905/7326/3546 4018/7327/3546 4234/7328/3546
f 4213/7329/3106 4298/7330/3202 4193/7331/3479
f 1922/5655/1652 1899/5657/2928 1901/7332/3547
f 4728/7333/2953 4695/7108/3039 4704/7107/3291
f 3785/7246/2366 3766/7059/3452 3750/7334/2778
f 4752/5986/2753 4869/6302/3182 4894/7335/3161
f 2120/7336/1764 2098/7337/3332 2090/7338/2589
f 3329/5634/2920 3333/6460/3058 3312/6481/3133
f 3879/7032/2945 3888/7339/3548 3881/7132/3220
f 4355/5789/2555 4330/5788/2982 4354/7340/3521
f 4659/7283/3236 4668/7341/3471 4684/7342/3368
f 4176/7343/2584 4110/7344/3549 4190/7345/3203
f 4253/7346/2549 4234/5586/2900 4018/7347/3550
f 3958/6095/3102 3941/6185/3005 3939/5820/2994
f 4421/7348/2562 4301/6487/3251 4380/5202/2726
f 3545/6489/1761 3844/7349/3551 3532/6490/3253
f 4657/5985/2875 4639/5984/3059 4699/7350/3390
f 1602/7114/3469 1635/6058/3086 1645/7351/3552
f 4353/7261/2533 4355/7352/2555 4354/7262/3521
f 3724/7353/2022 3722/7196/3198 3890/7354/3553
f 3876/5719/2449 4018/6642/3313 3881/6400/3220
f 2350/7355/3262 2009/7356/3554 2371/7357/3270
f 4011/5440/2841 4020/6922/3406 4017/6524/3261
f 3281/7174/2801 3293/7173/3485 3290/7172/3052
f 4578/6567/3282 4589/7358/3555 4581/6789/3360
f 4176/4901/2584 4190/6351/3203 4109/7194/3494
f 2123/4037/2121 2147/7359/3556 2103/6449/3229
f 4090/4980/1826 4176/4901/2584 4109/7194/3494
f 3937/6877/2858 3943/6876/3109 3944/6998/3431
f 4895/7360/3228 4872/7017/3393 4887/7016/3304
f 4592/6911/3402 4811/6913/3404 4839/7361/3557
f 1610/4450/2009 1593/5873/3018 1597/6610/3301
f 288/3933/2071 297/7362/3558 292/4610/2447
f 1602/7114/3469 1691/6631/3047 1635/6058/3086
f 4626/7314/3505 4699/7363/3227 4641/7315/3511
f 3545/6489/1761 3535/7364/3462 3844/7349/3551
f 4370/4422/2344 4412/6124/3114 4382/5312/2780
f 3288/5576/2894 2219/6732/3342 3289/5577/2895
f 4409/6116/2754 4389/6115/3111 4422/7365/2808
f 3784/7033/2588 3761/6926/3407 3783/6925/3352
f 3841/7366/3326 3855/7367/3482 3843/7368/3559
f 4096/4279/2270 4122/6161/3125 4463/6301/3085
f 2347/5815/2992 2371/6749/3270 2373/7369/3502
f 3351/5411/2157 3334/6651/3112 3314/5412/2405
f 4211/7110/3012 4208/6596/3107 4213/7370/3106
f 4669/7168/3381 4664/7167/3427 4764/7279/3529
f 2256/5249/2749 2261/7371/3560 2260/7302/3534
f 2200/4916/2591 2211/6269/3170 2236/6200/3139
f 3547/6697/3045 3482/6354/3204 3487/7372/3561
f 4214/5278/2760 4211/5997/3012 4191/7373/3562
f 2374/7374/3237 2357/7375/3563 2353/6586/3288
f 2252/4039/2123 1985/5541/2860 2269/7376/3115
f 2314/7135/2257 2341/5578/2684 2320/6700/3330
f 2210/5585/2899 2244/7377/3048 2219/6732/3342
f 4149/3305/1759 4148/6561/3207 4130/4904/2586
f 676/7378/1838 717/7379/3564 672/6358/2236
f 1417/5620/2916 1423/6566/3281 1424/6765/3248
f 1602/7380/3469 1593/5873/3018 1642/7381/3348
f 1948/4623/2029 1987/7382/2905 1958/7383/2761
f 4668/7119/3471 4627/7384/3540 4625/7242/3513
f 4179/5874/1646 3936/6369/2819 4299/6368/2608
f 1699/6675/2418 1695/7385/3565 1595/6676/3145
f 4814/7386/3222 4815/7387/3566 4895/7388/3228
f 3785/4907/2366 4449/4906/2587 3762/7293/3420
f 3755/7389/3093 3764/6979/3429 3781/6870/3192
f 1836/7390/1245 1924/7391/1938 1902/7392/3567
f 3856/7393/3025 3843/7368/3559 3855/7367/3482
f 3966/7394/1792 3949/7395/3568 3948/7189/3492
f 289/3944/2077 187/7396/3569 14/6842/3380
f 3327/5635/2840 3329/5634/2920 3312/6481/3133
f 3327/5635/2840 3312/6481/3133 3287/7397/2891
f 1081/7398/1354 709/6123/3113 1100/6122/2189
f 1602/7114/3469 1645/7351/3552 1605/7182/3488
f 4653/6443/2811 4659/6442/3236 4665/7012/3437
f 4297/7123/2599 4193/7331/3479 4282/7163/3483
f 3840/6037/3080 3839/6036/3079 3858/6798/3365
f 1662/4397/2333 1670/6787/3358 1674/7133/3472
f 2232/6227/2520 2240/7399/3379 2216/6699/3329
f 4626/7226/3505 4659/7283/3236 4667/7026/3441
f 4422/5374/2808 4389/7290/3111 4193/7144/3479
f 4711/7319/2897 4701/7400/3241 4721/7320/3542
f 4233/7401/2734 3939/6014/2994 3941/7402/3005
f 3709/7229/2670 3717/7231/3205 3723/7403/3570
f 4660/6638/3292 4682/7018/3369 4763/6639/3311
f 4276/7404/2560 4283/7405/3417 4385/6520/2964
f 3673/5625/2917 3767/7197/3495 3752/7215/2991
f 4895/7388/3228 4815/7387/3566 4816/7406/3571
f 3904/7407/2611 3959/7408/3013 3889/7409/3572
f 4107/6740/3344 4137/7277/3528 4135/7410/3464
f 2338/7411/2654 2006/7412/2709 2350/7355/3262
f 3540/7413/3498 3541/7414/3508 3536/7236/3510
f 62/7415/2159 214/7416/3359 10/7417/2514
f 2341/5578/2684 2299/7205/3500 2349/5885/3020
f 3724/3906/2022 3890/7418/3553 3714/5746/2963
f 1870/4762/2518 1843/6488/3252 1875/7256/3148
f 4544/7419/2103 4514/7420/3176 4136/7421/3573
f 1699/6675/2418 1689/7199/3246 1695/7385/3565
f 4272/4505/2391 4420/7318/3401 4274/4914/2590
f 4094/6605/2246 4103/6157/3124 4111/7422/3574
f 3375/6035/2676 3378/5637/2921 3393/7423/3575
f 4815/7387/3566 4817/7424/3576 4816/7406/3571
f 1948/4623/2029 2009/7425/3554 2006/6236/2709
f 1982/5279/2248 1989/7081/3458 1964/7184/3490
f 3963/7426/3538 3964/7427/3577 3950/7428/3578
f 288/3933/2071 308/7429/3264 297/7362/3558
f 4179/7430/1646 4284/7431/3579 4298/7330/3202
f 4295/3448/1836 4279/6060/3088 4285/7432/3580
f 3281/7174/2801 3292/6609/3300 3293/7173/3485
f 3877/6944/2809 3880/6667/3010 3890/7433/3553
f 4525/6313/3187 4576/6312/3186 4526/7434/3517
f 3910/7435/2969 3887/7084/3459 3909/7083/3128
f 3853/3896/2055 3859/7436/3581 3831/4475/2373
f 2078/4785/2530 2081/5321/2785 2097/6258/3164
f 4122/6900/3125 4124/7437/3582 4110/7344/3549
f 4660/7071/3292 4665/7012/3437 4663/6812/3370
f 4323/7306/2382 4241/6260/3166 4334/7438/3249
f 2038/3479/1309 2043/5203/2727 2041/7439/2970
f 1871/7440/3583 1849/7441/3583 1875/7442/3583
f 3944/7443/3431 3968/7444/3584 3965/7445/3585
f 4297/7123/2599 4282/7163/3483 4277/7124/2798
f 4326/7446/2345 4414/7447/3185 4236/7448/3338
f 2268/6601/2951 2318/7449/3293 2264/5857/3011
f 4587/6932/3410 4586/6931/3409 4590/7450/3586
f 3566/7451/2546 3698/7452/2585 3581/5757/2967
f 2336/4243/2247 2356/7113/3468 3477/5727/2842
f 288/3933/2071 309/7453/3467 308/7429/3264
f 3370/4068/2140 3511/5892/2881 3428/6846/3382
f 4681/6919/3336 4628/7006/3435 4664/6973/3427
f 3444/7454/2903 3430/7455/3587 3431/7456/3588
f 1669/6655/3263 1660/6657/3318 1657/6830/3375
f 4857/5379/2327 4871/6822/3372 4836/7457/3589
f 3530/4463/2365 3429/7258/3519 3420/5715/2601
f 4233/5220/2734 4234/5586/2900 4239/7458/3590
f 4583/6862/3364 4530/7459/3591 4584/6863/3388
f 4602/7460/3003 4587/6932/3410 4590/7450/3586
f 1665/6128/2962 2128/7461/3592 1670/7462/3358
f 292/4610/2447 298/7463/3593 179/6893/3395
f 4182/6067/3091 4192/7464/3594 4183/6068/3092
f 4101/5285/2764 4106/6599/3295 4105/6371/3210
f 4468/6982/1795 4106/6599/3295 4101/5285/2764
f 3484/6735/3343 3488/7465/3595 3509/7096/3413
f 6/3552/1883 10/6395/2514 214/6788/3359
f 4468/7466/1795 4101/6076/2764 4514/7467/3176
f 4682/7120/3369 4628/7468/3435 4666/7469/3438
f 2126/7470/2552 2129/7471/3596 2179/7472/3271
f 3693/6618/2424 3717/6356/3205 3679/7317/3541
f 3829/3936/2074 3831/5341/2373 3490/7312/3539
f 3382/7145/3480 3377/5536/2883 3297/6945/3415
f 1838/5485/2650 1842/6375/3212 1641/6149/3122
f 4280/4432/2350 4414/6759/3185 4388/6098/3104
f 4832/6792/2876 4834/7473/3597 4818/7474/3598
f 3530/4463/2365 3419/4462/2364 3429/7258/3519
f 3567/4941/1715 3674/7475/3103 3590/5366/2806
f 3668/6044/2576 3680/7476/3599 3717/7477/3205
f 3885/7478/2752 3909/7479/3128 4009/5409/2825
f 4832/6792/2876 4833/6791/3361 4834/7473/3597
f 4371/6112/2383 4385/6520/2964 4283/7405/3417
f 4617/5238/2744 4703/6620/3306 4623/7094/3463
f 2099/7480/2904 2086/6000/3065 2101/6452/3239
f 3757/6624/3307 3766/7059/3452 3765/7038/3445
f 4295/3448/1836 4285/7432/3580 4299/7481/2608
f 3531/6167/3126 3890/7354/3553 3722/7196/3198
f 2160/7482/1895 2221/7483/3600 2161/7484/3601
f 1704/5662/2930 2389/7485/3602 1710/6211/3074
f 4411/6670/3008 4209/6669/3135 4193/7486/3479
f 4233/7401/2734 4279/6060/3088 3939/6014/2994
f 1611/5796/1803 1600/6966/3425 1599/6702/3331
f 4014/6117/3026 4013/6113/3110 3883/7487/3174
f 3698/7452/2585 3717/7477/3205 3680/7476/3599
f 4582/6823/3373 4630/7488/3603 4585/6897/3397
f 2374/6448/3237 2354/6600/3296 2358/7489/3604
f 4330/5788/2982 4331/5821/2995 4065/7200/3497
f 3325/5979/2697 3332/5978/3056 3336/6194/2950
f 2160/5074/1895 2161/7490/3601 2246/6451/3238
f 3929/4593/2104 4188/6907/3394 3970/7227/3506
f 2203/7491/2649 2216/6699/3329 2240/7399/3379
f 1982/5279/2248 1985/6456/2860 1989/7081/3458
f 1810/6472/2007 1689/6474/3246 1694/7070/3455
f 2123/4037/2121 2090/4913/2589 2147/7359/3556
f 3426/7492/2833 3699/7493/3015 3447/7494/2959
f 3510/7180/3197 3489/7495/3367 3490/7496/3539
f 4232/5988/2367 3885/7478/2752 4009/5409/2825
f 3590/7497/2806 3674/6096/3103 3589/5431/2835
f 3798/7498/2942 3800/7499/3605 3801/7500/3606
f 2348/6347/3200 2353/6586/3288 2357/7375/3563
f 2146/7501/2342 1840/7502/2609 1849/7503/3030
f 3784/7033/2588 3624/7035/2791 3769/7504/3607
f 4584/6863/3388 4591/7505/3608 4588/7193/3493
f 4421/6189/2562 4392/6677/3323 4391/6190/3131
f 4613/6411/2624 4622/6410/3224 4642/7506/3609
f 3904/4961/2611 3891/7507/3610 3879/7032/2945
f 4884/5969/2643 4867/6248/3159 4838/5970/3050
f 2146/4559/2342 2130/7508/3611 1665/6128/2962
f 4639/7509/3612 4641/7510/3612 4699/7511/3612
f 4276/7404/2560 4238/7512/3346 4283/7405/3417
f 4298/7330/3202 4282/7163/3483 4193/7331/3479
f 3698/7513/2585 3679/7317/3541 3717/6356/3205
f 4641/7514/3511 4625/7242/3513 4627/7384/3540
f 1702/4933/2291 1712/6278/3172 1752/7515/3613
f 4147/7031/2788 4112/7516/3614 4135/7095/3464
f 1873/6996/3349 1844/7517/3384 1845/6935/3411
f 1358/7518/1886 1357/6906/3082 1356/6905/3400
f 3443/5205/2728 3445/7126/2943 3447/7519/2959
f 289/3944/2077 185/7232/3507 187/7396/3569
f 4168/5890/2394 4123/7520/3322 4175/5291/2768
f 4122/6900/3125 4108/6899/3398 4124/7437/3582
f 3757/6624/3307 3942/6678/3324 3766/7059/3452
f 1415/5573/2892 1427/7521/3615 1426/7116/3470
f 1593/5873/3018 1595/6218/3145 1642/7381/3348
f 3624/7035/2791 3752/7215/2991 3767/7197/3495
f 1636/6343/3181 1657/6830/3375 1656/7522/3616
f 4280/7523/2350 4236/7448/3338 4414/7447/3185
f 3712/5175/2713 3713/6160/2870 3891/7524/3610
f 3753/5830/2999 3757/6624/3307 3765/7038/3445
f 4406/5912/2755 4410/6152/3053 4420/7304/3401
f 3947/7045/3189 3946/7044/3447 3950/7525/3578
f 4281/6502/3090 4283/7202/3417 4238/7526/3346
f 4626/7314/3505 4627/7316/3540 4668/7527/3471
f 3819/6874/3269 3489/6805/3367 3493/7528/3617
f 2186/3526/1306 2177/6202/3141 2178/7529/3618
f 2236/6200/3139 2211/6269/3170 2237/7178/3167
f 2090/7338/2589 2098/7337/3332 2102/7530/3499
f 3908/7531/2475 3887/7532/3459 3856/7533/3025
f 398/3736/1975 410/6746/3345 434/5836/3001
f 4274/7534/2590 4300/7535/3199 4301/7536/3251
f 3837/5913/3034 3840/6654/3080 3541/7233/3508
f 1702/4317/2291 1752/7537/3613 1704/5662/2930
f 163/6803/1303 60/7538/3619 58/6607/3299
f 11/6727/3339 59/7539/3399 12/6728/3340
f 1448/6885/3244 540/7540/3620 535/6800/3366
f 2288/4055/2134 2314/4259/2257 2320/7541/3330
f 3695/6043/2312 3669/7542/2604 3768/7543/3512
f 3308/5117/2689 3338/6914/3149 3341/6221/3147
f 4211/5997/3012 4213/7544/3106 4193/7486/3479
f 4100/5881/2640 4135/7095/3464 4137/7545/3528
f 3503/5936/2730 3485/6850/3385 3508/6978/3357
f 3881/7132/3220 3888/7339/3548 3882/6666/3321
f 4298/7330/3202 4284/7431/3579 4282/7163/3483
f 4760/6860/3387 4777/6775/3354 4765/7546/3621
f 2354/6600/3296 2356/7113/3468 2358/7489/3604
f 2156/4699/2490 1848/5465/2854 2158/6929/2880
f 3481/7547/2567 3428/6846/3382 3511/5892/2881
f 1838/5032/2650 1641/7041/3122 1657/6830/3375
f 4592/7548/3402 4593/7549/3622 4810/7039/3403
f 4544/6606/2103 4150/7550/3623 4519/6591/3290
f 2100/5595/2906 1644/6426/3233 2097/7551/3164
f 3477/5727/2842 2356/7113/3468 2354/6600/3296
f 2156/4699/2490 2158/6929/2880 2159/6928/3408
f 3668/6044/2576 3678/7305/3535 3681/7552/3624
f 4516/6374/3211 4524/7244/3514 4528/7553/3625
f 4478/6969/2771 3763/7554/3259 3762/7293/3420
f 400/4328/2298 411/7555/3626 537/6022/2972
f 3278/4921/2593 2209/7556/3028 3281/5360/2801
f 3798/5690/2942 3802/7557/3627 3800/7558/3605
f 1593/5873/3018 1643/7559/3489 1597/6610/3301
f 3750/7334/2778 3766/7059/3452 3942/6678/3324
f 1602/7380/3469 1643/7559/3489 1593/5873/3018
f 3966/7394/1792 3948/7189/3492 3935/7188/2708
f 2374/7374/3237 2353/6586/3288 3804/7560/3628
f 4814/7386/3222 4835/7561/3629 4815/7387/3566
f 4760/6860/3387 4755/6659/3319 4777/6775/3354
f 4810/7039/3403 4593/7549/3622 4586/6931/3409
f 4051/6138/2952 4059/7562/3630 4053/6139/3120
f 281/2924/1506 296/6763/3350 185/7232/3507
f 3853/7563/2055 3854/5158/2706 3835/5463/2816
f 2203/7491/2649 2241/7564/3138 2216/6699/3329
f 2345/6168/2304 1958/5280/2761 1987/7565/2905
f 1664/7566/3631 1674/7567/3631 1668/7568/3631
f 4778/7166/2512 4669/7168/3381 4683/7569/3155
f 3794/7127/1897 3803/7570/3632 3799/7128/3473
f 2201/5547/2596 2234/6413/3225 2214/7571/3235
f 3695/6043/2312 3676/6517/3194 3668/6044/2576
f 4833/6791/3361 4816/7572/3571 4819/7573/3633
f 2346/5681/2939 2347/5815/2992 2373/7369/3502
f 4833/7574/3361 4818/7575/3598 4872/7576/3393
f 308/6522/3264 415/6781/3356 297/7577/3558
f 1965/4629/2451 1877/7578/3285 1839/5670/2934
f 4815/7387/3566 4835/7561/3629 4817/7424/3576
f 1638/6366/3209 1656/7579/3616 1657/7580/3375
f 4253/6503/2549 4235/6505/3257 4256/7581/3634
f 4602/7460/3003 4811/6930/3404 4587/6932/3410
f 4147/7031/2788 4136/7421/3573 4112/7516/3614
f 2006/7412/2709 2009/7356/3554 2350/7355/3262
f 4149/3648/1759 4531/6828/3337 4150/7582/3623
f 2268/6742/2951 2262/7583/3635 2351/5976/3055
f 4170/6705/2407 4212/7157/3023 4189/7276/3527
f 1687/5763/2971 1693/7036/3443 1692/6779/3355
f 2341/5578/2684 2298/7136/3475 2299/7205/3500
f 4626/7226/3505 4668/7341/3471 4659/7283/3236
f 3695/6043/2312 3768/7543/3512 3772/7584/3636
f 4760/6860/3387 4766/7585/3637 4758/6836/3377
f 4766/7585/3637 4759/6837/3378 4758/6836/3377
f 4094/4241/2246 3952/7586/3638 3943/6109/3109
f 4326/4423/2345 4236/7587/3338 4255/6636/3310
f 4333/7588/3196 4080/7218/3501 4336/6582/3245
f 1344/7589/1906 1473/4757/1971 974/7590/3639
f 400/4328/2298 404/4853/2564 412/7591/3640
f 4004/6263/2244 4056/6265/3168 4020/7592/3406
f 676/7593/1838 716/7594/3641 717/7595/3564
f 3958/6381/3102 3889/7409/3572 3959/7408/3013
f 2100/7596/2906 2097/6510/3164 2088/6509/3258
f 2099/7597/3642 2101/7598/3642 2102/7599/3642
f 307/4311/1681 209/7600/3643 288/3933/2071
f 1605/7182/3488 1656/7601/3616 1659/7602/3644
f 4602/7460/3003 4590/7450/3586 4576/7603/3186
f 4613/4982/2624 4642/7604/3609 4703/7066/3306
f 3614/7605/2607 3676/6517/3194 3759/7606/3314
f 4421/6189/2562 4380/6222/2726 4392/6677/3323
f 4094/4241/2246 4111/7607/3574 3952/7586/3638
f 2146/7501/2342 1849/7503/3030 2131/7608/3645
f 282/3090/1626 184/7609/3646 296/6763/3350
f 48/7610/3083 59/7539/3399 13/7198/3496
f 4752/7165/2753 4894/6660/3161 4758/6836/3377
f 4275/5239/2691 4300/6342/3199 4237/7611/3436
f 4107/6740/3344 4135/7410/3464 4112/7612/3614
f 4421/7613/2562 4274/7534/2590 4301/7536/3251
f 307/3705/1681 294/6492/3254 209/7614/3643
f 406/7615/3647 434/7616/3647 415/7617/3647
f 3712/5175/2713 3892/7618/3648 3951/5725/2956
f 3857/7619/2979 3535/7620/3462 3541/7233/3508
f 11/6727/3339 13/7198/3496 59/7539/3399
f 49/7621/3179 100/7622/3180 62/7623/2159
f 2252/4039/2123 2269/7376/3115 2263/7624/3649
f 1848/7625/3650 1877/7626/3650 2158/7627/3650
f 4077/6923/2535 4020/6922/3406 4010/5439/2690
f 292/4610/2447 297/7362/3558 299/7628/3651
f 4586/6931/3409 4593/7549/3622 4591/7505/3608
f 3331/6273/2571 3580/6272/3089 3335/7629/3116
f 3340/6376/2570 3331/7630/2571 3335/6130/3116
f 4352/4072/2142 4354/7340/3521 4065/7200/3497
f 400/4328/2298 412/7591/3640 411/7555/3626
f 3958/6381/3102 3947/6317/3189 3889/7409/3572
f 2099/7631/2904 2102/7530/3499 2098/7337/3332
f 2078/4785/2530 2097/6258/3164 1644/7632/3233
f 4660/7071/3292 4663/6812/3370 4682/6811/3369
f 3668/6044/2576 3681/7552/3624 3680/7476/3599
f 3699/7292/3015 3675/6362/3208 3696/6559/3278
f 1665/6128/2962 2130/7508/3611 2128/7461/3592
f 718/7633/1622 716/7594/3641 676/7593/1838
f 3880/6667/3010 3882/6666/3321 3888/7339/3548
f 2199/5171/2547 3281/7174/2801 2209/7634/3028
f 863/5948/2540 862/5947/2710 1693/7635/3443
f 1585/4150/2188 1589/4860/2568 1613/7636/3652
f 3446/7637/2602 3444/7454/2903 3537/7638/3416
f 3484/6735/3343 3800/7639/3605 3802/7640/3627
f 1085/6029/1604 709/7641/3113 718/7642/1622
f 3532/6490/3253 3844/7349/3551 3533/6583/3286
f 2319/7643/2699 2297/7644/3062 2209/6512/3028
f 3784/7033/2588 3769/7504/3607 3761/6926/3407
f 4787/3859/1916 4795/4517/2401 4837/7645/3474
f 277/4715/1296 436/7646/3653 403/4716/2498
f 1596/7647/3223 1603/7648/3654 1604/7649/3655
f 1420/7650/3656 2543/7651/3656 2566/7652/3656
f 1080/6027/1307 675/7653/3460 708/6028/3076
f 4214/7654/2760 4192/7464/3594 4182/6067/3091
f 2099/6308/2904 2213/6307/3184 2089/6295/3177
f 1597/6610/3301 1643/7559/3489 1648/7655/3657
f 969/7656/1396 1347/7657/3242 970/7658/3095
f 4857/7659/2327 4820/7660/3658 4812/7661/3509
f 1690/5467/2856 1601/6970/3426 1613/7662/3652
f 919/6007/1208 921/7663/1669 922/7664/3659
f 4683/6240/3155 4669/7665/3381 4661/6619/3305
f 1690/7666/2856 1613/7667/3652 1688/7668/3193
f 3674/6110/3103 3682/7669/3660 3696/6663/3278
f 4123/6839/3322 4107/6740/3344 4113/7670/3661
f 863/6402/2540 1613/7667/3652 1589/5021/2568
f 4179/7430/1646 4299/7481/2608 4284/7431/3579
f 3966/7394/1792 3964/7671/3577 3949/7395/3568
f 3938/7159/2896 4111/7672/3574 4108/6899/3398
f 3695/6043/2312 3772/7584/3636 3676/6517/3194
f 3428/6920/3382 3432/7673/3662 3433/7674/3383
f 1085/6029/1604 719/7675/3663 709/7641/3113
f 4516/6374/3211 4528/7553/3625 4527/7273/3405
f 1834/3691/1950 1878/7676/3664 1841/6077/2674
f 3325/6687/2697 3336/7677/2950 3291/5996/3063
f 292/4610/2447 299/7628/3651 298/7463/3593
f 2260/7302/3534 2270/7678/3100 2263/7679/3649
f 293/5981/3057 295/6523/3265 309/7104/3467
f 1948/4623/2029 1958/7383/2761 1964/7680/3490
f 3508/6978/3357 3485/6850/3385 3491/7681/3665
f 1750/4932/1466 1708/5759/2968 1712/6278/3172
f 4761/7054/3450 4767/7682/3666 4765/7546/3621
f 1985/6456/2860 1961/6455/3240 1989/7081/3458
f 1083/7683/1472 720/7684/3667 1090/7685/2444
f 3392/7686/2087 2355/7687/3335 3298/7688/3096
f 1670/6787/3358 2128/7689/3592 1674/7133/3472
f 3482/6354/3204 3492/7690/3668 3487/7372/3561
f 2127/7691/3669 2103/7692/3669 2147/7693/3669
f 1668/6187/3132 2092/7694/3670 1671/6824/3317
f 1085/6029/1604 721/7695/3671 719/7675/3663
f 4818/7575/3598 4834/7696/3597 4872/7576/3393
f 863/7697/2540 1693/7036/3443 1688/6327/3193
f 2146/7501/2342 2131/7608/3645 2132/7698/3672
f 4514/7420/3176 4112/7516/3614 4136/7421/3573
f 3624/7035/2791 3767/7197/3495 3769/7504/3607
f 2078/4785/2530 1644/7632/3233 2091/7699/3421
f 3699/7700/3015 3682/7669/3660 3700/7701/3673
f 3798/5690/2942 3819/6874/3269 3802/7557/3627
f 3944/6998/3431 3965/7702/3585 3970/7227/3506
f 4190/7345/3203 4110/7344/3549 4124/7437/3582
f 1689/7199/3246 1642/6756/3348 1695/7385/3565
f 4274/7534/2590 4420/7161/3401 4285/7432/3580
f 4420/7161/3401 4286/7703/3674 4285/7432/3580
f 2375/7704/1878 2045/7705/3675 2043/7706/2727
f 4299/7481/2608 4420/7161/3401 4282/7163/3483
f 4228/3488/1856 4334/6483/3249 4258/7707/3676
f 1353/7708/1028 971/7709/2987 1347/7657/3242
f 2084/5898/3027 2087/6281/3173 1658/6493/3255
f 3447/7494/2959 3699/7493/3015 3700/7710/3673
f 4281/7711/3090 4238/7010/3346 4237/7009/3436
f 3761/6926/3407 3770/7712/3677 3767/7197/3495
f 2317/5318/2783 2349/5885/3020 2299/7205/3500
f 4007/7713/2117 4060/7714/3678 4019/7715/3679
f 3308/5117/2689 3341/6221/3147 3310/6840/2859
f 3960/6872/2196 3948/7189/3492 3967/7716/3680
f 4577/6578/3273 4523/7225/3504 4524/7244/3514
f 4058/6832/3376 4080/7218/3501 4059/7717/3630
f 3966/7718/3681 3951/7719/3681 3892/7720/3681
f 4833/7574/3361 4895/7388/3228 4816/7406/3571
f 533/6679/2197 419/7325/3545 534/6680/3325
f 4835/7721/3629 4821/7722/3682 4817/7723/3576
f 3857/7619/2979 3840/6654/3080 3858/7724/3365
f 3857/7725/2979 3841/7726/3326 3535/7727/3462
f 4352/4072/2142 4065/7200/3497 4048/5901/2566
f 1343/7728/1729 1707/7729/1766 973/7730/3683
f 1899/5657/2928 1900/6793/3362 1901/7332/3547
f 4766/7585/3637 4768/7731/3684 4759/6837/3378
f 1585/4150/2188 1613/7636/3652 1598/6647/3315
f 4147/7031/2788 4148/7732/3207 4136/7421/3573
f 2176/6927/2794 2162/7733/3685 2159/6928/3408
f 4214/7654/2760 4185/6386/3216 4192/7464/3594
f 1637/6364/2061 1638/6366/3209 2092/7734/3670
f 1581/3405/1810 1596/6404/3223 1594/6020/3072
f 2041/7735/2970 2010/7736/3686 2042/7737/3256
f 3419/4462/2364 3444/6078/2903 3427/6794/3363
f 293/6975/3057 309/7738/3467 178/7739/3687
f 4581/6789/3360 4630/7488/3603 4582/6823/3373
f 48/6298/3083 13/7740/3496 100/6299/3180
f 3446/7637/2602 3430/7455/3587 3444/7454/2903
f 2295/6199/2665 3308/6438/2689 3310/7741/2859
f 2260/7302/3534 2263/7679/3649 2269/6126/3115
f 4053/6139/3120 4059/7562/3630 4061/7742/3688
f 3446/7637/2602 3443/7743/2728 3430/7455/3587
f 3567/6556/1715 3677/6558/3277 3674/6110/3103
f 3510/6336/3197 3509/7191/3413 3493/7744/3617
f 1668/6187/3132 2130/7745/3611 2092/7694/3670
f 4586/6931/3409 4591/7505/3608 4590/7450/3586
f 1635/6058/3086 1636/6300/3181 1645/7351/3552
f 1343/7746/1729 972/7747/3689 971/7748/2987
f 2375/7704/1878 2360/7749/3690 2045/7705/3675
f 3443/7743/2728 3447/7750/2959 3700/7751/3673
f 3884/6895/3396 3886/7042/3446 3887/7532/3459
f 4584/6863/3388 4530/7459/3591 4594/7752/3691
f 4515/6861/3007 4585/6897/3397 4630/7488/3603
f 1922/3128/1652 1903/7753/3692 1924/3667/1938
f 2375/3539/1878 2362/6955/3422 2361/7754/3693
f 4576/7603/3186 4590/7450/3586 4603/7755/3694
f 4872/6884/3393 4836/7457/3589 4871/6822/3372
f 2242/7756/3127 2214/7571/3235 2215/6463/3243
f 3417/4338/2302 3430/7455/3587 3443/7743/2728
f 2238/7268/1543 2168/7757/3516 2304/7269/3515
f 3969/5083/2448 3967/7758/3680 3945/6999/3432
f 2233/7759/2651 2243/7760/3060 2219/7761/3342
f 2351/5976/3055 2262/7583/3635 2301/6529/3266
f 4347/6089/2851 4050/7762/2763 4333/6335/3196
f 1633/7763/2775 1597/6610/3301 1648/7655/3657
f 4149/7764/1759 4150/7765/3623 4138/7766/3695
f 2233/7759/2651 2219/7761/3342 2244/7767/3048
f 3531/6167/3126 3718/7768/3287 3890/7354/3553
f 714/7769/1648 722/7770/3696 723/7771/2595
f 3382/7772/3480 3379/5872/3017 3483/7187/3218
f 2252/4039/2123 2263/7624/3649 2270/6091/3100
f 4522/7080/3457 4529/7773/3697 4528/7553/3625
f 3712/7774/2713 3891/7507/3610 3892/7775/3648
f 2207/5250/2750 2216/6699/3329 2208/5878/3019
f 3699/7700/3015 3696/6663/3278 3682/7669/3660
f 4056/6265/3168 4017/6571/3261 4020/7592/3406
f 3943/7776/3109 3952/7777/3638 3944/7778/3431
f 4300/7779/3199 4287/7780/3698 4237/7009/3436
f 919/6007/1208 922/7664/3659 920/6008/3068
f 2005/7064/2212 2011/7781/3699 2008/6753/3347
f 1959/5705/2949 1967/7782/3700 1963/6827/3374
f 2043/7783/2727 2012/7784/3701 2041/7785/2970
f 4047/4425/2346 4058/6832/3376 4059/7717/3630
f 3378/7786/2921 3298/7688/3096 3393/7787/3575
f 3853/7563/2055 3835/5463/2816 3859/7788/3581
f 3698/7452/2585 3680/7476/3599 3581/5757/2967
f 409/6745/2696 543/7789/3702 410/6746/3345
f 1343/7746/1729 973/7790/3683 972/7747/3689
f 1595/6676/3145 1695/7385/3565 1642/6756/3348
f 1822/2494/1235 1850/7791/3703 1847/7092/3461
f 724/2844/1449 1086/3563/1890 725/7792/3704
f 3759/6646/3314 3771/7793/3705 3768/7241/3512
f 3960/6872/2196 3967/7716/3680 3968/7794/3584
f 4149/7764/1759 4138/7766/3695 4148/7732/3207
f 4330/5788/2982 4065/7200/3497 4354/7340/3521
f 3676/6517/3194 3772/7584/3636 3759/7606/3314
f 2099/7480/2904 2089/6826/3177 2086/6000/3065
f 4101/6076/2764 4114/7795/3706 4107/6740/3344
f 1751/4021/2113 1709/5798/2986 1714/7796/3707
f 2233/6714/2651 2244/7797/3048 2245/7798/3144
f 2295/7799/3708 3310/7800/3708 2323/7801/3708
f 2352/7129/2738 3804/7802/3628 2353/7803/3288
f 3417/4338/2302 3342/4507/2392 3430/7455/3587
f 2156/4699/2490 2159/6928/3408 2163/7804/3709
f 4833/7574/3361 4872/7576/3393 4895/7388/3228
f 2233/6714/2651 2245/7798/3144 2217/6715/3334
f 4623/7239/3463 4642/7604/3609 4641/7240/3511
f 1849/7503/3030 2148/7805/3710 2131/7608/3645
f 4584/6863/3388 4594/7752/3691 4591/7505/3608
f 4577/6578/3273 4526/7255/3517 4530/7806/3591
f 4857/7659/2327 4834/7473/3597 4820/7660/3658
f 4111/7607/3574 3954/7807/3711 3952/7586/3638
f 537/6022/2972 411/7555/3626 413/7808/3267
f 4047/4425/2346 4059/7717/3630 4051/5711/2952
f 3910/6896/2969 3884/6895/3396 3887/7532/3459
f 2304/7269/3515 2168/7757/3516 2220/7809/3712
f 166/3354/1551 14/7810/3380 300/6994/3430
f 3307/7811/3713 3311/7812/3713 3312/7813/3713
f 4760/6860/3387 4765/7546/3621 4769/7814/3714
f 4073/7815/1992 4062/7816/2325 4078/7817/3520
f 1668/7818/3132 2128/7461/3592 2130/7508/3611
f 4211/5997/3012 4193/7486/3479 4194/7819/3715
f 3468/6849/1907 3494/7820/3716 3485/6850/3385
f 3831/5341/2373 3859/7821/3581 3835/7822/2816
f 1689/6474/3246 1692/6779/3355 1694/7070/3455
f 4588/7193/3493 4591/7505/3608 4595/7823/3717
f 724/7824/1449 725/7825/3704 1092/7826/3414
f 3819/6874/3269 3493/7528/3617 3802/7557/3627
f 2355/7827/3335 3394/7828/3391 3393/7423/3575
f 4050/7829/2763 4080/7218/3501 4333/7588/3196
f 3544/3765/1989 3536/7236/3510 3538/7274/3525
f 2234/6413/3225 2215/6463/3243 2214/7571/3235
f 4281/7830/3090 4256/7581/3634 4255/7831/3310
f 3419/4462/2364 3427/6794/3363 3423/5716/2954
f 3877/6894/2809 3890/7832/3553 3886/7042/3446
f 434/7833/3001 414/7834/3718 415/7835/3719
f 2366/4000/2101 2359/7836/3720 2356/7113/3468
f 402/4438/2354 412/7591/3640 404/4853/2564
f 4007/7837/2117 4055/7838/3232 4079/7839/3721
f 1988/7840/2010 2017/7841/3722 1955/6544/2536
f 3284/7842/2829 3291/5996/3063 3336/7677/2950
f 4122/6900/3125 4110/7344/3549 4113/7670/3661
f 4581/6789/3360 4596/7843/3723 4630/7488/3603
f 3482/6354/3204 3486/7181/3487 3492/7690/3668
f 3313/7844/2810 3294/7845/3724 3283/7846/2813
f 4056/6265/3168 4055/6637/3232 4017/6571/3261
f 1842/6990/3212 1694/7070/3455 1844/7847/3384
f 4463/6075/3085 4122/6900/3125 4113/7670/3661
f 1601/7848/3426 1598/7849/3315 1613/7850/3652
f 2375/7851/1878 2376/7030/3442 2360/7852/3690
f 1637/7853/2061 2092/7854/3670 2090/7338/2589
f 4580/6569/3284 4588/7193/3493 4595/7823/3717
f 3963/7855/3538 3949/7395/3568 3964/7671/3577
f 1638/6366/3209 1640/7001/3433 1656/7579/3616
f 4531/7856/3337 4527/7273/3405 4529/7773/3697
f 4212/7157/3023 4187/6880/3392 4183/6068/3092
f 4212/7157/3023 4183/6068/3092 4189/7276/3527
f 1922/5655/1652 1901/7332/3547 1903/7857/3692
f 4274/7534/2590 4285/7432/3580 4300/7535/3199
f 4833/6791/3361 4819/7573/3633 4834/7473/3597
f 4544/6606/2103 4532/7858/3725 4150/7550/3623
f 4322/4349/2309 4078/7259/3520 4062/6986/2325
f 3856/7393/3025 3841/7366/3326 3843/7368/3559
f 4233/7401/2734 4285/7432/3580 4279/6060/3088
f 3314/5412/2405 3334/6651/3112 3286/6650/2849
f 1346/7859/2058 970/7658/3095 1000/7860/3726
f 3342/4507/2392 3339/7861/2790 3430/7455/3587
f 2208/6988/3019 2164/7862/3727 2177/6989/3141
f 4281/7711/3090 4237/7009/3436 4256/7863/3634
f 1086/6121/1890 709/6123/3113 725/7864/3704
f 4101/6076/2764 4463/6075/3085 4115/7865/3728
f 4578/6567/3282 4580/6569/3284 4595/7823/3717
f 4233/7401/2734 4287/7866/3698 4300/7535/3199
f 3510/6336/3197 3493/7744/3617 3489/7867/3367
f 3484/6735/3343 3801/7868/3606 3800/7639/3605
f 2208/5878/3019 2216/6699/3329 2241/7564/3138
f 2256/5249/2749 2301/6691/3266 2261/7371/3560
f 4622/7150/3224 4624/7149/3302 4642/7869/3609
f 1668/7870/3132 1674/7133/3472 2128/7689/3592
f 4703/7066/3306 4642/7604/3609 4623/7239/3463
f 1949/4065/2139 1963/6827/3374 1960/6382/3214
f 4254/6725/3136 4255/7871/3310 4236/6726/3338
f 4521/6772/3353 4533/7872/3729 4523/7225/3504
f 4103/6157/3124 4190/7243/3203 4124/7873/3582
f 1565/6363/2376 1419/5628/2918 1415/7874/2892
f 4228/7875/1856 4258/7876/3676 4260/7877/2735
f 863/6402/2540 1688/7668/3193 1613/7667/3652
f 4077/7878/2535 4010/6748/2690 4061/7742/3688
f 2375/7879/1878 2361/7880/3693 2376/7881/3442
f 4050/7829/2763 4078/7817/3520 4080/7218/3501
f 4232/7882/2367 4240/7883/3730 3885/6504/2752
f 3779/6553/2574 3765/7038/3445 3766/7059/3452
f 3339/7861/2790 3448/7884/3123 3430/7455/3587
f 4857/7659/2327 4836/7885/3589 4834/7473/3597
f 4816/7572/3571 4817/7723/3576 4821/7722/3682
f 4583/6796/3364 4523/7225/3504 4534/7886/3731
f 4007/7713/2117 4063/7887/3732 4060/7714/3678
f 1420/5673/2935 2544/7888/3733 2543/7889/3734
f 3581/5757/2967 3680/7476/3599 3678/7305/3535
f 3750/7085/2778 3942/6873/3324 4116/7266/3522
f 4531/7856/3337 4535/7890/3735 4150/7550/3623
f 1041/7891/1237 681/7892/3371 61/7893/1549
f 402/4438/2354 416/7894/3736 412/7591/3640
f 1344/6485/1906 974/7895/3639 931/7896/3737
f 3880/6667/3010 3888/7339/3548 3719/7897/3738
f 4583/6796/3364 4536/7898/3739 4530/7806/3591
f 3382/7145/3480 3297/6945/3415 3384/7899/3740
f 1692/6779/3355 1693/7036/3443 1696/7900/3741
f 2376/7030/3442 2373/7221/3502 2360/7852/3690
f 530/6179/1513 1435/7901/3742 541/7902/3743
f 3375/6035/2676 3393/7423/3575 3394/7828/3391
f 4209/6669/3135 4194/7819/3715 4193/7486/3479
f 3698/7513/2585 3697/7186/2598 3683/7903/3744
f 1707/7729/1766 1753/7904/3745 973/7730/3683
f 4577/6578/3273 4537/7905/3746 4523/7225/3504
f 4760/6860/3387 4769/7814/3714 4770/7906/3747
f 1544/5055/1199 1358/7907/1886 1361/5056/2659
f 594/5207/1451 542/7908/3748 527/5208/2729
f 4260/7877/2735 4258/7876/3676 4259/7909/3749
f 288/3933/2071 209/7600/3643 309/7453/3467
f 4591/7505/3608 4594/7752/3691 4597/7910/3750
f 4257/6085/3097 4255/6636/3310 4258/7876/3676
f 2146/7911/2342 2133/7912/3751 2130/7913/3611
f 539/5664/2931 1428/7914/3752 1423/6566/3281
f 4211/5997/3012 4194/7819/3715 4191/7373/3562
f 12/6728/3340 59/7539/3399 67/7915/3753
f 2082/7916/3754 1614/7917/3754 1658/7918/3754
f 3904/4961/2611 3947/7919/3189 3893/7920/3755
f 1636/6300/3181 1605/7182/3488 1645/7351/3552
f 3423/5716/2954 3427/6794/3363 3425/6106/3108
f 3938/7921/2896 4116/7922/3522 4111/7607/3574
f 3879/7032/2945 3891/7507/3610 3719/7897/3738
f 3904/7407/2611 3889/7409/3572 3947/6317/3189
f 4241/6260/3166 4258/7923/3676 4334/7438/3249
f 3856/7924/3025 3894/7925/3756 3533/7926/3286
f 4101/6076/2764 4107/6740/3344 4112/7612/3614
f 4214/7654/2760 4209/6387/3135 4185/6386/3216
f 2126/7470/2552 2147/7927/3556 2133/7912/3751
f 4253/7346/2549 4239/7458/3590 4234/5586/2900
f 3768/7241/3512 3771/7793/3705 3772/7928/3636
f 4514/7420/3176 4139/7929/3757 4112/7516/3614
f 3755/7389/3093 3756/6835/3178 3764/6979/3429
f 4010/6748/2690 4053/6139/3120 4061/7742/3688
f 2126/7470/2552 2127/7930/3140 2147/7927/3556
f 2208/7931/3758 2241/7932/3758 2164/7933/3758
f 4176/7343/2584 4123/6839/3322 4113/7670/3661
f 4281/7934/3090 4255/7871/3310 4254/6725/3136
f 1637/7853/2061 2090/7338/2589 2085/7935/3033
f 3960/6872/2196 3968/7794/3584 3942/6873/3324
f 4592/7936/3402 4771/7937/3759 4589/7938/3555
f 4765/7546/3621 4767/7682/3666 4769/7814/3714
f 2160/7482/1895 2165/7939/3760 2221/7483/3600
f 4669/7168/3381 4764/7279/3529 4628/7278/3435
f 4834/7473/3597 4819/7573/3633 4820/7660/3658
f 2209/6512/3028 2297/7644/3062 2296/6513/3061
f 1636/6300/3181 1656/7601/3616 1605/7182/3488
f 4835/7721/3629 4840/7940/3761 4821/7722/3682
f 1703/4843/2561 1710/6024/3074 1715/7941/3762
f 1671/7942/3317 2092/7734/3670 1646/7943/3763
f 1643/7559/3489 1605/7944/3488 1648/7655/3657
f 1849/7945/3030 2134/7946/3764 2148/7947/3710
f 4233/7401/2734 4300/7535/3199 4288/7948/3765
f 3417/4338/2302 3443/7743/2728 3700/7751/3673
f 527/5208/2729 595/7949/3766 541/7902/3743
f 4048/4857/2566 4078/7950/3520 4337/6314/3188
f 3298/7688/3096 2355/7687/3335 3393/7787/3575
f 2242/7249/3127 2161/7951/3601 2168/7250/3516
f 3946/7044/3447 3963/7311/3538 3950/7525/3578
f 4077/7878/2535 4061/7742/3688 4064/7952/3767
f 3880/6667/3010 3719/7897/3738 3890/7433/3553
f 4257/7953/3097 4258/7954/3676 4241/7955/3166
f 1988/4384/2010 2007/5684/2940 2013/7956/3768
f 1644/7217/3233 1640/7001/3433 2091/6954/3421
f 2186/7957/1306 2165/7939/3760 2160/7482/1895
f 2076/6365/2111 1640/7001/3433 1638/6366/3209
f 277/6974/1296 426/6976/3428 436/7958/3653
f 4872/7576/3393 4834/7696/3597 4836/7959/3589
f 4521/6772/3353 4522/7080/3457 4533/7872/3729
f 723/7771/2595 722/7770/3696 713/7960/3451
f 3945/6999/3432 3967/7758/3680 3963/7311/3538
f 4463/6075/3085 4113/7670/3661 4115/7865/3728
f 4300/7535/3199 4285/7432/3580 4288/7948/3765
f 2242/7756/3127 2215/6463/3243 2246/7961/3238
f 3380/7962/3021 3297/6945/3415 3433/7179/3383
f 4116/7922/3522 3954/7807/3711 4111/7607/3574
f 4048/4857/2566 4065/7963/3497 4060/7714/3678
f 3419/4462/2364 3423/5716/2954 3429/7258/3519
f 3423/5716/2954 3425/6106/3108 3432/7673/3662
f 3417/6557/2302 3700/7701/3673 3677/6558/3277
f 1640/7001/3433 1659/7964/3644 1656/7579/3616
f 3697/7186/2598 3675/6362/3208 3683/7903/3744
f 4299/7481/2608 4286/7703/3674 4420/7161/3401
f 1633/5302/2775 1659/7964/3644 1640/7001/3433
f 2366/4000/2101 2376/7881/3442 2359/7836/3720
f 4258/7876/3676 4242/7965/3769 4259/7909/3749
f 3969/5083/2448 3965/7445/3585 3967/7758/3680
f 1849/7945/3030 2132/7966/3672 2134/7946/3764
f 1633/5302/2775 1640/7001/3433 1639/6949/3418
f 4148/7732/3207 4532/7967/3725 4136/7421/3573
f 4232/7882/2367 4016/7968/2739 4240/7883/3730
f 3468/6446/1907 2374/6448/3237 3494/7969/3716
f 4641/7240/3511 4642/7604/3609 4629/7970/3770
f 1707/5679/1766 1706/5678/2937 1716/7971/3771
f 1924/7391/1938 1858/7972/3772 1902/7392/3567
f 3331/4867/2571 3432/7673/3662 3425/6106/3108
f 4233/7401/2734 4288/7948/3765 4285/7432/3580
f 3963/7311/3538 3967/7758/3680 3949/7973/3568
f 1448/7974/3244 2991/7975/3773 540/7976/3620
f 4101/6076/2764 4139/7977/3757 4514/7467/3176
f 1638/6366/3209 1657/7580/3375 1647/7978/3774
f 3904/4961/2611 3893/7920/3755 3953/7979/3775
f 3856/7533/3025 3887/7532/3459 3894/7980/3756
f 3835/7822/2816 3540/7981/3498 3487/7982/3561
f 2090/7338/2589 2102/7530/3499 2085/7935/3033
f 1415/7874/2892 1419/5628/2918 539/5664/2931
f 3418/4411/2339 3423/5716/2954 3432/7673/3662
f 2288/7983/2134 2317/5318/2783 2299/7205/3500
f 2288/7984/2134 2322/7985/3776 2317/6321/2783
f 1081/7398/1354 726/7986/3777 709/6123/3113
f 1302/6560/1532 920/6008/3068 923/7987/3778
f 4759/6837/3378 4768/7731/3684 4762/7061/3453
f 2264/5857/3011 2318/7449/3293 2300/7988/3779
f 4107/6740/3344 4114/7795/3706 4113/7670/3661
f 1954/7989/2506 1962/7990/3274 1968/7991/3780
f 2218/6879/3226 2217/6715/3334 2304/7992/3515
f 4569/4793/2534 4515/5851/3007 4624/6612/3302
f 3484/6735/3343 3508/6978/3357 3491/7681/3665
f 3714/5746/2963 3890/7418/3553 3895/7993/3781
f 4682/7120/3369 4625/7242/3513 4630/7994/3603
f 3885/6504/2752 4240/7883/3730 4235/6505/3257
f 2005/6494/2212 2042/6496/3256 2011/7995/3699
f 1085/6029/1604 708/6028/3076 721/7695/3671
f 4016/7968/2739 4259/7996/3749 4240/7883/3730
f 2245/7798/3144 2304/7992/3515 2217/6715/3334
f 2260/7302/3534 2261/7371/3560 2270/7678/3100
f 1090/7685/2444 720/7684/3667 727/7997/3105
f 3313/7998/3713 3312/7813/3713 3311/7812/3713
f 1088/7999/1444 710/8000/3190 749/4550/2420
f 2076/6365/2111 2091/6954/3421 1640/7001/3433
f 3966/8001/1792 3892/7775/3648 3953/7979/3775
f 3966/7394/1792 3953/8002/3775 3964/7671/3577
f 4007/7837/2117 4079/7839/3721 4063/8003/3732
f 2297/5993/3062 2222/6422/3230 2325/8004/3782
f 531/7131/2914 1449/6551/3276 532/8005/3320
f 2264/5857/3011 2301/8006/3266 2262/8007/3635
f 709/7641/3113 719/7675/3663 725/7825/3704
f 1448/8008/3244 2987/8009/3783 2991/8010/3773
f 4073/7815/1992 4078/7817/3520 4050/7829/2763
f 1342/8011/1457 1346/7859/2058 1000/7860/3726
f 4048/4857/2566 4063/7887/3732 4078/7950/3520
f 3540/7413/3498 3536/7236/3510 3487/8012/3561
f 1692/6779/3355 1697/8013/3784 1727/8014/3785
f 1948/4623/2029 1969/8015/3786 2009/7425/3554
f 3378/8016/2921 3385/8017/3787 3299/8018/3788
f 4056/8019/3168 4079/7839/3721 4055/7838/3232
f 4578/6567/3282 4595/7823/3717 4589/7358/3555
f 1303/6484/1258 924/7138/3477 956/8020/3789
f 4816/7572/3571 4820/7660/3658 4819/7573/3633
f 1638/6366/3209 1647/7978/3774 2092/7734/3670
f 751/8021/1624 727/8022/3105 752/8023/2740
f 4577/6578/3273 4530/7806/3591 4537/7905/3746
f 4576/6312/3186 4603/8024/3694 4526/7434/3517
f 4016/7968/2739 4243/8025/3790 4259/7996/3749
f 4235/6505/3257 4255/7831/3310 4256/7581/3634
f 4101/6076/2764 4112/7612/3614 4139/7977/3757
f 4795/4517/2401 4813/7257/3518 4837/7645/3474
f 3283/6526/2813 3295/8026/3791 3284/6527/2829
f 3448/7884/3123 3431/7456/3588 3430/7455/3587
f 409/6681/2696 534/6680/3325 543/8027/3702
f 3509/8028/3413 3495/8029/3792 3493/8030/3617
f 4590/7450/3586 4591/7505/3608 4603/7755/3694
f 3857/7619/2979 3541/7233/3508 3840/6654/3080
f 3879/7032/2945 3719/7897/3738 3888/7339/3548
f 3929/4593/2104 3970/7227/3506 3969/8031/2448
f 2371/8032/3270 2015/8033/3793 2373/7221/3502
f 1633/7763/2775 1612/6611/2786 1597/6610/3301
f 4581/6789/3360 4589/7358/3555 4596/7843/3723
f 4544/7419/2103 4136/7421/3573 4532/7967/3725
f 2288/8034/2134 2320/8035/3330 2302/8036/3794
f 4812/7661/3509 4820/7660/3658 4813/8037/3518
f 1615/5085/2673 1594/6020/3072 1604/8038/3655
f 2157/6197/3137 2164/8039/3727 2241/6198/3138
f 4592/7548/3402 4589/7358/3555 4593/7549/3622
f 4148/7732/3207 4138/7766/3695 4532/7967/3725
f 3421/7264/2746 3431/8040/3588 3448/8041/3123
f 3969/5083/2448 3970/8042/3506 3965/7445/3585
f 4260/8043/2735 4259/7996/3749 4243/8025/3790
f 3886/7042/3446 3894/7980/3756 3887/7532/3459
f 2130/7913/3611 2135/8044/3795 2092/8045/3670
f 2362/8046/3422 2025/8047/3796 2361/8048/3693
f 4527/7273/3405 4528/7553/3625 4529/7773/3697
f 1418/5621/2081 1417/5620/2916 1424/6765/3248
f 4259/7996/3749 4242/8049/3769 4244/8050/3797
f 4013/6113/3110 4019/8051/3679 3883/7487/3174
f 1633/7763/2775 1648/7655/3657 1659/8052/3644
f 530/6108/1513 541/8053/3743 529/5659/2929
f 3314/8054/2405 3297/6945/3415 3380/7962/3021
f 1844/7847/3384 1694/7070/3455 1698/8055/3798
f 1658/6965/3424 1614/8056/3536 1600/6966/3425
f 3340/4864/2570 3380/6125/3021 3432/7673/3662
f 862/5947/2710 1735/8057/3799 1693/7635/3443
f 3484/6735/3343 3496/8058/3800 3801/7868/3606
f 3376/5224/2737 3386/8059/3801 3383/7308/3537
f 2374/7374/3237 2363/8060/3802 2357/7375/3563
f 3831/5341/2373 3835/7822/2816 3490/7312/3539
f 100/8061/3180 13/7198/3496 214/6788/3359
f 2156/4699/2490 2132/8062/3672 1849/5905/3030
f 1984/4870/2227 1877/6579/3285 1905/7214/3333
f 4816/7572/3571 4821/7722/3682 4820/7660/3658
f 3944/7778/3431 3952/7777/3638 3968/7794/3584
f 408/6131/3117 417/8063/3803 433/6950/3419
f 1822/2494/1235 1874/3560/1889 1850/7791/3703
f 3947/7919/3189 3950/8064/3578 3893/7920/3755
f 4602/8065/3003 4822/8066/3804 4811/6913/3404
f 3767/7197/3495 3770/7712/3677 3769/7504/3607
f 4299/7481/2608 4282/7163/3483 4289/8067/3805
f 4007/4643/2117 4019/8051/3679 4013/6113/3110
f 2176/6927/2794 2270/8068/3100 2162/7733/3685
f 1415/5573/2892 539/8069/2931 1427/7521/3615
f 2168/7250/3516 2161/7951/3601 2221/8070/3600
f 714/7222/1648 728/8071/3806 722/8072/3696
f 3961/6959/2393 3963/7311/3538 3946/7044/3447
f 3421/7264/2746 3427/6794/3363 3431/8040/3588
f 1342/8073/1457 1356/6905/3400 1355/6904/1771
f 1692/6779/3355 1696/7900/3741 1697/8013/3784
f 527/5208/2729 542/7908/3748 595/7949/3766
f 2321/4202/2221 3294/7845/3724 3311/6021/3073
f 3698/7513/2585 3683/7903/3744 3679/7317/3541
f 1342/8011/1457 998/8074/3807 1356/8075/3400
f 1984/4870/2227 1905/7214/3333 1989/8076/3458
f 4214/5278/2760 4191/7373/3562 4209/6669/3135
f 4016/6497/2739 3883/6282/3174 4019/8077/3679
f 3418/4411/2339 3432/7673/3662 3428/6920/3382
f 4641/7240/3511 4629/7970/3770 4625/8078/3513
f 4260/5222/2735 4338/8079/3808 4065/7200/3497
f 2156/4699/2490 2162/7733/3685 2178/8080/3618
f 4240/7883/3730 4259/7996/3749 4244/8050/3797
f 2159/6928/3408 2162/7733/3685 2166/8081/3809
f 1708/5759/2968 1717/8082/3810 1712/6278/3172
f 156/2393/1117 787/8083/3811 163/2626/1303
f 14/6842/3380 191/8084/3812 300/8085/3430
f 3539/7275/3526 3541/7414/3508 3534/7020/3439
f 4589/7358/3555 4595/7823/3717 4593/7549/3622
f 4255/6636/3310 4242/7965/3769 4258/7876/3676
f 4682/7120/3369 4630/7994/3603 4628/7468/3435
f 1955/6544/2536 2017/7841/3722 1990/8086/3813
f 4183/6068/3092 4192/7464/3594 4185/6386/3216
f 3547/6737/3045 3487/8012/3561 3536/7236/3510
f 535/6800/3366 544/8087/3814 538/7146/3481
f 2146/7911/2342 2129/7471/3596 2133/7912/3751
f 3756/6835/3178 3783/6980/3352 3764/6979/3429
f 1420/5673/2935 1426/7116/3470 2544/7888/3733
f 2157/6197/3137 2177/8088/3141 2164/8039/3727
f 2159/6928/3408 2166/8081/3809 2163/7804/3709
f 1704/5662/2930 1718/8089/3815 2389/7485/3602
f 1692/6779/3355 1727/8014/3785 1694/7070/3455
f 2242/7249/3127 2246/8090/3238 2161/7951/3601
f 1615/8091/2673 1600/6966/3425 1614/8056/3536
f 4255/7831/3310 4245/8092/3816 4242/8049/3769
f 403/4716/2498 418/8093/3817 408/6131/3117
f 4101/6076/2764 4115/7865/3728 4114/7795/3706
f 4253/7346/2549 4256/7863/3634 4239/7458/3590
f 2371/7357/3270 2014/8094/3818 2015/8095/3793
f 1605/7182/3488 1659/7602/3644 1648/8096/3657
f 2156/4699/2490 2163/7804/3709 2167/8097/3819
f 2317/6321/2783 2300/8098/3779 2318/6595/3293
f 2126/7470/2552 2133/7912/3751 2129/7471/3596
f 2321/8099/2221 2295/8100/2665 2303/8101/3820
f 294/8102/3254 179/8103/3395 180/8104/3821
f 3485/6850/3385 3494/7820/3716 3491/7681/3665
f 3378/8016/2921 3387/8105/3822 3298/8106/3096
f 2218/6414/3226 2304/8107/3515 2222/6422/3230
f 4235/6505/3257 4240/7883/3730 4245/8092/3816
f 413/7808/3267 411/7555/3626 419/8108/3545
f 530/6179/1513 532/6662/3320 1435/7901/3742
f 1424/6765/3248 1423/6566/3281 1429/8109/3823
f 3283/7846/2813 3294/7845/3724 3387/8110/3822
f 1448/8008/3244 2566/8111/3449 2987/8009/3783
f 3313/7844/2810 3311/6021/3073 3294/7845/3724
f 3383/8112/3537 3386/8113/3801 3296/8114/3824
f 2566/8115/3449 2543/8116/3734 3027/8117/3825
f 1563/6785/1784 1430/8118/3826 1424/6786/3248
f 1657/7580/3375 2092/7734/3670 1647/7978/3774
f 3376/5224/2737 3298/6084/3096 3386/8059/3801
f 434/5836/3001 410/6746/3345 420/8119/3827
f 4524/7244/3514 4538/8120/3828 4528/7553/3625
f 1047/6228/1183 786/6005/3067 820/6562/3279
f 4176/7343/2584 4113/7670/3661 4110/7344/3549
f 3761/6926/3407 3769/7504/3607 3770/7712/3677
f 2157/6197/3137 2179/7263/3271 2177/8088/3141
f 2371/7357/3270 2016/8121/3829 2014/8094/3818
f 4056/8122/3168 4064/7952/3767 4079/8123/3721
f 2130/7913/3611 2133/7912/3751 2135/8044/3795
f 714/7222/1648 715/7224/3503 728/8071/3806
f 1633/6690/2775 1606/8124/3830 1612/8125/2786
f 2356/7113/3468 2359/7836/3720 2358/7489/3604
f 4589/7358/3555 4771/8126/3759 4779/8127/3831
f 1660/8128/3318 1649/8129/3832 1657/7580/3375
f 4077/7878/2535 4064/7952/3767 4056/8122/3168
f 2374/8130/3237 3804/8131/3628 3494/7820/3716
f 4523/7225/3504 4538/8120/3828 4524/7244/3514
f 1671/7942/3317 1649/8129/3832 1660/8128/3318
f 1657/7580/3375 1650/8132/3833 1646/7943/3763
f 156/8133/1117 668/8134/1485 787/8135/3811
f 4016/7968/2739 4338/8136/3808 4243/8025/3790
f 2376/7881/3442 2361/7880/3693 2359/7836/3720
f 1592/5797/2985 1604/7649/3655 1603/7648/3654
f 674/7090/3014 673/6359/3206 675/7091/3460
f 3891/7507/3610 3953/7979/3775 3892/7775/3648
f 4766/7585/3637 4771/7937/3759 4768/7731/3684
f 58/6607/3299 60/7538/3619 18/8137/3834
f 4078/8138/3520 4079/8123/3721 4064/7952/3767
f 594/5660/1451 529/5659/2929 542/8139/3748
f 3968/7444/3584 3967/7758/3680 3965/7445/3585
f 4059/7562/3630 4064/7952/3767 4061/7742/3688
f 2146/7501/2342 2132/7698/3672 2129/8140/3596
f 1594/6020/3072 1596/6404/3223 1604/8038/3655
f 4589/7358/3555 4779/8127/3831 4596/7843/3723
f 1419/5628/2918 1428/7914/3752 539/5664/2931
f 2373/7221/3502 2015/8033/3793 2360/7852/3690
f 4531/7856/3337 4529/7773/3697 4522/7080/3457
f 4108/6899/3398 4111/7672/3574 4124/7437/3582
f 4285/7432/3580 4286/7703/3674 4290/8141/3835
f 1874/7177/1889 1925/7176/3486 1909/8142/3836
f 4530/7459/3591 4597/7910/3750 4594/7752/3691
f 2156/4699/2490 2166/8081/3809 2162/7733/3685
f 3534/7020/3439 3541/7414/3508 3535/7093/3462
f 2179/8143/3271 2129/8144/3596 2136/8145/3837
f 2352/7129/2738 3799/7128/3473 3804/7802/3628
f 1046/6357/1735 673/6359/3206 674/7090/3014
f 3904/4961/2611 3953/7979/3775 3891/7507/3610
f 2301/6691/3266 2223/8146/3838 2261/7371/3560
f 4235/6505/3257 4245/8092/3816 4255/7831/3310
f 3856/7924/3025 3533/7926/3286 3844/8147/3551
f 3890/7433/3553 3719/7897/3738 3895/8148/3781
f 1657/7580/3375 1646/7943/3763 2092/7734/3670
f 3856/7924/3025 3844/8147/3551 3841/7726/3326
f 3713/8149/2870 3719/7897/3738 3891/7507/3610
f 1615/8091/2673 1604/7649/3655 1599/6702/3331
f 3713/7109/2870 3714/5746/2963 3719/8150/3738
f 282/3575/1626 9/6349/3201 15/8151/3839
f 2177/8152/3141 2179/8153/3271 2178/8080/3618
f 2288/8034/2134 2302/8036/3794 2322/8154/3776
f 3718/8155/3287 3886/7042/3446 3890/7832/3553
f 3841/7726/3326 3844/8147/3551 3535/7727/3462
f 3383/8156/3537 3296/8157/3824 2302/8036/3794
f 3964/7427/3577 3893/8158/3755 3950/7428/3578
f 4233/5220/2734 4239/7458/3590 4287/7780/3698
f 3510/7180/3197 3492/7690/3668 3486/7181/3487
f 4813/8037/3518 4820/7660/3658 4821/7722/3682
f 309/7738/3467 211/8159/3840 178/7739/3687
f 4237/7009/3436 4246/8160/3841 4256/7863/3634
f 1615/8091/2673 1599/6702/3331 1600/6966/3425
f 1905/6711/3333 1846/7037/3444 1906/8161/3842
f 2374/6448/3237 2358/7489/3604 2363/8162/3802
f 4762/7061/3453 4768/7731/3684 4839/8163/3557
f 297/8164/3558 181/8165/3843 299/8166/3651
f 4592/7936/3402 4839/8163/3557 4771/7937/3759
f 434/5836/3001 420/8119/3827 412/8167/3640
f 1423/6566/3281 1428/7914/3752 1429/8109/3823
f 4625/8078/3513 4629/7970/3770 4642/7604/3609
f 2222/8168/3230 2304/7269/3515 2220/7809/3712
f 410/6746/3345 543/7789/3702 420/8119/3827
f 4669/7168/3381 4628/7278/3435 4779/8169/3831
f 1089/7058/2225 729/8170/3844 712/6547/3275
f 3510/7180/3197 3490/7496/3539 3846/8171/3845
f 3314/8172/3846 3286/8173/3846 3297/8174/3846
f 3384/8175/3740 3395/8176/3524 3385/8017/3787
f 14/6842/3380 187/7396/3569 191/8084/3812
f 1426/7116/3470 1427/7521/3615 2544/7888/3733
f 4766/7585/3637 4770/7906/3747 4771/7937/3759
f 2044/8177/2095 2348/8178/3200 2065/8179/3847
f 3027/8180/3825 3026/8181/3848 2984/8182/3849
f 672/6358/2236 717/7379/3564 737/8183/3850
f 672/6358/2236 737/8183/3850 673/6359/3206
f 4515/6861/3007 4630/7488/3603 4624/8184/3302
f 2042/6496/3256 2045/8185/3675 2014/8094/3818
f 1703/4843/2561 1719/8186/3851 1711/6041/3081
f 4209/6669/3135 4191/7373/3562 4194/7819/3715
f 4260/8043/2735 4243/8025/3790 4338/8136/3808
f 1834/3691/1950 1847/7092/3461 1851/8187/3852
f 282/3090/1626 243/8188/3853 184/7609/3646
f 3444/6078/2903 3431/8040/3588 3427/6794/3363
f 2371/7357/3270 2009/7356/3554 2016/8121/3829
f 402/4438/2354 433/7025/3419 417/8189/3803
f 3484/6735/3343 3802/7640/3627 3488/7465/3595
f 1657/7580/3375 1649/8129/3832 1650/8132/3833
f 4591/7505/3608 4598/8190/3854 4603/7755/3694
f 2090/8191/2589 2092/8045/3670 2147/7927/3556
f 309/7738/3467 209/8192/3643 211/8159/3840
f 4761/7054/3450 4779/8193/3831 4767/7682/3666
f 58/6607/3299 18/8137/3834 59/6902/3399
f 1344/6485/1906 931/7896/3737 967/6486/3250
f 1923/5656/2927 2571/8194/3855 1900/6793/3362
f 1901/7332/3547 1904/8195/3856 1903/7857/3692
f 4299/7481/2608 4290/8141/3835 4286/7703/3674
f 2270/8068/3100 2261/8196/3560 2162/7733/3685
f 719/7675/3663 721/7695/3671 730/8197/3857
f 4624/8184/3302 4625/8198/3513 4642/8199/3609
f 1081/8200/1354 671/8201/1356 774/8202/3858
f 3541/7414/3508 3538/7274/3525 3536/7236/3510
f 4602/5839/3003 4837/7130/3474 4822/8203/3804
f 1354/4756/2517 527/8204/2729 1359/8205/3859
f 2324/6430/2997 2296/5992/3061 2325/8206/3782
f 4811/6913/3404 4822/8066/3804 4839/7361/3557
f 2357/7375/3563 2363/8060/3802 2361/8048/3693
f 3378/8016/2921 3299/8018/3788 3387/8105/3822
f 4080/8207/3501 4078/8138/3520 4059/7562/3630
f 4531/7856/3337 4522/7080/3457 4535/7890/3735
f 419/8208/3545 412/8167/3640 420/8119/3827
f 2264/8209/3011 2223/8146/3838 2301/6691/3266
f 2168/8210/3516 2221/8211/3600 2162/8212/3685
f 1841/5086/2674 1714/7796/3707 1709/5798/2986
f 3027/8180/3825 2985/8213/3860 3026/8181/3848
f 4630/7488/3603 4596/7843/3723 4779/8127/3831
f 4519/6591/3290 4535/7890/3735 4522/7080/3457
f 1612/8125/2786 1606/8124/3830 1603/7648/3654
f 671/5322/1356 670/5306/2776 731/8214/3861
f 3484/6735/3343 3491/7681/3665 3496/8058/3800
f 4839/8163/3557 4768/7731/3684 4771/7937/3759
f 1710/6024/3074 1720/8215/3862 1715/7941/3762
f 535/6800/3366 540/7540/3620 1450/8216/3863
f 4016/8217/2739 4019/7715/3679 4338/8218/3808
f 1712/6278/3172 1721/8219/3864 1752/7515/3613
f 1592/5797/2985 1603/7648/3654 1606/8124/3830
f 2168/7757/3516 2162/8220/3685 2261/8221/3560
f 2156/4699/2490 2178/8080/3618 2132/8062/3672
f 1988/8222/2010 2046/8223/3865 2017/8224/3722
f 3835/7822/2816 3487/7982/3561 3490/7312/3539
f 4103/6157/3124 4124/7873/3582 4111/7422/3574
f 3291/6459/3063 3295/8026/3791 3395/7272/3524
f 3380/6125/3021 3433/7674/3383 3432/7673/3662
f 710/8000/3190 707/8225/2981 734/8226/3866
f 4769/7814/3714 4771/7937/3759 4770/7906/3747
f 3948/7189/3492 3949/7395/3568 3967/7716/3680
f 3298/8227/3096 3387/8110/3822 3386/8113/3801
f 1841/8228/2674 1878/8229/3664 1852/8230/3867
f 4522/7080/3457 4528/7553/3625 4538/8120/3828
f 2295/8231/2665 2323/8232/3165 2303/8233/3820
f 3395/7272/3524 3295/8026/3791 3299/8234/3788
f 2317/6321/2783 2322/7985/3776 2300/8098/3779
f 434/5836/3001 412/8167/3640 416/8235/3736
f 1954/7989/2506 1992/8236/3868 1966/8237/3523
f 4767/7682/3666 4771/7937/3759 4769/7814/3714
f 1960/6382/3214 1963/6827/3374 1991/8238/3869
f 4523/7225/3504 4537/7905/3746 4534/7886/3731
f 2324/8239/2997 2303/8233/3820 2323/8232/3165
f 3283/6526/2813 3387/8240/3822 3295/8026/3791
f 2222/8168/3230 2220/7809/3712 2223/8241/3838
f 1567/5627/2692 1428/7914/3752 1419/5628/2918
f 1303/8242/1258 956/8243/3789 921/7663/1669
f 3340/4864/2570 3432/7673/3662 3331/4867/2571
f 2132/7966/3672 2137/8244/3870 2134/7946/3764
f 4813/8037/3518 4821/7722/3682 4840/7940/3761
f 4519/6591/3290 4150/7550/3623 4535/7890/3735
f 3284/6527/2829 3295/8026/3791 3291/6459/3063
f 2007/5684/2940 2008/6753/3347 2018/8245/3871
f 972/7747/3689 1731/8246/3872 975/8247/3873
f 2179/8153/3271 2132/8062/3672 2178/8080/3618
f 4624/8184/3302 4630/7488/3603 4625/8198/3513
f 973/7790/3683 1731/8246/3872 972/7747/3689
f 527/5208/2729 541/7902/3743 1435/7901/3742
f 3488/7465/3595 3802/7640/3627 3497/8248/3874
f 718/7633/1622 709/6123/3113 716/7594/3641
f 3510/7180/3197 3846/8171/3845 3492/7690/3668
f 3759/6646/3314 3772/7928/3636 3771/7793/3705
f 2264/8249/3011 2222/8250/3230 2223/8251/3838
f 4237/7009/3436 4287/7780/3698 4239/7458/3590
f 179/8103/3395 298/8252/3593 182/8253/3875
f 4048/4857/2566 4060/7714/3678 4063/7887/3732
f 1083/7683/1472 1087/6548/1964 720/7684/3667
f 3942/6873/3324 3968/7794/3584 4116/7266/3522
f 1704/5662/2930 1752/7537/3613 1718/8089/3815
f 1633/6690/2775 1592/5797/2985 1606/8124/3830
f 4282/7163/3483 4284/7431/3579 4289/8067/3805
f 1592/5797/2985 1599/6702/3331 1604/7649/3655
f 3509/7096/3413 3488/7465/3595 3495/8254/3792
f 2147/7927/3556 2135/8044/3795 2133/7912/3751
f 4299/7481/2608 4289/8067/3805 4284/7431/3579
f 4669/6845/3381 4779/8193/3831 4761/7054/3450
f 2131/7608/3645 2148/7805/3710 2132/7698/3672
f 4523/7225/3504 4533/7872/3729 4538/8120/3828
f 2044/8177/2095 2065/8179/3847 2362/8255/3422
f 1841/5086/2674 1722/8256/3876 1714/7796/3707
f 3718/8155/3287 3896/8257/3877 3886/7042/3446
f 282/3575/1626 15/8151/3839 210/8258/3878
f 1418/5621/2081 1424/6765/3248 1449/8259/3276
f 2296/5992/3061 2297/8260/3062 2325/8206/3782
f 4767/7682/3666 4779/8193/3831 4771/7937/3759
f 3674/6110/3103 3677/6558/3277 3682/7669/3660
f 3533/8261/3286 3894/7980/3756 3718/8155/3287
f 3714/8262/2963 3895/8148/3781 3719/7897/3738
f 1694/7070/3455 1725/8263/3879 1698/8055/3798
f 4530/7806/3591 4536/7898/3739 4537/7905/3746
f 527/8264/2729 1435/8265/3742 1359/8266/3859
f 4628/8267/3435 4630/7488/3603 4779/8127/3831
f 2045/8185/3675 2015/8095/3793 2014/8094/3818
f 1473/4757/1971 1354/4756/2517 974/7590/3639
f 2178/8268/3618 2162/8269/3685 2169/8270/3880
f 3395/8176/3524 3299/8018/3788 3385/8017/3787
f 1874/7177/1889 1909/8142/3836 1853/8271/3881
f 4060/7714/3678 4066/8272/3882 4019/7715/3679
f 1898/3505/1863 1926/8273/3883 1923/5654/2927
f 967/6486/3250 924/7138/3477 968/7137/3476
f 3804/7802/3628 3496/8274/3800 3805/8275/3884
f 1711/6041/3081 1719/8186/3851 1697/8276/3784
f 402/8277/2354 421/8278/3885 416/8279/3736
f 2302/8036/3794 3296/8157/3824 2303/8101/3820
f 2264/8249/3011 2300/8280/3779 2222/8250/3230
f 3493/8281/3617 3497/8248/3874 3802/7640/3627
f 1878/8229/3664 1854/8282/3886 1852/8230/3867
f 4813/8037/3518 4840/7940/3761 4839/7361/3557
f 4583/6796/3364 4534/7886/3731 4536/7898/3739
f 4526/8283/3517 4597/7910/3750 4530/7459/3591
f 2042/6496/3256 2016/8121/3829 2011/7995/3699
f 419/8108/3545 411/7555/3626 412/7591/3640
f 1960/6382/3214 1991/8238/3869 1970/8284/3887
f 3384/7899/3740 3297/6945/3415 3395/8285/3524
f 1731/8246/3872 1368/8286/3888 975/8247/3873
f 4239/7458/3590 4256/7863/3634 4246/8160/3841
f 713/7960/3451 722/7770/3696 747/8287/3889
f 1874/8288/1889 1855/8289/3890 1850/8290/3703
f 2147/7927/3556 2092/8045/3670 2135/8044/3795
f 1703/4843/2561 1723/8291/3891 1719/8186/3851
f 4065/7963/3497 4339/8292/3892 4060/7714/3678
f 4078/8138/3520 4064/7952/3767 4059/7562/3630
f 2/3355/1600 300/6994/3430 681/6819/3371
f 2156/4699/2490 2167/8097/3819 2166/8081/3809
f 4591/7505/3608 4593/7549/3622 4595/7823/3717
f 2042/6496/3256 2014/8094/3818 2016/8121/3829
f 1671/7942/3317 1646/7943/3763 1649/8129/3832
f 1567/5627/2692 1429/8109/3823 1428/7914/3752
f 2132/7966/3672 2148/7947/3710 2137/8244/3870
f 3677/6558/3277 3700/7701/3673 3682/7669/3660
f 535/6800/3366 1450/8216/3863 544/8087/3814
f 2321/4202/2221 3296/8114/3824 3386/8113/3801
f 4116/7266/3522 3968/7794/3584 3952/7777/3638
f 4299/7481/2608 4285/7432/3580 4290/8141/3835
f 971/7709/2987 976/8293/3893 1347/7657/3242
f 3964/8294/3577 3953/7979/3775 3893/7920/3755
f 971/7748/2987 972/7747/3689 976/8295/3893
f 4526/8283/3517 4603/7755/3694 4598/8190/3854
f 1898/4066/1863 1960/6382/3214 1970/8284/3887
f 2321/8099/2221 2303/8101/3820 3296/8157/3824
f 3799/7128/3473 3803/7570/3632 3804/7802/3628
f 4237/7009/3436 4247/8296/3894 4246/8160/3841
f 972/7747/3689 975/8247/3873 976/8295/3893
f 1358/7518/1886 1360/8297/3895 1361/8298/2659
f 4837/8299/3474 4813/8037/3518 4822/8066/3804
f 1924/3667/1938 1903/7753/3692 1858/8300/3772
f 4522/7080/3457 4538/8120/3828 4533/7872/3729
f 1989/8301/3458 1971/8302/3896 1964/7680/3490
f 1988/8303/2010 2019/8304/3897 2046/8305/3865
f 3675/6362/3208 3679/7317/3541 3683/7903/3744
f 300/8306/3430 53/8307/3898 16/8308/3899
f 1091/7223/2756 1092/7826/3414 715/7224/3503
f 3794/7127/1897 3798/8309/2942 3820/8310/3900
f 1954/7989/2506 1968/7991/3780 1992/8236/3868
f 3492/7690/3668 3846/8171/3845 3498/8311/3901
f 12/6981/3340 67/8312/3753 17/8313/3902
f 1694/7070/3455 1727/8014/3785 1725/8263/3879
f 671/8201/1356 731/8314/3861 774/8202/3858
f 2543/8116/3734 2544/8315/3733 2377/8316/3903
f 1427/7521/3615 1450/8317/3863 2544/7888/3733
f 2129/8144/3596 2132/8318/3672 2138/8319/3904
f 1424/6786/3248 1430/8118/3826 1449/6551/3276
f 3886/7042/3446 3897/8320/3905 3894/7980/3756
f 1707/7729/1766 1716/8321/3771 1754/8322/3906
f 539/8069/2931 545/8323/3907 1427/7521/3615
f 3286/8324/2849 3395/8285/3524 3297/6945/3415
f 2324/8239/2997 2300/8098/3779 2322/7985/3776
f 3678/7305/3535 3680/7476/3599 3681/7552/3624
f 4534/7886/3731 4537/7905/3746 4536/7898/3739
f 1707/7729/1766 1754/8322/3906 1753/7904/3745
f 970/7658/3095 1347/7657/3242 977/8325/3908
f 2011/7781/3699 2046/8305/3865 2020/8326/3909
f 1841/8228/2674 1856/8327/3910 1722/8328/3876
f 2017/8329/3722 1969/8015/3786 1990/8330/3813
f 728/8071/3806 730/8197/3857 732/8331/3911
f 4150/7765/3623 4532/7967/3725 4138/7766/3695
f 2221/7483/3600 2165/7939/3760 2170/8332/3912
f 2186/7957/1306 2178/8268/3618 2165/7939/3760
f 4116/7266/3522 3952/7777/3638 3954/8333/3711
f 4242/8049/3769 4245/8092/3816 4244/8050/3797
f 1948/4623/2029 1964/7680/3490 1969/8015/3786
f 293/6975/3057 178/7739/3687 426/6976/3428
f 752/5786/2740 722/7770/3696 707/5787/2981
f 1876/7294/3412 1906/8161/3842 1846/7037/3444
f 4060/7714/3678 4339/8292/3892 4066/8272/3882
f 4591/7505/3608 4597/7910/3750 4598/8190/3854
f 707/5787/2981 733/8334/3913 734/8335/3866
f 2009/7425/3554 1969/8015/3786 2017/8329/3722
f 1422/6285/3175 1424/6765/3248 1429/8109/3823
f 1711/6041/3081 1753/8336/3745 1724/8337/3914
f 1711/6041/3081 1697/8276/3784 1753/8336/3745
f 1712/6278/3172 1725/8338/3879 1721/8219/3864
f 2324/8239/2997 2325/8339/3782 2300/8098/3779
f 970/7658/3095 977/8325/3908 1000/7860/3726
f 2011/7995/3699 2016/8121/3829 2046/8223/3865
f 294/8340/3254 183/8341/3915 209/8342/3643
f 3794/7127/1897 3820/8310/3900 3803/7570/3632
f 3801/7500/3606 3496/8274/3800 3804/7802/3628
f 539/7310/2931 538/7146/3481 545/8343/3907
f 4526/8283/3517 4598/8190/3854 4597/7910/3750
f 4237/7009/3436 4239/7458/3590 4247/8296/3894
f 2221/8211/3600 2170/8344/3912 2162/8212/3685
f 920/6008/3068 922/7664/3659 923/7987/3778
f 2566/8345/3449 3027/8346/3825 2986/8347/3916
f 2348/6347/3200 2357/7375/3563 2022/8348/3917
f 4813/8037/3518 4839/7361/3557 4822/8066/3804
f 1968/7991/3780 1990/8330/3813 1969/8015/3786
f 296/8349/3350 184/8350/3646 247/8351/3918
f 62/7415/2159 215/8352/3919 214/7416/3359
f 3539/7275/3526 3538/7274/3525 3541/7414/3508
f 2566/8345/3449 2986/8347/3916 2987/8353/3783
f 163/6803/1303 795/8354/3920 60/7538/3619
f 179/8103/3395 182/8253/3875 180/8104/3821
f 185/8355/3507 186/8356/3921 187/8357/3569
f 3804/8131/3628 3805/8358/3884 3494/7820/3716
f 2222/8250/3230 2300/8280/3779 2325/8359/3782
f 188/8360/3922 189/8361/3923 19/8362/3924
f 1752/7537/3613 1723/8363/3891 1726/8364/3925
f 921/7663/1669 956/8243/3789 922/7664/3659
f 1874/7177/1889 1853/8271/3881 1876/7294/3412
f 1712/6278/3172 1717/8082/3810 1714/8365/3707
f 540/7976/3620 2991/7975/3773 1450/8366/3863
f 543/7789/3702 422/8367/3926 420/8119/3827
f 2543/8116/3734 2988/8368/3927 3027/8117/3825
f 4078/8138/3520 4067/8369/3928 4079/8123/3721
f 1898/8370/1863 1970/8371/3887 1926/8372/3883
f 719/7675/3663 730/8197/3857 728/8071/3806
f 2017/8224/3722 2046/8223/3865 2016/8121/3829
f 1844/7517/3384 1722/8328/3876 1857/8373/3929
f 1254/3122/1369 750/8374/3456 864/8375/3930
f 1905/8376/3333 1906/8377/3842 1903/7753/3692
f 1092/7826/3414 725/7825/3704 715/7224/3503
f 719/7675/3663 728/8071/3806 725/7825/3704
f 708/6028/3076 735/8378/3931 721/7695/3671
f 59/7539/3399 18/8379/3834 67/7915/3753
f 2009/7356/3554 2017/8224/3722 2016/8121/3829
f 710/8000/3190 734/8226/3866 753/8380/3932
f 1968/7991/3780 1969/8015/3786 1992/8236/3868
f 1358/7518/1886 1356/6905/3400 1362/8381/3933
f 1087/6548/1964 712/6547/3275 720/7684/3667
f 1731/8246/3872 1730/8382/3934 1368/8286/3888
f 1905/8376/3333 1903/7753/3692 1904/8383/3856
f 2163/7804/3709 2166/8081/3809 2167/8097/3819
f 2358/7489/3604 2359/7836/3720 2363/8162/3802
f 1844/7517/3384 1857/8373/3929 1845/6935/3411
f 2148/7947/3710 2134/7946/3764 2137/8244/3870
f 1646/7943/3763 1650/8132/3833 1649/8129/3832
f 534/8384/3325 419/8208/3545 543/7789/3702
f 538/7146/3481 544/8087/3814 545/8343/3907
f 1964/7680/3490 1992/8236/3868 1969/8015/3786
f 541/8053/3743 595/8385/3766 546/8386/3935
f 2302/8036/3794 2303/8101/3820 2322/8154/3776
f 707/5787/2981 722/7770/3696 733/8334/3913
f 3027/8180/3825 2988/8387/3927 2985/8213/3860
f 1081/7398/1354 774/8388/3858 726/7986/3777
f 1966/8237/3523 1992/8236/3868 1991/8389/3869
f 2324/8239/2997 2322/7985/3776 2303/8233/3820
f 1254/3122/1369 864/8375/3930 862/5947/2710
f 2168/7757/3516 2261/8221/3560 2223/8241/3838
f 1154/8390/1189 790/8391/3936 786/8392/3067
f 1727/8393/3785 1719/8186/3851 1723/8291/3891
f 2544/8394/3937 1450/8395/3937 2377/8396/3937
f 282/8397/3938 210/8398/3938 243/8399/3938
f 3798/7498/2942 3801/7500/3606 3820/8400/3900
f 3488/7465/3595 3497/8248/3874 3495/8254/3792
f 2008/6753/3347 2011/7781/3699 2018/8245/3871
f 2543/8116/3734 2377/8316/3903 2988/8368/3927
f 3026/8401/3848 2989/8402/3939 2984/8403/3849
f 62/8404/2159 100/8405/3180 63/8406/3940
f 1710/6024/3074 2389/8407/3602 1720/8215/3862
f 1904/8408/3856 1926/8372/3883 1970/8371/3887
f 1712/6278/3172 1714/8365/3707 1725/8338/3879
f 1449/6551/3276 1431/8409/3941 532/8005/3320
f 1874/8288/1889 1876/6936/3412 1855/8289/3890
f 715/7224/3503 725/7825/3704 728/8071/3806
f 2357/7375/3563 2361/8048/3693 2025/8047/3796
f 4240/7883/3730 4244/8050/3797 4245/8092/3816
f 1876/7294/3412 1853/8271/3881 1858/8410/3772
f 1988/8303/2010 2021/8411/3942 2019/8304/3897
f 2045/8185/3675 2047/8412/3943 2015/8095/3793
f 1841/8228/2674 1852/8230/3867 1856/8327/3910
f 709/6123/3113 726/7986/3777 716/7594/3641
f 1992/8413/3868 1970/8371/3887 1991/8414/3869
f 1900/6793/3362 2571/8194/3855 1907/8415/3944
f 1708/5759/2968 1713/6534/3268 1728/8416/3945
f 2991/8417/3773 2994/8418/3946 1450/8419/3863
f 419/8208/3545 422/8367/3926 543/7789/3702
f 2321/4202/2221 3386/8113/3801 3294/7845/3724
f 1752/7537/3613 1725/8420/3879 1723/8363/3891
f 188/8421/3922 19/8422/3924 50/8423/3947
f 294/8102/3254 180/8104/3821 190/8424/3948
f 1752/7537/3613 1726/8364/3925 1718/8089/3815
f 2042/7737/3256 2010/7736/3686 2045/7705/3675
f 419/8208/3545 420/8119/3827 422/8367/3926
f 1905/7214/3333 1904/8408/3856 1970/8371/3887
f 1850/8290/3703 1855/8289/3890 1857/8373/3929
f 1990/8330/3813 1972/8425/3949 1973/8426/3950
f 4079/7839/3721 4068/8427/3951 4063/8003/3732
f 1714/8428/3707 1722/8328/3876 1698/8429/3798
f 1722/8328/3876 1856/8327/3910 1857/8373/3929
f 415/8430/3356 181/8165/3843 297/8164/3558
f 3299/8234/3788 3295/8026/3791 3387/8240/3822
f 1850/8290/3703 1857/8373/3929 1856/8327/3910
f 1714/8365/3707 1698/8431/3798 1725/8338/3879
f 1968/7991/3780 1972/8425/3949 1990/8330/3813
f 1427/7521/3615 545/8323/3907 1450/8317/3863
f 1752/7515/3613 1721/8219/3864 1725/8338/3879
f 544/8087/3814 1450/8216/3863 545/8343/3907
f 1962/7990/3274 1972/8425/3949 1968/7991/3780
f 1703/4843/2561 1715/7941/3762 1723/8291/3891
f 3294/7845/3724 3386/8113/3801 3387/8110/3822
f 1903/7753/3692 1906/8377/3842 1858/8300/3772
f 749/4550/2420 754/8432/3952 866/8433/3953
f 3493/8030/3617 3499/8434/3954 3497/8435/3874
f 3886/7042/3446 3896/8257/3877 3897/8320/3905
f 1876/7294/3412 1858/8410/3772 1906/8161/3842
f 2178/8268/3618 2169/8270/3880 2171/8436/3955
f 3493/8030/3617 3495/8029/3792 3499/8434/3954
f 1845/6935/3411 1857/8373/3929 1876/6936/3412
f 3718/8155/3287 3894/7980/3756 3897/8320/3905
f 1988/4384/2010 2013/7956/3768 2021/8437/3942
f 1963/6827/3374 1974/8438/3956 1991/8238/3869
f 408/6131/3117 423/8439/3957 417/8063/3803
f 1905/7214/3333 1970/8371/3887 1989/8076/3458
f 1844/7517/3384 1698/8429/3798 1722/8328/3876
f 3490/8440/3539 3487/7372/3561 3845/8441/3958
f 4065/7200/3497 4338/8079/3808 4339/8442/3892
f 721/7695/3671 758/8443/3959 730/8197/3857
f 1567/5627/2692 1422/6285/3175 1429/8109/3823
f 1696/8444/3741 1729/8445/3960 1753/7904/3745
f 1342/8011/1457 1000/7860/3726 998/8074/3807
f 1753/8336/3745 1754/8446/3906 1724/8337/3914
f 973/8447/3683 1730/8448/3934 1731/8449/3872
f 2041/7785/2970 2012/7784/3701 2048/8450/3961
f 1989/8076/3458 1970/8371/3887 1971/8451/3896
f 1955/6544/2536 2026/8452/3962 1962/6545/3274
f 4239/7458/3590 4246/8160/3841 4247/8296/3894
f 243/8453/3853 210/8454/3878 216/8455/3963
f 2984/8403/3849 2989/8402/3939 3035/8456/3964
f 2360/7852/3690 2015/8033/3793 2047/8457/3943
f 100/8405/3180 214/8458/3359 215/8459/3919
f 1696/8460/3741 1753/8336/3745 1697/8276/3784
f 1992/8413/3868 1971/8451/3896 1970/8371/3887
f 1358/7518/1886 1362/8381/3933 1360/8297/3895
f 15/8151/3839 19/8461/3924 210/8258/3878
f 3026/8181/3848 2985/8213/3860 3028/8462/3965
f 1089/7058/2225 713/7057/3451 729/8170/3844
f 9/6349/3201 12/6981/3340 17/8313/3902
f 1727/8463/3785 1723/8363/3891 1725/8420/3879
f 708/6028/3076 675/7653/3460 735/8378/3931
f 529/5659/2929 541/8053/3743 546/8386/3935
f 668/8134/1485 1048/6563/3280 787/8135/3811
f 1450/8419/3863 2994/8418/3946 2377/8464/3903
f 294/8102/3254 190/8424/3948 183/8465/3915
f 712/6547/3275 729/8170/3844 720/7684/3667
f 1959/5705/2949 1993/6257/3146 1967/7782/3700
f 681/8466/3371 300/8306/3430 16/8308/3899
f 3491/7681/3665 3805/8358/3884 3496/8058/3800
f 1715/8467/3762 1726/8364/3925 1723/8363/3891
f 2046/8305/3865 2019/8304/3897 2020/8326/3909
f 728/8071/3806 732/8331/3911 753/8468/3932
f 1904/8195/3856 1927/8469/3966 1926/8470/3883
f 1964/7680/3490 1971/8302/3896 1992/8236/3868
f 2985/8213/3860 2988/8387/3927 2990/8471/3967
f 2168/7757/3516 2223/8241/3838 2220/7809/3712
f 1852/8230/3867 1854/8282/3886 1856/8327/3910
f 2178/8268/3618 2171/8436/3955 2165/7939/3760
f 2991/8472/3773 2987/8353/3783 2547/8473/3968
f 1876/6936/3412 1857/8373/3929 1855/8289/3890
f 2045/7705/3675 2360/7749/3690 2047/8474/3943
f 2132/8318/3672 2139/8475/3969 2138/8319/3904
f 975/8247/3873 1368/8286/3888 976/8295/3893
f 749/4550/2420 866/8433/3953 750/7072/3456
f 1697/8276/3784 1719/8186/3851 1727/8393/3785
f 722/7770/3696 736/8476/3970 747/8287/3889
f 3491/7681/3665 3494/7820/3716 3805/8358/3884
f 862/5947/2710 864/8375/3930 1735/8057/3799
f 163/6803/1303 787/8477/3811 795/8354/3920
f 3027/8478/3825 2984/8403/3849 3035/8456/3964
f 722/8072/3696 728/8071/3806 733/8479/3913
f 2162/8269/3685 2170/8332/3912 2169/8270/3880
f 752/5786/2740 736/8476/3970 722/7770/3696
f 1925/8480/3486 1908/8481/3971 1909/8482/3836
f 529/5659/2929 546/8386/3935 542/8139/3748
f 2179/8483/3271 2139/8484/3969 2132/8485/3672
f 749/4550/2420 755/8486/3972 754/8432/3952
f 1361/8298/2659 1360/8297/3895 1363/8487/3973
f 1359/8266/3859 1363/8487/3973 1360/8297/3895
f 3490/8488/3974 3845/8489/3974 3846/8490/3974
f 50/8423/3947 20/8491/3975 21/8492/3976
f 184/8350/3646 243/8493/3853 247/8351/3918
f 415/7835/3719 414/7834/3718 365/8494/3977
f 730/8197/3857 758/8443/3959 732/8331/3911
f 1706/5678/2937 2391/8495/3978 1716/7971/3771
f 1955/6544/2536 1990/8086/3813 2026/8452/3962
f 2545/8496/3979 2546/8497/3980 2567/8498/3981
f 4078/8499/3520 4063/8003/3732 4069/8500/3982
f 4019/7715/3679 4066/8272/3882 4338/8218/3808
f 717/7595/3564 716/7594/3641 737/8501/3850
f 2361/7880/3693 2363/8162/3802 2359/7836/3720
f 1834/3691/1950 1851/8187/3852 1878/7676/3664
f 426/6976/3428 178/7739/3687 222/8502/3983
f 402/4438/2354 417/8189/3803 435/8503/3984
f 3027/8478/3825 3035/8456/3964 2986/8504/3916
f 1563/5057/1784 1432/8505/3985 1451/8506/3986
f 403/4716/2498 436/7646/3653 418/8093/3817
f 2129/8144/3596 2138/8319/3904 2136/8145/3837
f 728/8071/3806 753/8468/3932 733/8479/3913
f 188/8360/3922 50/8507/3947 189/8361/3923
f 1858/8410/3772 1853/8271/3881 1909/8142/3836
f 2987/8353/3783 2986/8347/3916 2547/8473/3968
f 3487/7372/3561 3492/7690/3668 3845/8441/3958
f 1900/6793/3362 1927/8469/3966 1901/7332/3547
f 973/7730/3683 1753/7904/3745 1729/8445/3960
f 1347/7657/3242 976/8293/3893 997/8508/3987
f 402/8277/2354 435/8509/3984 421/8278/3885
f 4079/8123/3721 4067/8369/3928 4068/8510/3951
f 9/6349/3201 19/8461/3924 15/8151/3839
f 408/6131/3117 418/8093/3817 423/8439/3957
f 4338/8218/3808 4066/8272/3882 4339/8292/3892
f 2985/8213/3860 2990/8471/3967 3028/8462/3965
f 187/8357/3569 186/8356/3921 191/8511/3812
f 2991/8417/3773 2547/8512/3968 2994/8418/3946
f 3026/8401/3848 2992/8513/3988 2989/8402/3939
f 4063/8003/3732 4068/8427/3951 4069/8500/3982
f 1430/8118/3826 1433/8514/3989 1431/8409/3941
f 300/8515/3430 191/8511/3812 53/8516/3898
f 2384/8517/3990 1364/8518/3991 1365/8519/3992
f 3026/8401/3848 2993/8520/3993 2992/8513/3988
f 3718/8155/3287 3897/8320/3905 3896/8257/3877
f 1693/7036/3443 1729/8521/3960 1696/7900/3741
f 673/6359/3206 737/8183/3850 675/7091/3460
f 1718/8089/3815 1726/8364/3925 1732/8522/3994
f 67/8312/3753 22/8523/3995 17/8313/3902
f 3495/8029/3792 3497/8435/3874 3499/8434/3954
f 1449/6551/3276 1430/8118/3826 1431/8409/3941
f 1563/5057/1784 1361/5056/2659 1434/8524/3996
f 1563/5057/1784 1451/8506/3986 1430/8525/3826
f 1354/4756/2517 1366/8526/3997 974/7590/3639
f 210/8527/3878 19/8362/3924 189/8361/3923
f 1714/8365/3707 1717/8082/3810 1860/8528/3998
f 1963/6827/3374 1967/7782/3700 1974/8438/3956
f 2357/7375/3563 2025/8047/3796 2024/8529/3999
f 2389/8407/3602 2403/8530/4000 1720/8215/3862
f 1836/7390/1245 1910/8531/4001 1925/8532/3486
f 710/8000/3190 753/8380/3932 756/8533/4002
f 2179/8483/3271 2136/8534/3837 2139/8484/3969
f 754/8432/3952 755/8486/3972 866/8433/3953
f 1708/5759/2968 1728/8416/3945 1717/8082/3810
f 1900/6793/3362 1907/8415/3944 1927/8469/3966
f 922/7664/3659 955/8535/4003 923/7987/3778
f 749/4550/2420 756/8533/4002 755/8486/3972
f 2548/8536/4004 2549/8537/4005 2550/8538/4006
f 1925/8480/3486 1910/8539/4001 1908/8481/3971
f 2165/7939/3760 2171/8436/3955 2170/8332/3912
f 1354/4756/2517 1359/8205/3859 1366/8526/3997
f 2169/8270/3880 2170/8332/3912 2171/8436/3955
f 2545/8496/3979 2548/8540/4004 2546/8497/3980
f 3803/7570/3632 3820/8310/3900 3806/8541/4007
f 2384/8517/3990 2395/8542/4008 1364/8518/3991
f 3492/7690/3668 3498/8311/3901 3845/8441/3958
f 2549/8537/4005 2568/8543/4009 2550/8538/4006
f 1847/7092/3461 1850/7791/3703 1851/8187/3852
f 1901/7332/3547 1927/8469/3966 1904/8195/3856
f 9/6349/3201 17/8313/3902 19/8461/3924
f 4078/8138/3520 4069/8544/3982 4067/8369/3928
f 2545/8545/3979 2551/8546/4010 2548/8536/4004
f 1966/8547/3523 1974/8438/3956 1975/8548/4011
f 1966/8547/3523 1991/8238/3869 1974/8438/3956
f 752/8023/2740 727/8022/3105 738/8549/4012
f 1347/7657/3242 978/8550/4013 977/8325/3908
f 1993/8551/3146 1911/8552/4014 1967/8553/3700
f 1368/8286/3888 1730/8382/3934 2384/8554/3990
f 710/8000/3190 756/8533/4002 749/4550/2420
f 2378/8555/4015 2379/8556/4016 2380/8557/4017
f 209/8558/3643 192/8559/4018 211/8560/3840
f 2546/8497/3980 2550/8561/4006 2567/8498/3981
f 3026/8401/3848 3028/8562/3965 3032/8563/4019
f 532/8005/3320 1431/8409/3941 1435/8564/3742
f 727/7997/3105 720/7684/3667 738/8565/4012
f 2136/8145/3837 2138/8319/3904 2139/8475/3969
f 3846/8171/3845 3845/8441/3958 3498/8311/3901
f 1693/7036/3443 1735/8566/3799 1729/8521/3960
f 734/8226/3866 733/8567/3913 753/8380/3932
f 60/7538/3619 64/8568/4020 18/8137/3834
f 1902/7392/3567 1858/7972/3772 2449/8569/4021
f 50/8423/3947 21/8492/3976 23/8570/4022
f 61/5305/1549 703/8571/4023 670/5306/2776
f 670/5306/2776 677/8572/4024 731/8214/3861
f 1347/7657/3242 999/8573/4025 1000/7860/3726
f 3026/8401/3848 3029/8574/4026 2993/8520/3993
f 973/8447/3683 1733/8575/4027 1730/8448/3934
f 2377/8576/3903 2986/8504/3916 3035/8456/3964
f 1356/8075/3400 998/8074/3807 1362/8577/3933
f 750/8374/3456 865/8578/4028 864/8375/3930
f 434/7833/3001 416/8279/3736 424/8579/4029
f 211/8159/3840 193/8580/4030 194/8581/4031
f 2545/8545/3979 2567/8582/3981 2393/8583/4032
f 296/8349/3350 247/8351/3918 195/8584/4033
f 243/8453/3853 216/8455/3963 244/8585/4034
f 416/8279/3736 421/8278/3885 424/8579/4029
f 3804/7802/3628 3803/7570/3632 3807/8586/4035
f 2378/8555/4015 2380/8557/4017 2381/8587/4036
f 1836/7390/1245 1902/7392/3567 1910/8531/4001
f 774/8202/3858 731/8314/3861 739/8588/4037
f 2378/8555/4015 2382/8589/4038 2379/8556/4016
f 595/8385/3766 547/8590/4039 546/8386/3935
f 1364/8518/3991 1367/8591/4040 1365/8519/3992
f 2988/8368/3927 2552/8592/4041 2990/8593/3967
f 62/8594/2159 63/8595/3940 215/8596/3919
f 973/8597/3683 979/8598/4042 1733/8599/4027
f 1705/5677/1688 2392/8600/4043 1706/5678/2937
f 1735/8057/3799 864/8375/3930 980/8601/4044
f 922/7664/3659 956/8243/3789 955/8535/4003
f 19/8422/3924 20/8491/3975 50/8423/3947
f 1563/5057/1784 1434/8524/3996 1432/8505/3985
f 2989/8402/3939 2992/8513/3988 3033/8602/4045
f 2986/8347/3916 2994/8603/3946 2547/8473/3968
f 298/8252/3593 299/8166/3651 181/8165/3843
f 1347/7657/3242 1000/7860/3726 978/8550/4013
f 1368/8604/3888 2384/8517/3990 1365/8519/3992
f 4067/8369/3928 4069/8544/3982 4068/8510/3951
f 1858/7972/3772 1909/8482/3836 1908/8481/3971
f 50/8423/3947 23/8570/4022 24/8605/4046
f 1000/7860/3726 977/8325/3908 978/8550/4013
f 1962/7990/3274 1976/8606/4047 1972/8425/3949
f 1705/5677/1688 1711/6041/3081 2392/8600/4043
f 2348/8178/3200 2022/8607/3917 2065/8179/3847
f 2007/5684/2940 2021/8437/3942 2013/7956/3768
f 2545/8545/3979 2393/8583/4032 2551/8546/4010
f 2389/7485/3602 1718/8089/3815 1734/8608/4048
f 1993/8609/3146 1966/8610/3523 1975/8611/4011
f 1715/7941/3762 1720/8215/3862 2403/8530/4000
f 3026/8401/3848 3032/8563/4019 3029/8574/4026
f 866/8433/3953 755/8486/3972 757/8612/4049
f 2007/5684/2940 2018/8245/3871 2021/8437/3942
f 417/8613/3803 596/8614/4050 435/8615/3984
f 178/7739/3687 211/8159/3840 196/8616/4051
f 2548/8536/4004 2569/8617/4052 2549/8537/4005
f 2992/8513/3988 2993/8520/3993 2995/8618/4053
f 2377/8464/3903 2994/8418/3946 2986/8619/3916
f 1430/8118/3826 1451/8620/3986 1433/8514/3989
f 1435/8265/3742 1369/8621/4054 1363/8487/3973
f 1715/8467/3762 2403/8622/4000 1726/8364/3925
f 2045/7705/3675 2010/7736/3686 2023/8623/4055
f 678/8624/4056 679/8625/4057 704/8626/4058
f 2041/7735/2970 2048/8627/3961 2010/7736/3686
f 180/8104/3821 182/8253/3875 194/8628/4031
f 721/7695/3671 735/8378/3931 758/8443/3959
f 973/7730/3683 1729/8445/3960 1735/8629/3799
f 436/7646/3653 425/8630/4059 418/8093/3817
f 720/7684/3667 747/8631/3889 738/8565/4012
f 180/8104/3821 197/8632/4060 190/8424/3948
f 1972/8425/3949 1976/8606/4047 1973/8426/3950
f 2377/8316/3903 2552/8592/4041 2988/8368/3927
f 732/8331/3911 758/8443/3959 753/8468/3932
f 753/8380/3932 758/8633/3959 756/8533/4002
f 1359/8266/3859 1360/8297/3895 1362/8381/3933
f 2357/7375/3563 2024/8529/3999 2022/8348/3917
f 747/8287/3889 736/8476/3970 738/8634/4012
f 434/7833/3001 424/8579/4029 414/7834/3718
f 296/8349/3350 195/8584/4033 185/8355/3507
f 750/7072/3456 866/8433/3953 865/8635/4028
f 417/8613/3803 423/8636/3957 598/8637/4061
f 2990/8593/3967 2552/8592/4041 2997/8638/4062
f 1711/6041/3081 1724/8337/3914 1755/8639/4063
f 100/8405/3180 65/8640/4064 66/8641/4065
f 298/8252/3593 198/8642/4066 182/8253/3875
f 185/8355/3507 195/8584/4033 186/8356/3921
f 1435/8265/3742 1363/8487/3973 1359/8266/3859
f 1990/8330/3813 1973/8426/3950 2050/8643/4067
f 20/8491/3975 23/8570/4022 21/8492/3976
f 2546/8497/3980 2548/8540/4004 2550/8561/4006
f 210/8454/3878 26/8644/4068 216/8455/3963
f 1154/8390/1189 1302/8645/1532 815/8646/4069
f 1154/8390/1189 815/8646/4069 790/8391/3936
f 713/7057/3451 762/8647/4070 740/8648/4071
f 1364/8518/3991 2395/8542/4008 1370/8649/4072
f 3028/8462/3965 2990/8471/3967 2996/8650/4073
f 211/8560/3840 192/8559/4018 193/8651/4030
f 720/7684/3667 729/8170/3844 768/8652/4074
f 2362/8255/3422 2065/8179/3847 2067/8653/4075
f 211/8159/3840 194/8581/4031 196/8616/4051
f 678/8624/4056 680/8654/4076 679/8625/4057
f 2548/8536/4004 2551/8546/4010 2553/8655/4077
f 1878/8656/3664 1851/8657/3852 1912/8658/4078
f 61/8659/4079 681/8660/4079 703/8661/4079
f 752/5786/2740 738/8634/4012 736/8476/3970
f 973/8597/3683 980/8662/4044 979/8598/4042
f 178/7739/3687 196/8616/4051 222/8502/3983
f 1967/7782/3700 1915/8663/4080 1974/8438/3956
f 210/8527/3878 189/8361/3923 199/8664/4081
f 720/7684/3667 768/8652/4074 747/8631/3889
f 1751/4021/2113 1860/8665/3998 1713/8666/3268
f 1048/6563/3280 788/8667/4082 787/8135/3811
f 100/8405/3180 215/8459/3919 65/8640/4064
f 979/8598/4042 980/8662/4044 981/8668/4083
f 415/8669/4084 365/8670/4084 212/8671/4084
f 2549/8537/4005 2569/8617/4052 2568/8543/4009
f 670/5306/2776 703/8571/4023 677/8572/4024
f 713/7057/3451 741/8672/4085 729/8170/3844
f 1730/8673/3934 2383/8674/4086 2384/8675/3990
f 1993/8551/3146 1913/8676/4087 1911/8552/4014
f 2649/8677/4088 2557/8678/4089 2650/8679/4090
f 16/8680/3899 23/8570/4022 25/8681/4091
f 426/8682/4092 362/8683/4092 436/8684/4092
f 2990/8471/3967 2997/8685/4062 2996/8650/4073
f 1451/8506/3986 1432/8505/3985 1436/8686/4093
f 216/8455/3963 70/8687/4094 217/8688/4095
f 17/8313/3902 22/8523/3995 26/8689/4068
f 1962/7990/3274 2027/8690/4096 1976/8606/4047
f 1432/8505/3985 1434/8524/3996 1371/8691/4097
f 2043/7706/2727 2023/8623/4055 2012/8692/3701
f 209/8342/3643 183/8341/3915 200/8693/4098
f 2551/8546/4010 2382/8694/4038 2553/8655/4077
f 22/8523/3995 70/8695/4094 26/8689/4068
f 716/7594/3641 726/7986/3777 735/8696/3931
f 542/7908/3748 548/8697/4099 595/7949/3766
f 2362/8255/3422 2024/8698/3999 2025/8699/3796
f 681/8466/3371 16/8308/3899 54/8700/4100
f 17/8313/3902 26/8689/4068 19/8461/3924
f 1713/6534/3268 1756/8701/4101 1728/8416/3945
f 415/8430/3356 201/8702/4102 181/8165/3843
f 596/8703/4050 598/8704/4061 597/8705/4103
f 1364/8518/3991 1370/8649/4072 1367/8591/4040
f 216/8455/3963 217/8688/4095 244/8585/4034
f 1751/4021/2113 1714/7796/3707 1860/8665/3998
f 2993/8520/3993 2998/8706/4104 2995/8618/4053
f 216/8455/3963 26/8644/4068 70/8687/4094
f 735/8378/3931 742/8707/4105 758/8443/3959
f 681/8708/4106 102/8709/4106 703/8710/4106
f 1878/8229/3664 1856/8327/3910 1854/8282/3886
f 16/8680/3899 24/8605/4046 23/8570/4022
f 180/8104/3821 202/8711/4107 197/8632/4060
f 180/8104/3821 194/8628/4031 202/8711/4107
f 1368/8286/3888 1739/8712/4108 976/8295/3893
f 973/8597/3683 1735/8713/3799 980/8662/4044
f 215/8596/3919 63/8595/3940 65/8714/4064
f 976/8295/3893 1739/8712/4108 997/8715/3987
f 713/7057/3451 747/8716/3889 762/8647/4070
f 2993/8717/3993 3029/8718/4026 3030/8719/4109
f 1706/5678/2937 2392/8600/4043 2391/8495/3978
f 713/7057/3451 740/8648/4071 741/8672/4085
f 2550/8561/4006 2568/8720/4009 2569/8721/4052
f 2989/8402/3939 2999/8722/4110 3035/8456/3964
f 682/8723/4111 680/8654/4076 678/8624/4056
f 2379/8556/4016 2385/8724/4112 2380/8557/4017
f 3028/8462/3965 3000/8725/4113 3032/8726/4019
f 183/8727/3915 218/8728/4114 200/8729/4098
f 67/8730/3753 68/8731/4115 69/8732/4116
f 2043/7706/2727 2045/7705/3675 2023/8623/4055
f 183/8727/3915 203/8733/4117 219/8734/4118
f 183/8465/3915 190/8424/3948 203/8735/4117
f 1733/8599/4027 979/8598/4042 981/8668/4083
f 596/8703/4050 597/8705/4103 1440/8736/4119
f 682/8737/4111 760/8738/4120 765/8739/4121
f 209/8342/3643 200/8693/4098 192/8740/4018
f 189/8361/3923 50/8507/3947 199/8664/4081
f 1754/8446/3906 1755/8639/4063 1724/8337/3914
f 100/8405/3180 66/8641/4065 63/8406/3940
f 2362/8255/3422 2067/8653/4075 2024/8698/3999
f 243/8741/3853 220/8742/4122 221/8743/4123
f 243/8741/3853 221/8743/4123 247/8744/3918
f 3801/7500/3606 3808/8745/4124 3820/8400/3900
f 1990/8746/3813 2050/8747/4067 2026/8748/3962
f 2993/8520/3993 3040/8749/4125 2998/8706/4104
f 679/8625/4057 680/8654/4076 705/8750/4126
f 191/8511/3812 186/8356/3921 195/8584/4033
f 3979/8751/4127 3980/8752/4128 3981/8753/4129
f 1435/8564/3742 1431/8409/3941 1369/8754/4054
f 1347/7657/3242 997/8508/3987 999/8573/4025
f 1361/8298/2659 1363/8487/3973 1434/8755/3996
f 2379/8556/4016 2382/8589/4038 2555/8756/4130
f 2989/8402/3939 3033/8602/4045 2999/8722/4110
f 1962/8757/3274 2026/8748/3962 2027/8758/4096
f 2548/8536/4004 2553/8655/4077 2569/8617/4052
f 417/8613/3803 598/8637/4061 596/8614/4050
f 243/8741/3853 244/8759/4034 220/8742/4122
f 2380/8557/4017 2386/8760/4131 2381/8587/4036
f 50/8507/3947 226/8761/4132 199/8664/4081
f 426/8762/3428 222/8763/3983 362/8764/4133
f 1923/5656/2927 1926/8765/3883 2571/8194/3855
f 1716/8321/3771 2391/8766/3978 1754/8322/3906
f 2378/8555/4015 2381/8587/4036 2387/8767/4134
f 192/8559/4018 204/8768/4135 193/8651/4030
f 183/8727/3915 219/8734/4118 218/8728/4114
f 2993/8717/3993 3030/8719/4109 3040/8769/4125
f 2382/8694/4038 2554/8770/4136 2553/8655/4077
f 67/8730/3753 18/8771/3834 68/8731/4115
f 1432/8505/3985 1371/8691/4097 1436/8686/4093
f 1974/8438/3956 1915/8663/4080 1975/8548/4011
f 1726/8364/3925 2403/8622/4000 1732/8522/3994
f 191/8511/3812 195/8584/4033 232/8772/4137
f 421/8278/3885 435/8509/3984 427/8773/4138
f 682/8723/4111 683/8774/4139 760/8775/4120
f 2379/8556/4016 2555/8756/4130 2388/8776/4140
f 2389/8777/3602 1734/8778/4048 1741/8779/4141
f 193/8651/4030 202/8711/4107 194/8628/4031
f 682/8723/4111 678/8624/4056 683/8774/4139
f 2567/8498/3981 2550/8561/4006 2393/8780/4032
f 298/8252/3593 181/8165/3843 198/8642/4066
f 2379/8556/4016 2388/8776/4140 2385/8724/4112
f 729/8170/3844 741/8672/4085 768/8652/4074
f 415/8430/3356 212/8781/4142 201/8702/4102
f 1431/8409/3941 1433/8514/3989 1437/8782/4143
f 193/8651/4030 204/8768/4135 202/8711/4107
f 3803/7570/3632 3806/8541/4007 3807/8586/4035
f 3028/8462/3965 2996/8650/4073 3000/8725/4113
f 418/8093/3817 425/8630/4059 359/8783/4144
f 2380/8557/4017 2385/8724/4112 2390/8784/4145
f 1850/8290/3703 1856/8327/3910 1859/8785/4146
f 18/8771/3834 64/8786/4020 68/8731/4115
f 731/8214/3861 677/8572/4024 739/8787/4037
f 762/8647/4070 743/8788/4147 740/8648/4071
f 2998/8706/4104 3040/8749/4125 3037/8789/4148
f 681/8790/3371 74/8791/4149 102/8792/4150
f 679/8625/4057 705/8750/4126 704/8626/4058
f 726/7986/3777 743/8793/4147 735/8696/3931
f 703/8571/4023 86/8794/4151 677/8572/4024
f 747/8716/3889 768/8795/4074 762/8647/4070
f 190/8424/3948 197/8632/4060 221/8796/4123
f 1717/8082/3810 1728/8416/3945 1862/8797/4152
f 19/8798/4153 26/8799/4153 245/8800/4153
f 244/8801/4034 217/8802/4095 358/8803/4154
f 2995/8618/4053 2998/8706/4104 3037/8789/4148
f 3029/8804/4026 3031/8805/4155 3030/8806/4109
f 597/8807/4103 549/8808/4156 1440/8809/4119
f 192/8559/4018 205/8810/4157 204/8768/4135
f 678/8811/4056 704/8812/4058 684/8813/4158
f 1000/8814/3726 982/8815/4159 998/8816/3807
f 1728/8416/3945 1736/8817/4160 1862/8797/4152
f 864/8375/3930 911/8818/4161 980/8601/4044
f 217/8802/4095 359/8819/4144 358/8803/4154
f 50/8820/3947 24/8821/4046 27/8822/4162
f 1048/6563/3280 820/6562/3279 788/8667/4082
f 2391/8823/3978 2392/8824/4043 2435/8825/4163
f 421/8278/3885 427/8773/4138 428/8826/4164
f 542/8139/3748 546/8386/3935 547/8590/4039
f 210/8454/3878 245/8827/4165 26/8644/4068
f 63/8595/3940 101/8828/4166 65/8714/4064
f 3801/7500/3606 3804/7802/3628 3807/8586/4035
f 704/8812/4058 705/8829/4126 684/8813/4158
f 2551/8546/4010 2393/8583/4032 2382/8694/4038
f 67/8312/3753 69/8830/4116 22/8523/3995
f 1363/8487/3973 1369/8621/4054 1434/8755/3996
f 765/8739/4121 760/8738/4120 742/8831/4105
f 3801/7500/3606 3807/8586/4035 3808/8745/4124
f 967/8832/3250 956/8833/3789 924/8834/3477
f 203/8733/4117 204/8835/4135 205/8836/4157
f 1436/8837/4093 1371/8838/4097 1372/8839/4167
f 182/8253/3875 198/8642/4066 194/8628/4031
f 2995/8618/4053 3037/8789/4148 3001/8840/4168
f 3982/8841/4169 3997/8842/4170 3983/8843/4171
f 2393/8583/4032 2555/8844/4130 2382/8694/4038
f 2557/8678/4089 2514/8845/4172 2650/8679/4090
f 2992/8513/3988 2995/8618/4053 3001/8840/4168
f 1858/7972/3772 1908/8481/3971 2449/8569/4021
f 2378/8555/4015 2554/8846/4136 2382/8589/4038
f 190/8424/3948 221/8796/4123 203/8735/4117
f 3030/8847/4109 3031/8848/4155 3036/8849/4173
f 244/8759/4034 358/8850/4154 220/8742/4122
f 192/8851/4018 200/8729/4098 205/8836/4157
f 217/8802/4095 360/8852/4174 359/8819/4144
f 758/8443/3959 742/8707/4105 756/8853/4002
f 980/8662/4044 983/8854/4175 981/8668/4083
f 2010/7736/3686 2048/8627/3961 2028/8855/4176
f 217/8802/4095 70/8856/4094 101/8857/4166
f 3032/8858/4019 3041/8859/4177 3002/8860/4178
f 1365/8519/3992 1367/8591/4040 1373/8861/4179
f 3979/8751/4127 3981/8753/4129 3998/8862/4180
f 2393/8863/4032 2394/8864/4181 2555/8756/4130
f 418/8093/3817 359/8783/4144 429/8865/4182
f 1717/8082/3810 1879/8866/4183 1860/8528/3998
f 1902/7392/3567 1914/8867/4184 1910/8531/4001
f 421/8278/3885 428/8826/4164 424/8579/4029
f 1728/8416/3945 1756/8701/4101 1736/8817/4160
f 435/8615/3984 596/8614/4050 550/8868/4185
f 1850/8290/3703 1859/8785/4146 1851/8869/3852
f 1733/8575/4027 981/8870/4083 1737/8871/4186
f 755/8872/3972 759/8873/4187 757/8874/4049
f 50/8820/3947 27/8822/4162 226/8875/4132
f 2019/8304/3897 2021/8411/3942 2029/8876/4188
f 3032/8858/4019 3034/8877/4189 3003/8878/4190
f 2555/8756/4130 2394/8864/4181 2388/8776/4140
f 1431/8409/3941 1438/8879/4191 1369/8754/4054
f 3982/8841/4169 3999/8880/4192 3997/8842/4170
f 2011/7781/3699 2020/8326/3909 2030/8881/4193
f 735/8696/3931 743/8793/4147 742/8882/4105
f 200/8729/4098 218/8728/4114 219/8734/4118
f 3032/8883/4019 3004/8884/4194 3005/8885/4195
f 1440/8809/4119 549/8808/4156 1441/8886/4196
f 197/8632/4060 202/8711/4107 246/8887/4197
f 16/8308/3899 25/8888/4091 54/8700/4100
f 3032/8889/4019 3006/8890/4198 3029/8804/4026
f 866/8433/3953 757/8612/4049 784/8891/4199
f 2649/8677/4088 2651/8892/4200 2557/8678/4089
f 726/7986/3777 774/8388/3858 743/8793/4147
f 1451/8620/3986 1437/8782/4143 1433/8514/3989
f 1451/8620/3986 1436/8893/4093 1439/8894/4201
f 217/8802/4095 361/8895/4202 360/8852/4174
f 3029/8804/4026 3006/8890/4198 3031/8805/4155
f 755/8486/3972 742/8896/4105 760/8897/4120
f 3033/8898/4045 3007/8899/4203 3004/8884/4194
f 1359/8266/3859 1362/8381/3933 985/8900/4204
f 65/8640/4064 101/8901/4166 70/8902/4094
f 1902/7392/3567 2449/8569/4021 1914/8867/4184
f 425/8903/4059 358/8803/4154 359/8819/4144
f 3980/8904/4128 3984/8905/4205 3981/8906/4129
f 2377/8907/3903 3008/8908/4206 2552/8909/4041
f 1754/8322/3906 2391/8766/3978 1755/8910/4063
f 3985/8911/4207 3986/8912/4208 3987/8913/4209
f 2384/8675/3990 2383/8674/4086 2395/8914/4008
f 3032/8858/4019 3009/8915/4210 3006/8916/4198
f 1431/8409/3941 1437/8782/4143 1438/8879/4191
f 760/8775/4120 706/8917/4211 761/8918/4212
f 678/8624/4056 706/8917/4211 683/8774/4139
f 2552/8909/4041 3008/8908/4206 2997/8919/4062
f 424/8579/4029 428/8826/4164 368/8920/4213
f 3032/8921/4019 3010/8922/4214 3034/8923/4189
f 866/8433/3953 784/8891/4199 867/8924/4215
f 2550/8561/4006 2556/8925/4216 2393/8780/4032
f 955/8926/4003 925/8927/4217 926/8928/4218
f 1368/8929/3888 1738/8930/4219 1739/8931/4108
f 760/8775/4120 683/8774/4139 706/8917/4211
f 54/8700/4100 28/8932/4220 51/8933/4221
f 194/8581/4031 213/8934/4222 196/8616/4051
f 678/8811/4056 684/8813/4158 685/8935/4223
f 2652/8936/4224 2653/8937/4225 2654/8938/4226
f 755/8486/3972 756/8533/4002 742/8896/4105
f 2553/8655/4077 2554/8770/4136 2515/8939/4227
f 51/8933/4221 28/8932/4220 52/8940/4228
f 3032/8858/4019 3002/8860/4178 3009/8915/4210
f 2378/8555/4015 2475/8941/4229 2554/8846/4136
f 16/8680/3899 55/8942/4230 24/8605/4046
f 997/8943/3987 983/8854/4175 999/8944/4025
f 217/8802/4095 101/8857/4166 361/8895/4202
f 3004/8884/4194 3044/8945/4231 3005/8885/4195
f 2390/8784/4145 2394/8864/4181 2396/8946/4232
f 1359/8205/3859 985/8947/4204 1366/8526/3997
f 196/8616/4051 213/8934/4222 206/8948/4233
f 2550/8561/4006 2569/8721/4052 2556/8925/4216
f 1367/8591/4040 1370/8649/4072 1372/8839/4167
f 22/8523/3995 69/8830/4116 70/8695/4094
f 70/8949/4094 69/8732/4116 71/8950/4234
f 866/8951/3953 867/8952/4215 865/8578/4028
f 2394/8864/4181 2437/8953/4235 2396/8946/4232
f 3032/8858/4019 3003/8878/4190 3041/8859/4177
f 1000/8954/3726 999/8955/4025 982/8956/4159
f 2377/8907/3903 3035/8957/3964 2999/8958/4110
f 2569/8617/4052 2553/8655/4077 2570/8959/4236
f 595/8385/3766 548/8960/4099 547/8590/4039
f 787/8477/3811 72/8961/4237 795/8354/3920
f 596/8703/4050 1440/8736/4119 551/8962/4238
f 1434/8963/3996 1369/8964/4054 1371/8838/4097
f 418/8093/3817 429/8865/4182 423/8439/3957
f 2378/8555/4015 2387/8767/4134 2397/8965/4239
f 925/8927/4217 927/8966/4240 926/8928/4218
f 2011/7781/3699 2030/8881/4193 2018/8245/3871
f 203/8733/4117 246/8967/4197 204/8835/4135
f 210/8527/3878 199/8664/4081 245/8968/4165
f 682/8723/4111 705/8750/4126 680/8654/4076
f 3032/8921/4019 3005/8969/4195 3010/8922/4214
f 2385/8724/4112 2394/8864/4181 2390/8784/4145
f 2019/8304/3897 2029/8876/4188 2020/8326/3909
f 926/8928/4218 927/8966/4240 928/8970/4241
f 194/8628/4031 198/8642/4066 213/8971/4222
f 202/8711/4107 204/8768/4135 246/8887/4197
f 956/8972/3789 925/8927/4217 955/8926/4003
f 19/8422/3924 245/8973/4165 20/8491/3975
f 1713/8666/3268 1740/8974/4242 1756/8975/4101
f 200/8729/4098 219/8734/4118 205/8836/4157
f 967/8832/3250 929/8976/4243 956/8833/3789
f 1711/6041/3081 2415/8977/4244 2392/8600/4043
f 1717/8082/3810 1862/8797/4152 1879/8866/4183
f 2395/8542/4008 2398/8978/4245 1370/8649/4072
f 3985/8911/4207 2676/8979/4246 3986/8912/4208
f 760/8980/4120 761/8981/4212 687/8982/4247
f 3979/8751/4127 3998/8862/4180 3980/8752/4128
f 3032/8883/4019 3011/8983/4248 3004/8884/4194
f 2389/8984/4249 1741/8985/4249 2403/8986/4249
f 24/8821/4046 55/8987/4230 25/8681/4091
f 755/8872/3972 760/8980/4120 687/8982/4247
f 597/8807/4103 552/8988/4250 549/8808/4156
f 2380/8557/4017 2390/8784/4145 2386/8760/4131
f 414/7834/3718 424/8579/4029 368/8920/4213
f 195/8584/4033 227/8989/4251 232/8772/4137
f 3033/8898/4045 3044/8945/4231 3007/8899/4203
f 203/8733/4117 205/8836/4157 219/8734/4118
f 3004/8884/4194 3007/8899/4203 3044/8945/4231
f 2652/8990/4224 2654/8991/4226 2572/8992/4252
f 414/7834/3718 368/8920/4213 365/8494/3977
f 220/8742/4122 223/8993/4253 248/8994/4254
f 247/8995/3918 221/8796/4123 197/8632/4060
f 220/8996/4122 358/8803/4154 223/8997/4253
f 2391/8998/3978 2435/8999/4163 1755/9000/4063
f 2992/8513/3988 3001/8840/4168 3045/9001/4255
f 678/8811/4056 685/8935/4223 706/9002/4211
f 3002/8860/4178 3120/9003/4256 3009/8915/4210
f 2378/8555/4015 2397/8965/4239 2475/8941/4229
f 199/9004/4081 250/9005/4257 245/9006/4165
f 1370/8649/4072 2398/8978/4245 1372/8839/4167
f 762/9007/4070 744/9008/4258 743/9009/4147
f 1907/8415/3944 2575/9010/4259 1927/8469/3966
f 1302/6560/1532 923/7987/3778 815/9011/4069
f 2395/8914/4008 2383/8674/4086 2398/9012/4245
f 3034/8923/4189 3010/8922/4214 3012/9013/4260
f 542/7908/3748 547/9014/4039 548/8697/4099
f 2390/8784/4145 2396/8946/4232 1443/9015/4261
f 1976/9016/4047 2027/9017/4096 2674/9018/4262
f 425/8903/4059 223/8997/4253 358/8803/4154
f 2385/8724/4112 2388/8776/4140 2394/8864/4181
f 2396/8946/4232 2437/8953/4235 1443/9015/4261
f 787/8135/3811 788/8667/4082 789/9019/4263
f 3032/8883/4019 3000/9020/4113 3011/8983/4248
f 2012/7784/3701 2049/9021/4264 2048/8450/3961
f 755/8872/3972 763/9022/4265 759/8873/4187
f 2569/8617/4052 2570/8959/4236 2556/9023/4216
f 2010/7736/3686 2031/9024/4266 2023/8623/4055
f 51/9025/4221 29/9026/4267 30/9027/4268
f 2992/8513/3988 3044/9028/4231 3033/8602/4045
f 703/8571/4023 102/9029/4150 86/8794/4151
f 3005/8885/4195 3044/8945/4231 3013/9030/4269
f 1369/9031/4054 1440/9032/4119 1441/9033/4196
f 997/8943/3987 1739/9034/4108 981/8668/4083
f 222/8502/3983 196/8616/4051 206/8948/4233
f 247/8995/3918 197/8632/4060 246/8887/4197
f 247/8351/3918 227/8989/4251 195/8584/4033
f 222/8763/3983 206/9035/4233 362/8764/4133
f 755/8872/3972 687/8982/4247 763/9022/4265
f 2393/8863/4032 2560/9036/4270 2394/8864/4181
f 980/8601/4044 912/9037/4271 983/9038/4175
f 1451/8620/3986 1439/8894/4201 1437/8782/4143
f 359/8819/4144 360/8852/4174 429/9039/4182
f 3036/9040/4173 3006/8890/4198 3174/9041/4272
f 181/8165/3843 253/9042/4273 198/8642/4066
f 956/9043/3789 930/9044/4274 925/9045/4217
f 191/8511/3812 232/8772/4137 238/9046/4275
f 1851/8657/3852 2445/9047/4276 1912/8658/4078
f 596/8703/4050 553/9048/4277 550/9049/4185
f 3034/8923/4189 3012/9013/4260 3048/9050/4278
f 997/8943/3987 981/8668/4083 983/8854/4175
f 2024/8698/3999 2067/8653/4075 2032/9051/4279
f 1993/8609/3146 1975/8611/4011 1928/9052/4280
f 3031/8805/4155 3006/8890/4198 3036/9040/4173
f 51/9025/4221 52/9053/4228 29/9026/4267
f 2012/8692/3701 2023/8623/4055 2031/9024/4266
f 191/8511/3812 238/9046/4275 53/8516/3898
f 2553/8655/4077 2515/8939/4227 2570/8959/4236
f 1733/8575/4027 1737/8871/4186 1742/9054/4281
f 1730/8673/3934 2399/9055/4282 2383/8674/4086
f 598/9056/4061 552/8988/4250 597/8807/4103
f 3030/8847/4109 3036/8849/4173 3039/9057/4283
f 2381/8587/4036 2386/8760/4131 2400/9058/4284
f 1713/8666/3268 1860/8665/3998 1740/8974/4242
f 2377/8907/3903 2999/8958/4110 3008/8908/4206
f 53/9059/3898 55/8942/4230 16/8680/3899
f 682/9060/4111 706/9061/4211 705/8829/4126
f 199/9004/4081 207/9062/4285 250/9005/4257
f 2387/8767/4134 2450/9063/4286 2397/8965/4239
f 24/8821/4046 31/9064/4287 27/8822/4162
f 3037/8789/4148 3038/9065/4288 3001/8840/4168
f 2652/8990/4224 2572/8992/4252 2655/9066/4289
f 786/6005/3067 790/9067/3936 820/6562/3279
f 967/8832/3250 931/9068/3737 929/8976/4243
f 681/8790/3371 54/9069/4100 32/9070/4290
f 203/8733/4117 221/9071/4123 246/8967/4197
f 60/7538/3619 795/8354/3920 64/8568/4020
f 1368/8604/3888 1365/8519/3992 1374/9072/4291
f 221/9073/4123 224/9074/4292 246/9075/4197
f 3005/8969/4195 3013/9076/4269 3014/9077/4293
f 20/8491/3975 245/8973/4165 33/9078/4294
f 226/8875/4132 27/8822/4162 31/9064/4287
f 435/8615/3984 554/9079/4295 427/9080/4138
f 956/8833/3789 932/9081/4296 930/9082/4274
f 998/8816/3807 982/8815/4159 1362/9083/3933
f 53/8516/3898 238/9046/4275 55/9084/4230
f 425/8903/4059 362/9085/4133 223/8997/4253
f 3980/8904/4128 3988/9086/4297 3984/8905/4205
f 1732/8522/3994 2403/8622/4000 1743/9087/4298
f 63/8406/3940 66/8641/4065 101/9088/4166
f 28/8932/4220 34/9089/4299 52/8940/4228
f 232/8772/4137 227/8989/4251 229/9090/4300
f 220/8742/4122 248/8994/4254 221/8743/4123
f 1437/8782/4143 1439/8894/4201 2390/9091/4145
f 3033/8898/4045 3011/8983/4248 2999/8958/4110
f 3037/9092/4148 3015/9093/4301 3038/9094/4288
f 3030/9095/4109 3039/9096/4283 3016/9097/4302
f 3041/8859/4177 3003/8878/4190 3042/9098/4303
f 926/8928/4218 928/8970/4241 933/9099/4304
f 3006/8916/4198 3009/8915/4210 3130/9100/4305
f 65/8640/4064 103/9101/4306 66/8641/4065
f 360/8852/4174 361/8895/4202 429/9039/4182
f 181/8165/3843 201/8702/4102 253/9042/4273
f 923/7987/3778 955/8535/4003 934/9102/4307
f 784/9103/4199 764/9104/4308 867/9105/4215
f 3985/8911/4207 3987/8913/4209 2661/9106/4309
f 681/8790/3371 32/9070/4290 74/8791/4149
f 1436/8837/4093 1372/8839/4167 1442/9107/4310
f 3033/8898/4045 3004/8884/4194 3011/8983/4248
f 3036/9040/4173 3174/9041/4272 3017/9108/4311
f 765/9109/4121 742/9110/4105 687/9111/4247
f 765/9109/4121 687/9111/4247 706/9112/4211
f 199/9113/4081 225/9114/4312 207/9115/4285
f 1730/8448/3934 1733/8575/4027 2399/9116/4282
f 427/8773/4138 430/9117/4313 428/8826/4164
f 2997/8919/4062 3008/8908/4206 2996/9118/4073
f 1436/8893/4093 1442/9119/4310 1439/8894/4201
f 3986/8912/4208 2661/9106/4309 3987/8913/4209
f 2996/9118/4073 3008/8908/4206 3000/9020/4113
f 762/8647/4070 768/8795/4074 744/9120/4258
f 787/9121/3811 789/9122/4263 72/9123/4237
f 923/7987/3778 934/9102/4307 815/9011/4069
f 677/8572/4024 746/9124/4314 739/8787/4037
f 705/8829/4126 686/9125/4315 684/8813/4158
f 820/6562/3279 791/9126/4316 788/8667/4082
f 35/9127/4317 36/9128/4318 37/9129/4319
f 3005/8969/4195 3014/9077/4293 3010/8922/4214
f 101/8857/4166 104/9130/4320 361/8895/4202
f 3034/8877/4189 3048/9131/4278 3049/9132/4321
f 3040/9133/4125 3015/9093/4301 3037/9092/4148
f 54/8700/4100 34/9089/4299 28/8932/4220
f 1368/9134/3888 2401/9135/4322 1738/9136/4219
f 1365/8519/3992 1373/8861/4179 1374/9072/4291
f 3040/9137/4125 3018/9138/4323 3013/9076/4269
f 436/9139/3653 362/9085/4133 425/8903/4059
f 74/8791/4149 32/9070/4290 38/9140/4324
f 29/9026/4267 36/9128/4318 35/9127/4317
f 3041/9141/4177 3042/9142/4303 3019/9143/4325
f 864/8375/3930 867/8952/4215 911/8818/4161
f 20/8491/3975 31/9064/4287 24/8821/4046
f 2652/8936/4224 2655/9144/4289 2653/8937/4225
f 1860/9145/4326 1879/9146/4326 1740/9147/4326
f 864/8375/3930 865/8578/4028 867/8952/4215
f 956/8833/3789 929/8976/4243 935/9148/4327
f 1368/8604/3888 1374/9072/4291 2401/9149/4322
f 2020/8326/3909 2029/8876/4188 2030/8881/4193
f 2048/8627/3961 2049/9150/4264 2028/8855/4176
f 955/8535/4003 926/9151/4218 934/9102/4307
f 2992/8513/3988 3045/9001/4255 3044/9028/4231
f 2649/8677/4088 2650/8679/4090 2651/8892/4200
f 223/8997/4253 249/9152/4328 248/9153/4254
f 3040/9137/4125 3121/9154/4329 3018/9138/4323
f 2386/8760/4131 2390/8784/4145 2436/9155/4330
f 1437/8782/4143 2390/9091/4145 1443/9156/4261
f 3986/9157/4208 2676/9158/4246 2656/9159/4331
f 706/8917/4211 687/9160/4247 761/8918/4212
f 2018/8245/3871 2030/8881/4193 2670/9161/4332
f 54/9069/4100 51/9025/4221 32/9070/4290
f 980/8601/4044 911/8818/4161 912/9037/4271
f 1926/9162/3883 1927/9163/3966 2631/9164/4333
f 3006/9165/4198 3175/9166/4334 3174/9167/4272
f 3003/8878/4190 3034/8877/4189 3049/9132/4321
f 868/9168/4335 819/9169/4336 816/9170/4337
f 247/9171/3918 246/9075/4197 224/9074/4292
f 68/8731/4115 73/9172/4338 69/8732/4116
f 3036/9173/4173 3017/9174/4311 3039/9175/4283
f 3997/9176/4170 3989/9177/4339 3983/9178/4171
f 706/9179/4211 685/9180/4223 873/9181/4340
f 2383/8674/4086 2399/9055/4282 2402/9182/4341
f 677/8572/4024 86/8794/4151 808/9183/4342
f 423/8636/3957 555/9184/4343 598/8637/4061
f 2403/9185/4000 1741/9186/4141 1743/9187/4298
f 819/9169/4336 690/9188/4344 816/9170/4337
f 1878/8656/3664 1912/8658/4078 1861/9189/4345
f 3039/9096/4283 3047/9190/4346 3016/9097/4302
f 3013/9076/4269 3018/9138/4323 3014/9077/4293
f 3040/9133/4125 3013/9191/4269 3020/9192/4347
f 983/9038/4175 912/9037/4271 869/9193/4348
f 1910/9194/4001 1914/9195/4184 2444/9196/4349
f 3820/8310/3900 3808/9197/4124 3806/8541/4007
f 2557/9198/4350 2558/9199/4350 2514/9200/4350
f 3003/8878/4190 3049/9132/4321 3042/9098/4303
f 2654/8991/4226 2675/9201/4351 2625/9202/4352
f 2654/8991/4226 2625/9202/4352 2572/8992/4252
f 925/9045/4217 930/9044/4274 936/9203/4353
f 1440/8736/4119 556/9204/4354 551/8962/4238
f 3030/9205/4109 3121/9154/4329 3040/9137/4125
f 198/9206/4066 253/9207/4273 213/9208/4222
f 788/8667/4082 791/9126/4316 792/9209/4355
f 3997/9176/4170 3999/9210/4192 3990/9211/4356
f 742/9110/4105 743/9009/4147 687/9111/4247
f 2999/8958/4110 3011/8983/4248 3008/8908/4206
f 226/9212/4132 31/9213/4287 33/9214/4294
f 1718/8089/3815 1732/8522/3994 1734/8608/4048
f 925/8927/4217 928/8970/4241 927/8966/4240
f 2554/9215/4136 2475/9216/4229 2476/9217/4357
f 2394/8864/4181 2560/9036/4270 2438/9218/4358
f 684/8813/4158 686/9125/4315 685/8935/4223
f 2658/9219/4359 2660/9220/4359 3119/9221/4359
f 956/8833/3789 935/9148/4327 932/9081/4296
f 3986/8912/4208 2656/9222/4331 2661/9106/4309
f 247/9171/3918 224/9074/4292 227/9223/4251
f 3030/9224/4109 3016/9225/4302 3021/9226/4360
f 1878/8229/3664 1861/9227/4345 1856/8327/3910
f 29/9026/4267 35/9127/4317 30/9027/4268
f 3041/9141/4177 3019/9143/4325 3043/9228/4361
f 102/9229/4150 74/9230/4149 43/9231/4362
f 925/9045/4217 936/9203/4353 957/9232/4363
f 69/8732/4116 73/9172/4338 71/8950/4234
f 1369/9031/4054 559/9233/4364 1440/9032/4119
f 1369/8964/4054 1373/8861/4179 1371/8838/4097
f 3000/9020/4113 3008/8908/4206 3011/8983/4248
f 740/8648/4071 745/9234/4365 741/8672/4085
f 925/8927/4217 933/9099/4304 928/8970/4241
f 2394/8864/4181 2438/9218/4358 2437/8953/4235
f 774/8202/3858 739/8588/4037 693/9235/4366
f 596/8703/4050 551/8962/4238 557/9236/4367
f 868/9168/4335 816/9170/4337 818/9237/4368
f 1367/8591/4040 1372/8839/4167 1373/8861/4179
f 3002/9238/4178 3169/9239/4369 3120/9240/4256
f 3006/8916/4198 3130/9100/4305 3022/9241/4370
f 2010/7736/3686 2028/8855/4176 2031/9024/4266
f 2653/8937/4225 2675/9242/4351 2654/8938/4226
f 815/9011/4069 934/9102/4307 926/9151/4218
f 815/9243/4069 926/8928/4218 933/9099/4304
f 774/8388/3858 767/9244/4371 743/8793/4147
f 221/9073/4123 248/9245/4254 228/9246/4372
f 3982/8841/4169 3983/8843/4171 3989/9247/4339
f 3041/9248/4177 3171/9249/4373 3002/9250/4178
f 1711/6041/3081 1755/8639/4063 2415/8977/4244
f 685/9180/4223 688/9251/4374 873/9181/4340
f 213/8934/4222 249/9252/4328 206/8948/4233
f 3006/9165/4198 3022/9253/4370 3175/9166/4334
f 788/8667/4082 792/9209/4355 789/9019/4263
f 2650/9254/4375 2514/9255/4375 2651/9256/4375
f 74/8791/4149 38/9140/4324 37/9129/4319
f 815/9243/4069 933/9099/4304 937/9257/4376
f 2556/8925/4216 2570/9258/4236 2559/9259/4377
f 362/9085/4133 249/9152/4328 223/8997/4253
f 2571/9260/3855 2623/9261/4378 1907/9262/3944
f 2390/9263/4145 1439/9264/4201 2436/9265/4330
f 3039/9096/4283 3021/9266/4360 3047/9190/4346
f 685/8935/4223 686/9125/4315 689/9267/4379
f 3014/9077/4293 3018/9138/4323 3128/9268/4380
f 705/8829/4126 689/9267/4379 686/9125/4315
f 3980/8904/4128 3998/9269/4180 3988/9086/4297
f 816/9270/4337 690/9271/4344 688/9272/4374
f 1371/8838/4097 1373/8861/4179 1372/8839/4167
f 207/9115/4285 225/9114/4312 229/9273/4300
f 3041/9248/4177 3043/9274/4361 3171/9249/4373
f 974/7590/3639 986/9275/4381 931/9276/3737
f 65/8640/4064 70/8902/4094 103/9101/4306
f 1967/8553/3700 1911/8552/4014 1915/9277/4080
f 1973/8426/3950 1976/8606/4047 2050/8643/4067
f 25/8888/4091 55/9278/4230 39/9279/4382
f 2560/9280/4270 2404/9281/4383 2438/9282/4358
f 757/8874/4049 759/8873/4187 766/9283/4384
f 3044/9284/4231 3020/9192/4347 3013/9191/4269
f 3039/9175/4283 3017/9174/4311 3134/9285/4385
f 2515/9286/4227 2559/9287/4377 2570/9288/4236
f 3001/8840/4168 3038/9065/4288 3046/9289/4386
f 2383/8674/4086 2405/9290/4387 2398/9012/4245
f 1439/9291/4201 1442/9107/4310 2398/8978/4245
f 2571/9292/3855 1926/9162/3883 2631/9164/4333
f 999/8944/4025 983/8854/4175 869/9293/4348
f 740/8648/4071 743/8788/4147 745/9234/4365
f 3030/9294/4109 3021/9295/4360 3183/9296/4388
f 3009/8915/4210 3120/9003/4256 3130/9100/4305
f 427/9080/4138 554/9079/4295 430/9297/4313
f 873/9181/4340 688/9251/4374 690/9298/4344
f 3044/9284/4231 3045/9299/4255 3023/9300/4389
f 52/9053/4228 56/9301/4390 29/9026/4267
f 3016/9225/4302 3128/9302/4380 3021/9226/4360
f 250/9005/4257 228/9246/4372 251/9303/4391
f 974/7590/3639 1366/8526/3997 986/9275/4381
f 32/9070/4290 37/9129/4319 38/9140/4324
f 596/8703/4050 557/9236/4367 553/9048/4277
f 2387/8767/4134 2439/9304/4392 2450/9063/4286
f 1993/8551/3146 1928/9305/4280 1913/8676/4087
f 931/9306/3737 1381/9307/4393 959/9308/4394
f 52/8940/4228 34/9089/4299 56/9309/4390
f 213/9310/4395 248/9311/4395 249/9312/4395
f 1372/8839/4167 2398/8978/4245 1442/9107/4310
f 2676/9158/4246 2657/9313/4396 2656/9159/4331
f 3806/8541/4007 3809/9314/4397 3807/8586/4035
f 1851/8657/3852 1859/9315/4146 2445/9047/4276
f 768/8652/4074 741/8672/4085 745/9234/4365
f 925/8927/4217 957/9316/4363 933/9099/4304
f 3981/8906/4129 3984/8905/4205 4001/9317/4398
f 3981/8906/4129 4001/9317/4398 3998/9318/4180
f 3038/9094/4288 3015/9093/4301 3046/9319/4386
f 66/8641/4065 104/9320/4320 101/9088/4166
f 362/8764/4133 206/9035/4233 249/9321/4328
f 2658/9322/4399 2659/9323/4400 2660/9324/4401
f 2386/8760/4131 2436/9155/4330 2400/9058/4284
f 20/8491/3975 33/9078/4294 31/9064/4287
f 705/8829/4126 706/9061/4211 691/9325/4402
f 2393/8780/4032 2517/9326/4403 2560/9327/4270
f 227/8989/4251 207/9328/4285 229/9090/4300
f 816/9270/4337 688/9272/4374 817/9329/4404
f 3010/8922/4214 3014/9077/4293 3016/9330/4302
f 1908/8481/3971 1910/8539/4001 2574/9331/4405
f 739/8588/4037 746/9332/4314 693/9235/4366
f 2514/9333/4406 2477/9334/4407 2651/9335/4408
f 250/9005/4257 207/9062/4285 230/9336/4409
f 51/9025/4221 30/9027/4268 32/9070/4290
f 199/9113/4081 226/9212/4132 225/9114/4312
f 3120/9240/4256 3169/9239/4369 3170/9337/4410
f 3002/9250/4178 3171/9249/4373 3169/9338/4369
f 36/9128/4318 40/9339/4411 37/9129/4319
f 1908/8481/3971 2574/9331/4405 2449/8569/4021
f 790/8391/3936 815/8646/4069 937/9340/4376
f 435/8615/3984 550/8868/4185 558/9341/4412
f 999/8955/4025 984/9342/4413 982/8956/4159
f 816/9270/4337 889/9343/4414 818/9344/4368
f 685/8935/4223 689/9267/4379 688/9345/4374
f 245/9346/4165 250/9347/4257 231/9348/4415
f 1362/9083/3933 982/8815/4159 985/9349/4204
f 936/9203/4353 958/9350/4416 957/9232/4363
f 1912/9351/4078 2445/9352/4276 2446/9353/4417
f 221/9073/4123 228/9246/4372 224/9074/4292
f 931/9068/3737 959/9354/4394 929/8976/4243
f 3010/8922/4214 3017/9355/4311 3012/9013/4260
f 25/8888/4091 41/9356/4418 54/8700/4100
f 3047/9357/4346 3021/9226/4360 3128/9302/4380
f 2515/9286/4227 2517/9358/4403 2559/9287/4377
f 3985/9359/4207 2661/9360/4309 2676/9361/4246
f 3012/9013/4260 3017/9355/4311 3177/9362/4419
f 2381/8587/4036 2439/9304/4392 2387/8767/4134
f 1756/9363/4101 1740/9364/4242 1736/9365/4160
f 2437/9366/4235 2406/9367/4420 1443/9368/4261
f 3042/9142/4303 3043/9228/4361 3019/9143/4325
f 3999/9210/4192 3813/9369/4421 3990/9211/4356
f 3982/8841/4169 3989/9247/4339 3999/8880/4192
f 1373/8861/4179 1375/9370/4422 1374/9072/4291
f 793/9371/4423 823/9372/4424 75/9373/4425
f 213/9208/4222 253/9207/4273 248/9374/4254
f 361/8895/4202 104/9130/4320 363/9375/4426
f 868/9168/4335 818/9237/4368 870/9376/4427
f 2437/9366/4235 2438/9377/4358 2407/9378/4428
f 3030/9294/4109 3183/9296/4388 3121/9379/4329
f 1914/9380/4184 2628/9381/4429 2444/9382/4349
f 819/9383/4430 873/9384/4430 690/9385/4430
f 3997/9176/4170 3990/9211/4356 3989/9177/4339
f 3040/9133/4125 3020/9192/4347 3015/9093/4301
f 1439/9264/4201 2400/9386/4284 2436/9265/4330
f 1440/8736/4119 559/9387/4364 556/9204/4354
f 66/8641/4065 103/9101/4306 104/9320/4320
f 3014/9077/4293 3128/9268/4380 3016/9330/4302
f 3010/8922/4214 3047/9388/4346 3017/9355/4311
f 2393/8780/4032 2556/8925/4216 2517/9326/4403
f 2663/9389/4431 3122/9390/4432 3123/9391/4433
f 212/8781/4142 237/9392/4434 201/8702/4102
f 3010/8922/4214 3016/9330/4302 3047/9388/4346
f 981/8870/4083 1739/8931/4108 1742/9054/4281
f 930/9082/4274 932/9081/4296 938/9393/4435
f 2381/8587/4036 2400/9058/4284 2408/9394/4436
f 930/9082/4274 939/9395/4437 958/9396/4416
f 227/9223/4251 230/9336/4409 207/9062/4285
f 32/9070/4290 35/9127/4317 37/9129/4319
f 3018/9138/4323 3121/9154/4329 3128/9268/4380
f 54/8700/4100 41/9356/4418 34/9089/4299
f 705/8829/4126 691/9325/4402 689/9267/4379
f 930/9044/4274 958/9350/4416 936/9203/4353
f 3984/8905/4205 3988/9086/4297 4001/9317/4398
f 3048/9397/4278 3132/9398/4438 3049/9399/4321
f 227/9223/4251 224/9074/4292 228/9246/4372
f 429/9039/4182 361/8895/4202 364/9400/4439
f 743/9401/4147 767/9402/4371 745/9403/4365
f 30/9027/4268 35/9127/4317 32/9070/4290
f 245/9346/4165 231/9348/4415 33/9404/4294
f 706/9061/4211 873/9405/4340 691/9325/4402
f 3042/9142/4303 3132/9398/4438 3043/9228/4361
f 1366/8526/3997 985/8947/4204 1376/9406/4440
f 768/9407/4074 769/9408/4441 744/9409/4258
f 2658/9410/4399 3119/9411/4442 2662/9412/4443
f 820/9413/3279 790/8391/3936 791/9414/4316
f 3012/9013/4260 3024/9415/4444 3048/9050/4278
f 2572/9416/4252 2573/9417/4445 2655/9418/4289
f 1856/8327/3910 1861/9227/4345 1859/8785/4146
f 2556/8925/4216 2559/9259/4377 2517/9326/4403
f 423/9419/3957 429/9039/4182 560/9420/4446
f 2381/8587/4036 2408/9394/4436 2439/9304/4392
f 1732/9421/3994 2456/9422/4447 1734/8778/4048
f 793/9371/4423 76/9423/4448 77/9424/4449
f 250/9005/4257 230/9336/4409 228/9246/4372
f 2554/9215/4136 2476/9217/4357 2515/9425/4227
f 3999/9426/4192 4000/9427/4450 3813/9428/4421
f 911/9429/4161 867/9105/4215 764/9104/4308
f 868/9168/4335 870/9376/4427 871/9430/4451
f 2065/9431/3847 2022/9432/3917 2066/9433/4452
f 68/8731/4115 78/9434/4453 73/9172/4338
f 2651/9335/4408 2477/9334/4407 2467/9435/4454
f 29/9026/4267 56/9301/4390 36/9128/4318
f 1736/9365/4160 1740/9364/4242 2478/9436/4455
f 2475/8941/4229 2397/8965/4239 2450/9063/4286
f 1975/9437/4011 1915/9277/4080 2583/9438/4456
f 793/9439/4423 77/9440/4449 794/9441/4457
f 2445/9352/4276 2447/9442/4458 2446/9353/4417
f 3044/9284/4231 3023/9300/4389 3025/9443/4459
f 1914/9380/4184 2574/9444/4405 2628/9381/4429
f 3012/9013/4260 3177/9362/4419 3022/9445/4370
f 677/8572/4024 808/9183/4342 746/9124/4314
f 232/8772/4137 252/9446/4460 238/9046/4275
f 25/8888/4091 39/9279/4382 41/9356/4418
f 435/8615/3984 558/9341/4412 554/9079/4295
f 74/8791/4149 37/9129/4319 40/9339/4411
f 70/8949/4094 71/8950/4234 103/9447/4306
f 3047/9357/4346 3128/9302/4380 3124/9448/4461
f 982/8956/4159 984/9342/4413 932/9449/4296
f 3042/9142/4303 3049/9399/4321 3132/9398/4438
f 201/8702/4102 237/9392/4434 253/9042/4273
f 2656/9159/4331 2657/9313/4396 2685/9450/4462
f 757/8874/4049 766/9283/4384 784/9451/4199
f 3988/9452/4297 3991/9453/4463 4001/9454/4398
f 1369/8964/4054 1441/9455/4196 1377/9456/4464
f 3044/9284/4231 3025/9443/4459 3020/9192/4347
f 68/8731/4115 79/9457/4465 78/9434/4453
f 1373/8861/4179 1377/9456/4464 1375/9370/4422
f 2437/9366/4235 2407/9378/4428 2406/9367/4420
f 3021/9295/4360 3124/9458/4461 3179/9459/4466
f 2022/9460/4467 2024/9461/4467 3821/9462/4467
f 793/9371/4423 75/9373/4425 76/9423/4448
f 71/8950/4234 73/9172/4338 78/9434/4453
f 36/9128/4318 42/9463/4468 40/9339/4411
f 2557/9464/4469 2651/9465/4469 2558/9466/4469
f 2065/9431/3847 2066/9433/4452 2067/9467/4075
f 36/9128/4318 56/9301/4390 42/9463/4468
f 3043/9468/4361 3172/9469/4470 3171/9470/4373
f 743/9009/4147 770/9471/4471 687/9111/4247
f 933/9099/4304 957/9316/4363 940/9472/4472
f 688/9345/4374 689/9267/4379 692/9473/4473
f 55/9084/4230 238/9046/4275 208/9474/4474
f 428/8826/4164 430/9117/4313 368/8920/4213
f 870/9376/4427 872/9475/4475 871/9430/4451
f 2653/8937/4225 2655/9144/4289 2675/9242/4351
f 1369/9031/4054 1444/9476/4476 559/9233/4364
f 932/9449/4296 984/9342/4413 938/9477/4435
f 1733/8575/4027 1742/9054/4281 2399/9116/4282
f 3120/9240/4256 3170/9337/4410 3176/9478/4477
f 789/9122/4263 792/9479/4355 794/9441/4457
f 3169/9480/4369 3125/9481/4478 3170/9482/4410
f 3171/9483/4373 3126/9484/4479 3127/9485/4480
f 790/8391/3936 937/9340/4376 791/9414/4316
f 1907/9262/3944 2623/9261/4378 2575/9486/4259
f 3128/9487/4380 3129/9488/4481 3124/9489/4461
f 1439/9264/4201 2398/9012/4245 2405/9290/4387
f 3119/9411/4442 2582/9490/4482 2662/9412/4443
f 554/9079/4295 599/9491/4483 430/9297/4313
f 250/9347/4257 251/9492/4391 231/9348/4415
f 227/9223/4251 228/9246/4372 230/9336/4409
f 3001/8840/4168 3147/9493/4484 3045/9001/4255
f 3017/9174/4311 3047/9494/4346 3134/9285/4385
f 3120/9240/4256 3176/9478/4477 3130/9495/4305
f 784/9451/4199 771/9496/4485 770/9497/4471
f 795/9498/3920 72/9123/4237 796/9499/4486
f 1369/9500/4054 1438/9501/4191 1444/9502/4476
f 64/8786/4020 80/9503/4487 68/8731/4115
f 2658/9410/4399 2662/9412/4443 2624/9504/4488
f 3048/9050/4278 3024/9415/4444 3127/9505/4480
f 1912/9351/4078 2446/9353/4417 1861/9506/4345
f 933/9099/4304 940/9472/4472 937/9257/4376
f 2660/9324/4401 2659/9323/4400 3119/9411/4442
f 3020/9192/4347 3025/9443/4459 3150/9507/4489
f 2663/9389/4431 3131/9508/4490 3122/9390/4432
f 930/9082/4274 938/9393/4435 939/9395/4437
f 1927/8469/3966 2575/9010/4259 2631/9509/4333
f 1736/9510/4160 2478/9511/4455 2448/9512/4491
f 745/9403/4365 767/9402/4371 769/9408/4441
f 3043/9513/4361 3132/9514/4438 3133/9515/4492
f 3048/9050/4278 3127/9505/4480 3126/9516/4479
f 1910/9194/4001 2444/9196/4349 2629/9517/4493
f 3039/9518/4283 3173/9519/4494 3021/9520/4360
f 2024/9521/3999 2032/9522/4279 3821/9523/4495
f 3015/9093/4301 3020/9192/4347 3146/9524/4496
f 981/8870/4083 1742/9054/4281 1737/8871/4186
f 2449/9525/4497 2574/9526/4497 1914/9527/4497
f 3048/9397/4278 3126/9528/4479 3132/9398/4438
f 823/9372/4424 81/9529/4498 75/9373/4425
f 2560/9280/4270 2520/9530/4499 2404/9281/4383
f 3999/8880/4192 3989/9247/4339 4000/9531/4450
f 793/9371/4423 822/9532/4500 823/9372/4424
f 2012/8692/3701 2031/9024/4266 2049/9533/4264
f 2658/9410/4399 2624/9504/4488 2659/9534/4400
f 868/9168/4335 871/9430/4451 819/9169/4336
f 2018/8245/3871 2670/9161/4332 2033/9535/4501
f 2572/9416/4252 2625/9536/4352 2573/9417/4445
f 3039/9518/4283 3134/9537/4385 3173/9519/4494
f 68/8731/4115 80/9503/4487 79/9457/4465
f 2049/9533/4264 2031/9024/4266 2669/9538/4502
f 743/9009/4147 744/9008/4258 770/9471/4471
f 226/9212/4132 33/9214/4294 225/9114/4312
f 870/9539/4427 963/9540/4503 939/9541/4437
f 2018/8245/3871 2033/9535/4501 2021/8437/3942
f 1975/9437/4011 2583/9438/4456 1928/9542/4280
f 2400/9386/4284 2441/9543/4504 2408/9544/4436
f 3135/9545/4505 2684/9546/4505 3136/9547/4505
f 3806/8541/4007 3808/9197/4124 3809/9314/4397
f 774/8202/3858 693/9235/4366 775/9548/4506
f 102/9229/4150 43/9231/4362 82/9549/4507
f 768/9407/4074 745/9403/4365 769/9408/4441
f 34/9089/4299 41/9356/4418 56/9309/4390
f 2475/9550/4229 2450/9551/4286 2411/9552/4508
f 1976/9016/4047 2034/9553/4509 2050/9554/4067
f 3001/8840/4168 3046/9289/4386 3147/9493/4484
f 2445/9352/4276 2466/9555/4510 2447/9442/4458
f 232/9556/4137 229/9273/4300 252/9557/4460
f 3045/9299/4255 3050/9558/4511 3023/9300/4389
f 1736/9510/4160 2448/9512/4491 2451/9559/4512
f 1437/8782/4143 1378/9560/4513 1438/8879/4191
f 873/9405/4340 817/9561/4404 691/9325/4402
f 1859/9315/4146 2466/9562/4510 2445/9047/4276
f 2663/9389/4431 3123/9391/4433 2679/9563/4514
f 793/9439/4423 794/9441/4457 822/9564/4500
f 784/9103/4199 772/9565/4515 764/9104/4308
f 870/9376/4427 939/9566/4437 872/9475/4475
f 1438/9501/4191 1412/9567/4516 1444/9502/4476
f 2383/8674/4086 2409/9568/4517 2405/9290/4387
f 1375/9370/4422 1377/9456/4464 1413/9569/4518
f 819/9169/4336 914/9570/4519 873/9571/4340
f 1879/9572/4520 1863/9573/4520 1740/9574/4520
f 75/9373/4425 83/9575/4521 76/9423/4448
f 3015/9576/4301 3137/9577/4522 3046/9578/4386
f 3130/9579/4305 3176/9580/4477 3138/9581/4523
f 3043/9513/4361 3133/9515/4492 3172/9582/4470
f 2392/8824/4043 2410/9583/4524 2435/8825/4163
f 2663/9584/4431 2679/9585/4514 3131/9586/4490
f 931/9306/3737 986/9587/4381 1381/9307/4393
f 2515/9588/4227 2453/9589/4525 2448/9590/4491
f 3171/9483/4373 3127/9485/4480 3139/9591/4526
f 2026/8748/3962 2035/9592/4527 2027/8758/4096
f 818/9593/4368 937/9594/4376 870/9539/4427
f 3047/9595/4346 3140/9596/4528 3134/9597/4385
f 687/9111/4247 770/9471/4471 763/9598/4265
f 3023/9300/4389 3050/9558/4511 3025/9443/4459
f 1734/8778/4048 2411/9599/4508 1741/8779/4141
f 1862/9600/4152 1736/9601/4160 1863/9602/4529
f 2515/9588/4227 2448/9590/4491 2478/9603/4455
f 2029/8876/4188 2670/9161/4332 2030/8881/4193
f 819/9169/4336 871/9430/4451 913/9604/4530
f 1911/9605/4531 1913/9606/4531 2666/9607/4531
f 693/9608/4366 694/9609/4532 775/9610/4506
f 1976/9016/4047 2674/9018/4262 2034/9553/4509
f 2678/9611/4533 2664/9612/4534 2682/9613/4535
f 1439/9264/4201 2405/9290/4387 2400/9386/4284
f 2514/9614/4536 2447/9615/4537 2477/9616/4538
f 2515/9588/4227 2476/9617/4357 2465/9618/4539
f 2515/9619/4227 2516/9620/4540 2517/9621/4403
f 365/9622/3977 366/9623/4541 367/9624/4542
f 368/8920/4213 430/9117/4313 562/9625/4543
f 2661/9360/4309 2656/9626/4331 2677/9627/4544
f 3024/9628/4444 3139/9591/4526 3127/9485/4480
f 3119/9411/4442 2659/9323/4400 2582/9490/4482
f 3012/9013/4260 3022/9445/4370 3181/9629/4545
f 2067/9630/4075 2066/9631/4452 3810/9632/4546
f 2475/9550/4229 2465/9633/4539 2476/9634/4357
f 2656/9635/4331 2685/9636/4462 2677/9637/4544
f 2444/9382/4349 2573/9417/4445 2629/9638/4493
f 1437/8782/4143 1443/9156/4261 1378/9560/4513
f 1862/9639/4547 1863/9640/4547 1879/9641/4547
f 2655/9144/4289 2626/9642/4548 2675/9242/4351
f 248/9245/4254 233/9643/4549 228/9246/4372
f 248/9245/4254 253/9644/4273 233/9643/4549
f 792/9479/4355 822/9564/4500 794/9441/4457
f 229/9273/4300 225/9114/4312 233/9645/4549
f 228/9246/4372 233/9643/4549 234/9646/4550
f 3047/9595/4346 3124/9647/4461 3141/9648/4551
f 791/9649/4316 937/9650/4376 821/9651/4552
f 795/9652/3920 84/9653/4553 64/9654/4020
f 2022/9655/3917 3811/9656/4554 2066/9631/4452
f 2400/9386/4284 2405/9290/4387 2441/9543/4504
f 3132/9514/4438 3126/9657/4479 3133/9515/4492
f 3170/9482/4410 3139/9591/4526 3024/9628/4444
f 75/9373/4425 81/9529/4498 83/9575/4521
f 1369/8964/4054 1377/9456/4464 1373/8861/4179
f 937/9650/4376 889/9658/4414 821/9651/4552
f 957/9232/4363 958/9350/4416 961/9659/4555
f 774/8388/3858 785/9660/4556 767/9244/4371
f 74/8791/4149 40/9339/4411 42/9463/4468
f 3020/9192/4347 3150/9507/4489 3146/9524/4496
f 999/8955/4025 1002/9661/4557 984/9342/4413
f 2515/9662/4227 2478/9663/4455 2452/9664/4558
f 2515/9619/4227 2452/9665/4558 2516/9620/4540
f 2475/9550/4229 2411/9552/4508 2465/9633/4539
f 2675/9201/4351 2626/9666/4548 2625/9202/4352
f 932/9081/4296 935/9148/4327 941/9667/4559
f 1859/9315/4146 1861/9668/4345 2466/9562/4510
f 818/9344/4368 889/9343/4414 937/9669/4376
f 2571/9670/4560 2624/9671/4560 2623/9672/4560
f 3012/9013/4260 3181/9629/4545 3024/9415/4444
f 759/8873/4187 763/9022/4265 773/9673/4561
f 423/8636/3957 560/9674/4446 555/9184/4343
f 937/9594/4376 942/9675/4562 870/9539/4427
f 913/9676/4530 874/9677/4563 910/9678/4564
f 55/9679/4230 235/9680/4565 39/9681/4382
f 4001/9454/4398 3991/9453/4463 3992/9682/4566
f 1366/8526/3997 1376/9406/4440 986/9275/4381
f 64/8786/4020 105/9683/4567 80/9503/4487
f 2515/9588/4227 2465/9618/4539 2453/9589/4525
f 999/8955/4025 869/9684/4348 1002/9661/4557
f 938/9393/4435 872/9685/4475 939/9395/4437
f 2651/9335/4408 2467/9435/4454 2558/9686/4568
f 103/9447/4306 85/9687/4569 104/9688/4320
f 3990/9211/4356 3813/9369/4421 3814/9689/4570
f 1374/9072/4291 1375/9370/4422 1413/9569/4518
f 984/9342/4413 877/9690/4571 938/9477/4435
f 774/9691/3858 775/9692/4506 785/9693/4556
f 2662/9694/4443 2576/9695/4572 2624/9696/4488
f 251/9492/4391 234/9697/4550 231/9348/4415
f 2021/8411/3942 2036/9698/4573 2029/8876/4188
f 1741/9186/4141 2454/9699/4574 1743/9187/4298
f 1740/9700/4242 2452/9664/4558 2478/9663/4455
f 1739/8931/4108 1738/8930/4219 1742/9054/4281
f 1732/9421/3994 1743/9187/4298 2456/9422/4447
f 598/9056/4061 561/9701/4575 552/8988/4250
f 3047/9595/4346 3141/9648/4551 3140/9596/4528
f 784/9451/4199 770/9497/4471 772/9702/4515
f 3170/9482/4410 3024/9628/4444 3181/9703/4545
f 3172/9582/4470 3133/9515/4492 3126/9657/4479
f 2404/9281/4383 2412/9704/4576 2413/9705/4577
f 2444/9382/4349 2628/9381/4429 2573/9417/4445
f 816/9270/4337 817/9329/4404 914/9706/4519
f 2439/9707/4392 2408/9708/4436 2414/9709/4578
f 2392/8824/4043 2415/9710/4244 2440/9711/4579
f 957/9316/4363 961/9712/4555 940/9472/4472
f 2676/9361/4246 2661/9360/4309 2677/9627/4544
f 3015/9576/4301 3186/9713/4580 3137/9577/4522
f 74/8791/4149 106/9714/4581 43/9715/4362
f 791/9716/4316 822/9717/4500 792/9718/4355
f 744/9008/4258 772/9719/4515 770/9471/4471
f 2450/9720/4286 2439/9721/4392 2413/9705/4577
f 1736/9601/4160 2451/9722/4512 1863/9602/4529
f 819/9169/4336 913/9604/4530 910/9723/4564
f 982/8815/4159 987/9724/4582 985/9349/4204
f 937/9257/4376 940/9472/4472 961/9712/4555
f 3998/9725/4180 4001/9726/4398 4002/9727/4583
f 3998/9725/4180 4002/9727/4583 3988/9452/4297
f 2678/9728/4533 2683/9729/4584 2664/9730/4534
f 2383/8674/4086 2416/9731/4585 2409/9568/4517
f 3807/8586/4035 3812/9732/4586 3808/8745/4124
f 823/9372/4424 85/9687/4569 81/9529/4498
f 819/9169/4336 910/9723/4564 875/9733/4587
f 746/9124/4314 695/9734/4588 693/9608/4366
f 2450/9720/4286 2413/9705/4577 2412/9704/4576
f 2067/9630/4075 3810/9632/4546 2032/9735/4279
f 365/8494/3977 368/8920/4213 385/9736/4589
f 2028/8855/4176 2049/9150/4264 2687/9737/4590
f 816/9270/4337 914/9706/4519 889/9343/4414
f 767/9402/4371 785/9738/4556 769/9408/4441
f 368/9739/4213 562/9740/4543 385/9741/4589
f 763/9742/4265 770/9497/4471 773/9743/4561
f 1910/9194/4001 2629/9517/4493 2574/9744/4405
f 430/9745/4313 599/9746/4483 562/9747/4543
f 1438/9501/4191 1378/9748/4513 1412/9567/4516
f 3123/9749/4433 2681/9750/4591 2679/9751/4514
f 3021/9520/4360 3141/9752/4551 3124/9753/4461
f 4001/9454/4398 3992/9682/4566 3993/9754/4592
f 3121/9755/4329 3129/9488/4481 3128/9487/4380
f 2655/9756/4289 2577/9757/4593 2626/9758/4548
f 2571/9759/4594 2631/9760/4594 2624/9761/4594
f 2514/9762/4536 2446/9763/4595 2447/9764/4537
f 3813/9428/4421 4000/9427/4450 3811/9765/4554
f 759/8873/4187 773/9673/4561 881/9766/4596
f 74/8791/4149 42/9463/4468 106/9714/4581
f 3170/9482/4410 3181/9703/4545 3176/9767/4477
f 2662/9412/4443 2582/9490/4482 2576/9768/4572
f 3025/9443/4459 3050/9558/4511 3150/9507/4489
f 873/9769/4340 914/9706/4519 817/9329/4404
f 3171/9470/4373 3172/9469/4470 3126/9770/4479
f 3134/9771/4385 3142/9772/4597 3173/9773/4494
f 2655/9418/4289 2573/9417/4445 2628/9381/4429
f 2448/9590/4491 2453/9589/4525 2516/9774/4540
f 80/9503/4487 105/9683/4567 106/9775/4581
f 958/9350/4416 939/9541/4437 961/9659/4555
f 2659/9534/4400 2624/9504/4488 2630/9776/4598
f 102/9229/4150 82/9549/4507 86/9777/4151
f 982/8815/4159 932/9778/4296 947/9779/4599
f 982/8815/4159 947/9779/4599 1001/9780/4600
f 3021/9520/4360 3173/9519/4494 3143/9781/4601
f 2623/9782/4378 2624/9696/4488 2576/9695/4572
f 225/9783/4312 231/9348/4415 234/9697/4550
f 3807/8586/4035 3809/9314/4397 3812/9732/4586
f 929/8976/4243 943/9784/4602 935/9148/4327
f 784/9451/4199 766/9283/4384 771/9496/4485
f 3122/9785/4432 2681/9750/4591 3123/9749/4433
f 2021/9786/3942 2033/9787/4501 2680/9788/4603
f 55/9679/4230 208/9789/4474 235/9680/4565
f 365/9622/3977 367/9624/4542 254/9790/4604
f 2453/9791/4525 2465/9792/4539 2519/9793/4605
f 104/9688/4320 85/9687/4569 823/9372/4424
f 791/9716/4316 823/9794/4424 822/9717/4500
f 33/9404/4294 231/9348/4415 225/9783/4312
f 3150/9507/4489 3050/9558/4511 3151/9795/4606
f 3809/9796/4397 4001/9797/4398 3993/9798/4592
f 3174/9799/4272 3175/9800/4334 3144/9801/4607
f 253/9042/4273 237/9392/4434 236/9802/4608
f 3809/9796/4397 4002/9803/4583 4001/9797/4398
f 2026/8748/3962 2050/8747/4067 2035/9592/4527
f 2514/9804/4609 2558/9805/4609 2518/9806/4609
f 43/9231/4362 105/9807/4567 82/9549/4507
f 2664/9730/4534 2683/9729/4584 2686/9808/4610
f 935/9148/4327 944/9809/4611 941/9667/4559
f 2448/9810/4491 2516/9811/4540 2452/9664/4558
f 3046/9578/4386 3137/9577/4522 3186/9713/4580
f 3135/9812/4612 3136/9813/4613 2680/9814/4603
f 39/9279/4382 239/9815/4614 41/9356/4418
f 1740/9700/4242 1863/9816/4529 2452/9664/4558
f 365/9622/3977 254/9790/4604 212/9817/4142
f 746/9124/4314 808/9183/4342 695/9734/4588
f 819/9169/4336 875/9733/4587 914/9570/4519
f 43/9231/4362 106/9818/4581 105/9807/4567
f 929/8976/4243 960/9819/4615 943/9784/4602
f 871/9430/4451 872/9475/4475 913/9604/4530
f 4000/9820/4450 3810/9632/4546 2066/9631/4452
f 3122/9785/4432 3131/9821/4490 2681/9750/4591
f 938/9822/4435 876/9823/4616 872/9824/4475
f 2392/8824/4043 2440/9711/4579 2410/9583/4524
f 937/9825/4376 961/9826/4555 942/9827/4562
f 2404/9281/4383 2520/9530/4499 2412/9704/4576
f 939/9541/4437 963/9540/4503 961/9659/4555
f 3176/9828/4477 3185/9829/4617 3138/9830/4523
f 1755/9000/4063 2435/8999/4163 2417/9831/4618
f 2022/9832/3917 3821/9833/4495 3811/9834/4554
f 364/9400/4439 369/9835/4619 370/9836/4620
f 795/9498/3920 796/9499/4486 88/9837/4621
f 1741/9186/4141 2411/9838/4508 2454/9699/4574
f 212/9839/4142 236/9840/4608 237/9841/4434
f 2435/8999/4163 2410/9842/4524 2417/9831/4618
f 2625/9843/4622 2626/9844/4622 2627/9845/4622
f 3130/9579/4305 3138/9581/4523 3022/9846/4370
f 984/9342/4413 1002/9661/4557 988/9847/4623
f 2415/9848/4244 2417/9831/4618 2440/9849/4579
f 929/8976/4243 959/9354/4394 960/9819/4615
f 2453/9589/4525 2519/9850/4605 2516/9774/4540
f 559/9851/4364 1444/9852/4476 1412/9853/4516
f 3175/9854/4334 3022/9855/4370 3145/9856/4624
f 2451/9857/4512 2452/9664/4558 1863/9816/4529
f 2408/9708/4436 2441/9858/4504 2414/9709/4578
f 985/8947/4204 987/9859/4582 1376/9406/4440
f 2477/9860/4625 2447/9861/4625 2467/9862/4625
f 869/9863/4348 1001/9864/4600 1002/9865/4557
f 2438/9282/4358 2404/9281/4383 2418/9866/4626
f 759/8873/4187 776/9867/4627 766/9283/4384
f 3015/9868/4628 3146/9869/4628 3182/9870/4628
f 559/9851/4364 1412/9853/4516 1445/9871/4629
f 238/9872/4275 252/9873/4460 208/9789/4474
f 598/9056/4061 555/9874/4343 561/9701/4575
f 39/9681/4382 235/9680/4565 239/9875/4614
f 2560/9876/4630 2517/9877/4630 2520/9878/4630
f 3170/9482/4410 3125/9481/4478 3139/9591/4526
f 911/9879/4161 875/9733/4587 910/9723/4564
f 3046/9880/4386 3186/9881/4580 3147/9882/4484
f 3989/9177/4339 3990/9211/4356 3994/9883/4631
f 4000/9820/4450 2066/9631/4452 3811/9656/4554
f 1378/9748/4513 1379/9884/4632 1412/9567/4516
f 253/9885/4273 236/9840/4608 233/9886/4549
f 2659/9534/4400 2630/9776/4598 2582/9887/4482
f 76/9423/4448 83/9575/4521 87/9888/4633
f 984/9889/4413 989/9890/4634 877/9891/4571
f 2625/9536/4352 2627/9892/4635 2573/9417/4445
f 1374/9072/4291 1413/9569/4518 2401/9149/4322
f 911/9893/4161 878/9894/4636 912/9895/4271
f 984/9342/4413 988/9847/4623 989/9896/4634
f 3990/9211/4356 3814/9689/4570 3994/9883/4631
f 3022/9855/4370 3177/9897/4419 3178/9898/4637
f 225/9783/4312 234/9697/4550 233/9899/4549
f 3177/9900/4419 3144/9801/4607 3178/9901/4637
f 870/9539/4427 942/9675/4562 963/9540/4503
f 2684/9902/4638 2665/9903/4639 3136/9904/4613
f 987/9905/4582 1003/9906/4640 990/9907/4641
f 881/9908/4596 696/9909/4642 882/9910/4643
f 429/9039/4182 364/9400/4439 370/9836/4620
f 3022/9911/4370 3138/9912/4523 3180/9913/4644
f 688/9345/4374 692/9473/4473 817/9561/4404
f 2450/9720/4286 2412/9704/4576 2411/9914/4508
f 551/8962/4238 556/9204/4354 557/9236/4367
f 2405/9290/4387 2409/9568/4517 2441/9543/4504
f 2411/9915/4508 2412/9916/4576 2454/9917/4574
f 2021/9918/3942 2680/9919/4603 2036/9920/4573
f 3021/9520/4360 3143/9781/4601 3141/9752/4551
f 3021/9295/4360 3179/9459/4466 3183/9296/4388
f 549/9921/4645 1377/9922/4645 1441/9923/4645
f 2448/9810/4491 2452/9664/4558 2451/9857/4512
f 982/8815/4159 1001/9780/4600 987/9724/4582
f 1913/9924/4646 2578/9925/4646 2666/9926/4646
f 77/9440/4449 797/9927/4647 794/9441/4457
f 76/9423/4448 87/9888/4633 77/9424/4449
f 987/9905/4582 1001/9864/4600 991/9928/4648
f 3171/9929/4373 3139/9930/4526 3148/9931/4649
f 3022/9855/4370 3178/9898/4637 3145/9856/4624
f 2655/9756/4289 2628/9932/4429 2577/9757/4593
f 229/9273/4300 233/9645/4549 252/9557/4460
f 764/9104/4308 772/9565/4515 777/9933/4650
f 2679/9585/4514 2681/9934/4591 2581/9935/4651
f 795/9652/3920 88/9936/4621 84/9653/4553
f 1376/9406/4440 987/9859/4582 990/9937/4641
f 959/9308/4394 1381/9307/4393 947/9938/4599
f 911/9893/4161 879/9939/4652 878/9894/4636
f 3808/9197/4124 4002/9940/4583 3809/9314/4397
f 365/9622/3977 385/9941/4589 366/9623/4541
f 1861/9506/4345 2446/9353/4417 2455/9942/4653
f 104/9688/4320 823/9372/4424 363/9943/4426
f 2575/9486/4259 2623/9261/4378 2579/9944/4654
f 1755/9000/4063 2417/9831/4618 2415/9848/4244
f 386/9945/4655 371/9946/4656 240/9947/4657
f 2438/9948/4358 2482/9949/4658 2561/9950/4659
f 72/9123/4237 789/9122/4263 796/9499/4486
f 1002/9661/4557 1001/9951/4600 992/9952/4660
f 556/9953/4354 559/9954/4364 570/9955/4661
f 1443/9156/4261 2423/9956/4662 1378/9560/4513
f 938/9822/4435 877/9891/4571 880/9957/4663
f 910/9678/4564 874/9677/4563 879/9939/4652
f 911/9893/4161 910/9678/4564 879/9939/4652
f 1734/8778/4048 2456/9422/4447 2411/9599/4508
f 2050/9958/4067 2034/9959/4509 2580/9960/4664
f 2514/9961/4665 2518/9962/4665 2446/9963/4665
f 81/9529/4498 89/9964/4666 83/9575/4521
f 881/9965/4596 882/9966/4643 883/9967/4667
f 2383/8674/4086 1745/9968/4668 2416/9731/4585
f 2623/9782/4378 2576/9695/4572 2579/9969/4654
f 911/9429/4161 764/9104/4308 777/9933/4650
f 3131/9586/4490 2679/9585/4514 2690/9970/4669
f 2410/9842/4524 2440/9849/4579 2419/9971/4670
f 2678/9972/4533 2682/9973/4535 2683/9974/4584
f 41/9356/4418 239/9815/4614 44/9975/4671
f 798/9976/4672 799/9977/4673 826/9978/4674
f 3169/9979/4369 3171/9929/4373 3148/9931/4649
f 56/9301/4390 106/9714/4581 42/9463/4468
f 2031/9024/4266 2672/9980/4675 2669/9538/4502
f 2664/9612/4534 2686/9981/4610 2682/9613/4535
f 798/9976/4672 800/9982/4676 799/9977/4673
f 3176/9828/4477 3181/9983/4545 3185/9829/4617
f 363/9984/4426 370/9836/4620 386/9985/4655
f 2050/9958/4067 2580/9960/4664 2035/9986/4527
f 791/9716/4316 824/9987/4677 825/9988/4678
f 759/8873/4187 881/9766/4596 776/9867/4627
f 549/9989/4156 1380/9990/4679 1377/9991/4464
f 3135/9812/4612 2680/9814/4603 2684/9992/4638
f 913/9676/4530 879/9939/4652 874/9677/4563
f 744/9409/4258 769/9408/4441 772/9565/4515
f 696/9909/4642 697/9993/4680 882/9910/4643
f 2666/9994/4681 2578/9995/4682 2683/9996/4584
f 789/9122/4263 794/9441/4457 801/9997/4683
f 3988/9452/4297 3992/9682/4566 3991/9453/4463
f 869/9863/4348 991/9928/4648 1001/9864/4600
f 386/9985/4655 370/9836/4620 369/9835/4619
f 2685/9636/4462 2667/9998/4684 2677/9637/4544
f 2517/9621/4403 2516/9620/4540 2519/9999/4605
f 71/8950/4234 78/9434/4453 103/9447/4306
f 2573/9417/4445 2627/9892/4635 2629/9638/4493
f 911/9879/4161 884/10000/4685 875/9733/4587
f 2410/9842/4524 2419/9971/4670 2417/9831/4618
f 938/9822/4435 880/9957/4663 876/9823/4616
f 562/9740/4543 582/10001/4686 385/9741/4589
f 2676/9361/4246 2677/9627/4544 2668/10002/4687
f 2049/10003/4264 2669/10004/4502 2685/10005/4462
f 369/9835/4619 240/9947/4657 372/10006/4688
f 3169/10007/4369 3148/10008/4649 3149/10009/4689
f 3124/9489/4461 3129/9488/4481 3179/10010/4466
f 2679/9585/4514 2581/9935/4651 2690/9970/4669
f 2404/9281/4383 2413/9705/4577 2418/9866/4626
f 3022/10011/4370 3180/10012/4644 3181/10013/4545
f 2032/9735/4279 3810/9632/4546 4000/9820/4450
f 796/9499/4486 802/10014/4690 88/9837/4621
f 552/8988/4250 561/9701/4575 563/10015/4691
f 3150/10016/4489 3151/10017/4606 3152/10018/4692
f 2027/10019/4096 2035/10020/4527 2674/10021/4262
f 2456/10022/4447 2465/9633/4539 2411/9552/4508
f 555/9184/4343 560/9674/4446 378/10023/4693
f 872/9824/4475 885/10024/4694 913/10025/4530
f 3134/9597/4385 3140/9596/4528 3188/10026/4695
f 3134/10027/4385 3188/10028/4695 3142/10029/4597
f 3809/9314/4397 3993/10030/4592 3812/9732/4586
f 794/9441/4457 797/9927/4647 801/9997/4683
f 689/9267/4379 691/9325/4402 692/9473/4473
f 2438/9282/4358 2418/9866/4626 2480/10031/4696
f 821/9651/4552 798/10032/4672 826/10033/4674
f 2631/10034/4697 2630/10035/4598 2624/10036/4488
f 2401/9149/4322 1413/9569/4518 2442/10037/4698
f 3140/9596/4528 3141/9648/4551 3188/10026/4695
f 1911/10038/4699 2666/10039/4699 2633/10040/4699
f 3169/10041/4700 3149/10042/4700 3125/10043/4700
f 1742/9054/4281 2402/10044/4341 2399/9116/4282
f 2438/9948/4358 2480/10045/4696 2482/9949/4658
f 1376/9406/4440 990/9937/4641 1003/10046/4640
f 363/9984/4426 560/9420/4446 370/9836/4620
f 2682/9973/4535 2688/10047/4701 2683/9974/4584
f 986/10048/4381 1004/10049/4702 1381/10050/4393
f 363/10051/4426 92/10052/4703 560/10053/4446
f 386/9945/4655 369/10054/4619 371/9946/4656
f 911/9429/4161 777/9933/4650 884/10055/4685
f 3015/9576/4301 3182/10056/4704 3186/9713/4580
f 2465/9792/4539 2457/10057/4705 2519/9793/4605
f 2558/9686/4568 2467/9435/4454 2518/10058/4706
f 363/10051/4426 373/10059/4707 92/10052/4703
f 2670/10060/4332 2671/10061/4708 2033/10062/4501
f 3813/10063/4421 3811/9834/4554 3814/10064/4570
f 2028/8855/4176 2672/9980/4675 2031/9024/4266
f 2626/9758/4548 2577/9757/4593 2627/10065/4635
f 3808/8745/4124 3812/9732/4586 4002/10066/4583
f 798/9976/4672 803/10067/4709 800/9982/4676
f 2441/9543/4504 2409/9568/4517 2416/9731/4585
f 2676/9158/4246 2668/10068/4687 2657/9313/4396
f 959/10069/4394 945/10070/4710 960/10071/4615
f 2032/10072/4279 4000/9531/4450 3989/9247/4339
f 1002/9661/4557 992/9952/4660 993/10073/4711
f 3045/9001/4255 3147/9493/4484 3050/10074/4511
f 77/9440/4449 87/10075/4633 797/9927/4647
f 3183/10076/4388 3179/10077/4466 3153/10078/4712
f 1002/9661/4557 993/10073/4711 988/9847/4623
f 549/8808/4156 552/8988/4250 1380/10079/4679
f 2683/9996/4584 2578/9995/4682 2686/10080/4610
f 3175/9854/4334 3145/9856/4624 3184/10081/4713
f 798/9976/4672 699/10082/4714 803/10067/4709
f 369/10083/4619 374/10084/4715 371/10085/4656
f 3125/10086/4478 3148/9931/4649 3139/9930/4526
f 2674/10021/4262 2035/10020/4527 2581/10087/4651
f 693/9608/4366 695/9734/4588 694/9609/4532
f 2629/10088/4493 2627/10065/4635 2577/9757/4593
f 3186/10089/4580 3152/10018/4692 3151/10017/4606
f 823/9372/4424 373/10090/4707 363/9943/4426
f 791/9716/4316 373/10091/4707 823/9794/4424
f 869/9863/4348 1003/9906/4640 991/9928/4648
f 1911/8552/4014 2583/9438/4456 1915/9277/4080
f 791/9649/4316 821/9651/4552 826/10033/4674
f 553/9048/4277 557/9236/4367 564/10092/4716
f 2517/9621/4403 2519/9999/4605 2520/10093/4499
f 4002/10066/4583 3812/9732/4586 3993/10030/4592
f 935/9148/4327 943/9784/4602 946/10094/4717
f 961/9826/4555 825/9988/4678 942/9827/4562
f 2049/10003/4264 2685/10005/4462 2687/10095/4590
f 2439/9721/4392 2443/10096/4718 2413/9705/4577
f 3147/9882/4484 3186/9881/4580 3154/10097/4719
f 3050/10098/4511 3186/10089/4580 3151/10017/4606
f 429/9039/4182 370/9836/4620 560/9420/4446
f 773/10099/4561 696/9909/4642 881/9908/4596
f 3125/10086/4478 3155/10100/4720 3148/9931/4649
f 41/9356/4418 44/9975/4671 45/10101/4721
f 766/9283/4384 776/9867/4627 771/9496/4485
f 1861/9506/4345 2455/9942/4653 2466/10102/4510
f 2401/9135/4322 2442/10103/4698 2416/9731/4585
f 1381/9307/4393 1004/10104/4702 947/9938/4599
f 3125/10086/4478 3149/10105/4689 3155/10100/4720
f 2033/9787/4501 2671/10106/4708 2680/9788/4603
f 3992/9682/4566 4002/9727/4583 3993/9754/4592
f 2582/10107/4482 2579/9969/4654 2576/9695/4572
f 212/9839/4142 254/10108/4604 236/9840/4608
f 79/9457/4465 80/9503/4487 106/9775/4581
f 914/10109/4519 875/10110/4587 886/10111/4722
f 877/9891/4571 989/9890/4634 880/9957/4663
f 959/10069/4394 947/10112/4599 945/10070/4710
f 2413/9705/4577 2443/10096/4718 2420/10113/4723
f 2441/9543/4504 2416/9731/4585 2442/10103/4698
f 3179/10114/4466 3129/10115/4481 3156/10116/4724
f 2666/9994/4681 2683/9996/4584 2633/10117/4725
f 942/9827/4562 825/9988/4678 824/9987/4677
f 961/10118/4555 962/10119/4726 828/10120/4727
f 564/10092/4716 565/10121/4728 566/10122/4729
f 2657/9313/4396 2687/10123/4590 2685/9450/4462
f 772/9565/4515 778/10124/4730 777/9933/4650
f 2440/9849/4579 2417/9831/4618 2419/9971/4670
f 3821/9833/4495 3815/10125/4731 3811/9834/4554
f 252/9557/4460 233/9645/4549 254/10126/4604
f 64/9654/4020 84/9653/4553 90/10127/4732
f 770/9497/4471 771/9496/4485 773/9743/4561
f 963/10128/4503 962/10119/4726 961/10118/4555
f 875/10110/4587 884/10129/4685 887/10130/4733
f 2685/10005/4462 2669/10004/4502 2672/10131/4675
f 3173/9773/4494 3189/10132/4734 3157/10133/4735
f 1378/9748/4513 1446/10134/4736 1379/9884/4632
f 2682/10135/4535 2686/10080/4610 2578/9995/4682
f 1443/9156/4261 2406/10136/4420 2423/9956/4662
f 935/9148/4327 946/10094/4717 948/10137/4737
f 961/9826/4555 827/10138/4738 825/9988/4678
f 2029/8876/4188 2036/9698/4573 2670/9161/4332
f 2035/10139/4527 2690/10140/4669 2581/10141/4651
f 2685/9636/4462 2672/10142/4675 2667/9998/4684
f 550/9049/4185 567/10143/4739 568/10144/4740
f 3988/9452/4297 4002/9727/4583 3992/9682/4566
f 557/9236/4367 565/10121/4728 564/10092/4716
f 2032/9522/4279 3815/10145/4731 3821/9523/4495
f 932/9081/4296 941/9667/4559 947/10146/4599
f 552/8988/4250 563/10015/4691 569/10147/4741
f 2683/9996/4584 2688/10148/4701 2633/10117/4725
f 2574/9444/4405 2629/10149/4493 2628/9381/4429
f 769/9408/4441 779/10150/4742 772/9565/4515
f 240/10151/4657 371/10085/4656 374/10084/4715
f 872/9824/4475 876/9823/4616 885/10024/4694
f 3131/9821/4490 2690/10152/4669 2681/9750/4591
f 875/10110/4587 887/10130/4733 886/10111/4722
f 550/9049/4185 553/9048/4277 567/10143/4739
f 557/9236/4367 1447/10153/4743 565/10121/4728
f 2582/10107/4482 2630/10154/4598 2579/9969/4654
f 550/8868/4185 568/10155/4740 558/9341/4412
f 3138/9830/4523 3185/9829/4617 3158/10156/4744
f 556/9204/4354 570/10157/4661 557/9236/4367
f 2631/10034/4697 2579/10158/4654 2630/10035/4598
f 2438/9377/4358 2562/10159/4745 2407/9378/4428
f 2467/10160/4454 2447/9442/4458 2466/9555/4510
f 1913/10161/4087 1928/10162/4280 2578/10163/4682
f 878/9894/4636 879/9939/4652 888/10164/4746
f 912/9895/4271 878/9894/4636 888/10164/4746
f 2674/10165/4262 2580/9960/4664 2034/9959/4509
f 3138/10166/4523 3159/10167/4747 3160/10168/4748
f 3175/9800/4334 3190/10169/4749 3144/9801/4607
f 947/9779/4599 994/10170/4750 1001/9780/4600
f 769/9408/4441 785/9738/4556 779/10150/4742
f 2520/10171/4499 2519/9793/4605 2457/10057/4705
f 3141/9752/4551 3143/9781/4601 3188/10172/4695
f 799/9977/4673 800/9982/4676 830/10173/4751
f 963/10128/4503 949/10174/4752 962/10119/4726
f 2657/9313/4396 2668/10068/4687 2687/10123/4590
f 3186/9713/4580 3182/10056/4704 3161/10175/4753
f 2520/10171/4499 2454/9917/4574 2412/9916/4576
f 828/10176/4727 837/10177/4754 833/10178/4755
f 64/9654/4020 90/10127/4732 105/9807/4567
f 3173/9773/4494 3157/10133/4735 3143/10179/4601
f 2575/10180/4756 2579/10181/4756 2631/10182/4756
f 3138/10166/4523 3158/10183/4744 3159/10167/4747
f 369/10184/4619 372/10185/4688 374/10186/4715
f 3145/10187/4624 3162/10188/4757 3184/10189/4713
f 935/9148/4327 948/10137/4737 944/9809/4611
f 3175/9800/4334 3184/10190/4713 3190/10169/4749
f 987/9905/4582 991/9928/4648 1003/9906/4640
f 2441/9858/4504 2442/10191/4698 2421/10192/4758
f 2032/9522/4279 3989/10193/4339 3816/10194/4759
f 557/9236/4367 570/10157/4661 1447/10153/4743
f 961/9826/4555 828/10195/4727 827/10138/4738
f 240/10196/4657 375/10197/4760 372/10185/4688
f 1743/9187/4298 2454/9699/4574 2458/10198/4761
f 889/10199/4414 914/10109/4519 829/10200/4762
f 1738/9136/4219 2401/9135/4322 2416/9731/4585
f 772/9565/4515 779/10150/4742 778/10124/4730
f 559/9954/4364 1445/10201/4629 570/9955/4661
f 821/9651/4552 805/10202/4763 798/10032/4672
f 3181/10013/4545 3180/10012/4644 3185/10203/4617
f 884/10129/4685 890/10204/4764 887/10130/4733
f 385/9741/4589 582/10001/4686 387/10205/4765
f 558/9341/4412 568/10155/4740 571/10206/4766
f 367/9624/4542 387/10207/4765 376/10208/4767
f 2467/10160/4454 2466/9555/4510 2455/10209/4653
f 555/9874/4343 572/10210/4768 561/9701/4575
f 235/9680/4565 241/10211/4769 239/9875/4614
f 1001/9780/4600 994/10170/4750 992/10212/4660
f 84/10213/4553 88/9837/4621 804/10214/4770
f 3050/10215/4511 3154/10216/4719 3186/10217/4580
f 3136/9813/4613 2689/10218/4771 2680/9814/4603
f 1378/9560/4513 2423/9956/4662 1446/10219/4736
f 1743/9187/4298 2458/10198/4761 2456/9422/4447
f 1412/9853/4516 1379/10220/4632 1445/9871/4629
f 791/9716/4316 825/9988/4678 373/10091/4707
f 3145/10187/4624 3178/10221/4637 3162/10188/4757
f 799/9977/4673 830/10173/4751 826/9978/4674
f 1376/10222/4440 1003/10223/4640 995/10224/4772
f 3147/10225/4484 3154/10216/4719 3050/10215/4511
f 1928/10162/4280 2632/10226/4773 2578/10163/4682
f 2456/10227/4447 2457/10057/4705 2465/9792/4539
f 2628/9932/4429 2629/10088/4493 2577/9757/4593
f 561/9701/4575 573/10228/4774 563/10015/4691
f 889/9658/4414 829/10229/4762 821/9651/4552
f 44/10230/4671 241/10231/4769 374/10084/4715
f 366/9623/4541 385/9941/4589 387/10207/4765
f 1413/10232/4518 1382/10233/4775 2442/10234/4698
f 1413/10232/4518 1383/10235/4776 1384/10236/4777
f 2383/8674/4086 2402/9182/4341 1745/9968/4668
f 239/10237/4614 241/10231/4769 44/10230/4671
f 103/9447/4306 78/9434/4453 91/10238/4778
f 387/10207/4765 377/10239/4779 376/10208/4767
f 3989/9177/4339 3994/9883/4631 3816/10240/4759
f 914/10109/4519 886/10111/4722 829/10200/4762
f 943/9784/4602 960/9819/4615 946/10094/4717
f 367/9624/4542 377/10239/4779 254/9790/4604
f 1379/10220/4632 2442/10234/4698 1385/10241/4780
f 366/9623/4541 387/10207/4765 367/9624/4542
f 3185/10203/4617 3180/10012/4644 3158/10183/4744
f 252/9873/4460 254/10242/4604 208/9789/4474
f 2446/10243/4417 2518/10244/4706 2455/10245/4653
f 56/9309/4390 41/9356/4418 46/10246/4781
f 2681/9934/4591 2691/10247/4782 2581/9935/4651
f 2441/9858/4504 2421/10192/4758 2414/9709/4578
f 1928/10248/4280 2583/10249/4456 2632/10250/4773
f 2456/10227/4447 2520/10171/4499 2457/10057/4705
f 2687/10123/4590 2668/10068/4687 2673/10251/4783
f 1911/10252/4784 2633/10253/4784 2583/10254/4784
f 3811/9834/4554 3815/10125/4731 3814/10064/4570
f 367/9624/4542 376/10208/4767 377/10239/4779
f 560/10053/4446 92/10052/4703 378/10255/4693
f 796/9499/4486 801/9997/4683 802/10014/4690
f 876/9823/4616 887/10130/4733 885/10024/4694
f 208/9789/4474 241/10211/4769 235/9680/4565
f 826/10256/4674 830/10257/4751 812/10258/4785
f 777/9933/4650 778/10124/4730 884/10055/4685
f 233/9886/4549 236/9840/4608 254/10108/4604
f 372/10185/4688 375/10197/4760 379/10259/4786
f 3121/10260/4329 3187/10261/4787 3129/10262/4481
f 88/9837/4621 802/10014/4690 804/10214/4770
f 2438/9948/4358 2561/9950/4659 2562/10263/4745
f 986/9275/4381 1376/9406/4440 1005/10264/4788
f 3138/9912/4523 3160/10265/4748 3180/9913/4644
f 1413/10232/4518 1384/10236/4777 1382/10233/4775
f 2442/10234/4698 1382/10233/4775 1385/10241/4780
f 56/9301/4390 46/10266/4781 106/9714/4581
f 2684/10267/4638 2680/9788/4603 2671/10106/4708
f 564/10092/4716 566/10122/4729 567/10143/4739
f 552/8988/4250 569/10147/4741 1380/10079/4679
f 1742/9054/4281 1744/10268/4789 2402/10044/4341
f 599/9746/4483 601/10269/4790 562/9747/4543
f 988/10270/4623 993/10271/4711 989/9890/4634
f 561/9701/4575 572/10210/4768 573/10228/4774
f 789/9122/4263 801/9997/4683 796/9499/4486
f 963/10272/4503 942/9827/4562 831/10273/4791
f 2467/10274/4454 2455/10245/4653 2518/10244/4706
f 2682/9973/4535 2578/10275/4682 2688/10047/4701
f 2520/10171/4499 2458/10276/4761 2454/9917/4574
f 825/9988/4678 827/10138/4738 373/10091/4707
f 78/9434/4453 79/9457/4465 91/10238/4778
f 2456/10227/4447 2458/10276/4761 2520/10171/4499
f 962/10277/4726 837/10177/4754 828/10176/4727
f 947/9779/4599 1004/10278/4702 994/10170/4750
f 2035/10139/4527 2580/10279/4664 2690/10140/4669
f 2677/10280/4544 2667/10281/4684 2668/10068/4687
f 3129/10262/4481 3187/10261/4787 3156/10282/4724
f 553/9048/4277 564/10092/4716 567/10143/4739
f 821/9651/4552 832/10283/4792 805/10202/4763
f 554/9079/4295 558/9341/4412 571/10206/4766
f 942/9827/4562 824/9987/4677 831/10273/4791
f 884/10055/4685 778/10124/4730 780/10284/4793
f 828/10195/4727 833/10285/4755 827/10138/4738
f 882/10286/4643 834/10287/4794 835/10288/4795
f 876/9823/4616 829/10200/4762 887/10130/4733
f 773/10099/4561 697/9993/4680 696/9909/4642
f 103/9447/4306 81/9529/4498 85/9687/4569
f 941/10289/4559 945/10070/4710 947/10112/4599
f 375/10197/4760 585/10290/4796 379/10259/4786
f 3136/9904/4613 2665/9903/4639 2689/10291/4771
f 2439/9707/4392 2414/9709/4578 2443/10292/4718
f 962/10119/4726 949/10174/4752 948/10137/4737
f 886/10111/4722 887/10130/4733 829/10200/4762
f 798/9976/4672 805/10293/4763 699/10082/4714
f 82/9549/4507 105/9807/4567 90/10127/4732
f 3814/9689/4570 3816/10240/4759 3994/9883/4631
f 3150/10016/4489 3152/10018/4692 3161/10294/4753
f 3150/10295/4489 3191/10296/4797 3146/10297/4496
f 821/9651/4552 836/10298/4798 832/10283/4792
f 3121/9379/4329 3183/9296/4388 3187/10299/4787
f 821/9651/4552 829/10229/4762 836/10298/4798
f 2681/9934/4591 2690/10300/4669 2691/10247/4782
f 785/9738/4556 778/10124/4730 779/10150/4742
f 1445/10201/4629 1447/10301/4743 570/9955/4661
f 3186/10089/4580 3161/10294/4753 3152/10018/4692
f 2028/10302/4176 2687/10123/4590 2672/10303/4675
f 2674/10304/4262 2581/9935/4651 2691/10247/4782
f 992/10212/4660 994/10170/4750 993/10305/4711
f 555/9874/4343 600/10306/4799 572/10210/4768
f 2413/9705/4577 2420/10113/4723 2418/9866/4626
f 882/10286/4643 697/10307/4680 834/10287/4794
f 565/10121/4728 567/10143/4739 566/10122/4729
f 563/10015/4691 572/10210/4768 600/10306/4799
f 791/9716/4316 826/10256/4674 824/9987/4677
f 1377/9991/4464 1386/10308/4800 1413/10309/4518
f 771/9496/4485 776/9867/4627 881/9766/4596
f 946/10094/4717 962/10119/4726 948/10137/4737
f 92/10310/4703 373/10311/4707 93/10312/4801
f 3146/10313/4496 3191/10314/4797 3182/10056/4704
f 2032/9522/4279 3816/10194/4759 3815/10145/4731
f 824/9987/4677 860/10315/4802 831/10273/4791
f 1379/9884/4632 2421/10316/4758 2442/10317/4698
f 2684/10267/4638 2671/10106/4708 2689/10318/4771
f 375/10197/4760 387/10207/4765 585/10290/4796
f 240/10196/4657 380/10319/4803 375/10197/4760
f 3158/10183/4744 3160/10168/4748 3159/10167/4747
f 2670/10320/4804 2036/10321/4804 2689/10322/4804
f 884/10055/4685 780/10284/4793 890/10323/4764
f 2414/9709/4578 2420/10324/4723 2443/10292/4718
f 87/10075/4633 806/10325/4805 797/9927/4647
f 986/10048/4381 1005/10326/4788 1004/10049/4702
f 3148/10008/4649 3155/10327/4720 3149/10009/4689
f 41/9356/4418 45/10101/4721 46/10246/4781
f 3814/10064/4570 3815/10125/4731 3816/10328/4759
f 876/9823/4616 891/10329/4806 829/10200/4762
f 912/10330/4271 1003/9906/4640 869/9863/4348
f 989/9890/4634 993/10271/4711 880/9957/4663
f 2670/10060/4332 2689/10331/4771 2671/10061/4708
f 106/10332/4581 46/10333/4781 107/10334/4807
f 3173/9773/4494 3142/9772/4597 3189/10132/4734
f 1379/9884/4632 1446/10134/4736 1387/10335/4808
f 3180/10012/4644 3160/10168/4748 3158/10183/4744
f 375/10197/4760 380/10319/4803 381/10336/4809
f 3178/10221/4637 3163/10337/4810 3162/10188/4757
f 800/9982/4676 803/10067/4709 807/10338/4811
f 3144/9801/4607 3163/10339/4810 3178/9901/4637
f 2414/9709/4578 2421/10192/4758 2422/10340/4812
f 565/10121/4728 1447/10153/4743 574/10341/4813
f 890/10342/4764 780/10343/4793 782/10344/4814
f 563/10015/4691 573/10228/4774 572/10210/4768
f 1379/9884/4632 1387/10335/4808 2421/10316/4758
f 565/10121/4728 574/10341/4813 567/10143/4739
f 2578/10345/4682 2633/10346/4725 2688/10347/4701
f 3144/9801/4607 3190/10169/4749 3163/10339/4810
f 785/9738/4556 904/10348/4815 778/10124/4730
f 375/10197/4760 381/10336/4809 387/10207/4765
f 555/9184/4343 378/10023/4693 600/10349/4799
f 773/10099/4561 698/10350/4816 697/9993/4680
f 240/10196/4657 242/10351/4817 380/10319/4803
f 379/10259/4786 585/10290/4796 382/10352/4818
f 775/9692/4506 781/10353/4819 785/9693/4556
f 778/10124/4730 904/10348/4815 780/10284/4793
f 2036/10354/4820 2680/10355/4820 2689/10356/4820
f 79/9457/4465 106/9775/4581 107/10357/4807
f 372/10185/4688 379/10259/4786 382/10352/4818
f 1004/10278/4702 1005/10358/4788 994/10170/4750
f 563/10015/4691 600/10306/4799 575/10359/4821
f 879/9939/4652 892/10360/4822 893/10361/4823
f 81/9529/4498 94/10362/4824 89/9964/4666
f 963/10363/4503 831/10364/4791 950/10365/4825
f 890/10342/4764 782/10344/4814 892/10360/4822
f 829/10200/4762 891/10329/4806 836/10366/4798
f 387/10207/4765 381/10336/4809 377/10239/4779
f 378/10023/4693 92/10367/4703 93/10368/4801
f 879/9939/4652 893/10361/4823 888/10164/4746
f 2583/10249/4456 2633/10369/4725 2632/10250/4773
f 83/9575/4521 89/9964/4666 87/9888/4633
f 2684/9902/4638 2689/10291/4771 2665/9903/4639
f 3143/10179/4601 3192/10370/4826 3188/10371/4695
f 554/9079/4295 601/10372/4790 599/9491/4483
f 826/10256/4674 812/10258/4785 861/10373/4827
f 2406/9367/4420 2407/9378/4428 2423/10374/4662
f 240/10151/4657 374/10084/4715 242/10375/4817
f 826/10256/4674 861/10373/4827 824/9987/4677
f 912/9895/4271 888/10164/4746 894/10376/4828
f 2561/9950/4659 2482/9949/4658 2485/10377/4829
f 882/9966/4643 835/10378/4795 883/9967/4667
f 800/9982/4676 807/10338/4811 830/10173/4751
f 3179/10114/4466 3194/10379/4830 3153/10380/4712
f 87/9888/4633 89/9964/4666 95/10381/4831
f 2580/10382/4664 2691/10383/4782 2690/10384/4669
f 2561/9950/4659 2481/10385/4832 2562/10263/4745
f 2687/10123/4590 2667/10281/4684 2672/10303/4675
f 2578/10345/4682 2632/10386/4773 2633/10346/4725
f 876/9823/4616 895/10387/4833 891/10329/4806
f 1376/10222/4440 995/10224/4772 1005/10388/4788
f 3142/10029/4597 3188/10028/4695 3189/10389/4734
f 2402/10044/4341 1744/10268/4789 1745/10390/4668
f 993/10305/4711 994/10170/4750 1005/10358/4788
f 86/9777/4151 82/9549/4507 90/10127/4732
f 208/9789/4474 254/10242/4604 241/10211/4769
f 3143/10179/4601 3157/10133/4735 3192/10370/4826
f 888/10164/4746 896/10391/4834 894/10376/4828
f 3183/10076/4388 3153/10078/4712 3187/10392/4787
f 2414/9709/4578 2424/10393/4835 2420/10324/4723
f 827/10138/4738 833/10285/4755 96/10394/4836
f 2667/10281/4684 2673/10251/4783 2668/10068/4687
f 373/10311/4707 838/10395/4837 93/10312/4801
f 880/9957/4663 993/10271/4711 897/10396/4838
f 694/9609/4532 698/10350/4816 773/10099/4561
f 380/10319/4803 242/10351/4817 381/10336/4809
f 833/10285/4755 837/10397/4754 838/10398/4837
f 941/9667/4559 944/9809/4611 948/10137/4737
f 808/10399/4342 809/10400/4839 810/10401/4840
f 2418/10402/4626 2479/10403/4841 2480/10404/4696
f 87/10075/4633 95/10405/4831 806/10325/4805
f 2561/9950/4659 2563/10406/4842 2481/10385/4832
f 775/9610/4506 694/9609/4532 781/10407/4819
f 44/10230/4671 374/10084/4715 45/10408/4721
f 1445/9871/4629 1379/10220/4632 1388/10409/4843
f 1745/10390/4668 1744/10268/4789 1746/10410/4844
f 2687/10123/4590 2673/10251/4783 2667/10281/4684
f 912/9895/4271 894/10376/4828 996/10411/4845
f 3184/10189/4713 3162/10188/4757 3190/10412/4749
f 699/10413/4714 840/10414/4846 700/10415/4847
f 567/10416/4739 576/10417/4848 568/10155/4740
f 2561/9950/4659 2564/10418/4849 2563/10406/4842
f 1382/10233/4775 1384/10236/4777 1383/10235/4776
f 568/10155/4740 576/10417/4848 571/10206/4766
f 3189/10132/4734 3164/10419/4850 3157/10133/4735
f 571/10206/4766 576/10417/4848 577/10420/4851
f 3150/10295/4489 3161/10421/4753 3191/10296/4797
f 888/10164/4746 893/10361/4823 896/10391/4834
f 699/10082/4714 805/10293/4763 840/10422/4846
f 2674/10165/4262 2691/10423/4782 2580/9960/4664
f 2561/9950/4659 2485/10377/4829 2564/10418/4849
f 562/9747/4543 601/10269/4790 578/10424/4852
f 377/10239/4779 381/10336/4809 242/10351/4817
f 374/10084/4715 241/10231/4769 242/10375/4817
f 880/9957/4663 897/10396/4838 895/10387/4833
f 373/10091/4707 827/10138/4738 96/10394/4836
f 84/10213/4553 804/10214/4770 90/10425/4732
f 694/9609/4532 773/10099/4561 781/10407/4819
f 2418/10426/4626 2471/10427/4853 2479/10428/4841
f 833/10285/4755 838/10398/4837 96/10394/4836
f 941/9667/4559 948/10137/4737 949/10174/4752
f 962/10277/4726 951/10429/4854 837/10177/4754
f 963/10128/4503 941/9667/4559 949/10174/4752
f 3179/10114/4466 3156/10116/4724 3194/10379/4830
f 892/10360/4822 782/10344/4814 893/10361/4823
f 1742/9054/4281 1746/10410/4844 1744/10268/4789
f 254/9790/4604 377/10239/4779 242/10351/4817
f 881/9965/4596 883/9967/4667 898/10430/4855
f 2416/9731/4585 1745/9968/4668 1746/10431/4844
f 831/10364/4791 952/10432/4856 950/10365/4825
f 831/10273/4791 839/10433/4857 952/10434/4856
f 797/9927/4647 806/10325/4805 801/9997/4683
f 912/9895/4271 996/10411/4845 1003/10435/4640
f 563/10015/4691 575/10359/4821 569/10147/4741
f 373/10311/4707 96/10436/4836 838/10395/4837
f 79/9457/4465 107/10357/4807 91/10238/4778
f 803/10437/4709 699/10413/4714 700/10415/4847
f 2479/10428/4841 2471/10427/4853 2468/10438/4858
f 801/9997/4683 811/10439/4859 802/10014/4690
f 3188/10028/4695 3165/10440/4860 3189/10389/4734
f 891/10329/4806 895/10387/4833 899/10441/4861
f 372/10185/4688 382/10352/4818 374/10186/4715
f 254/10242/4604 242/10442/4817 241/10211/4769
f 1413/10309/4518 1386/10308/4800 1389/10443/4862
f 836/10366/4798 891/10329/4806 899/10441/4861
f 554/9079/4295 579/10444/4863 601/10372/4790
f 2485/10377/4829 2565/10445/4864 2564/10418/4849
f 1413/10309/4518 1389/10443/4862 1383/10446/4776
f 103/9447/4306 94/10362/4824 81/9529/4498
f 780/10284/4793 915/10447/4865 782/10448/4814
f 883/9967/4667 900/10449/4866 898/10430/4855
f 1445/9871/4629 1390/10450/4867 1447/10451/4743
f 993/10271/4711 901/10452/4868 902/10453/4869
f 2407/9378/4428 1396/10454/4870 2423/10374/4662
f 963/10363/4503 950/10365/4825 941/10455/4559
f 805/10202/4763 832/10283/4792 834/10287/4794
f 1738/9136/4219 2416/9731/4585 1746/10431/4844
f 2562/10456/4745 2481/10457/4832 2426/10458/4871
f 993/10459/4711 1005/10460/4788 901/10461/4868
f 697/10307/4680 840/10462/4846 834/10287/4794
f 3153/10380/4712 3194/10379/4830 3166/10463/4872
f 3190/10412/4749 3162/10188/4757 3163/10337/4810
f 1447/10153/4743 580/10464/4873 574/10341/4813
f 802/10014/4690 811/10439/4859 804/10214/4770
f 554/9079/4295 571/10206/4766 577/10420/4851
f 993/10271/4711 902/10453/4869 897/10396/4838
f 782/10344/4814 915/10465/4865 1747/10466/4874
f 785/9738/4556 781/10467/4819 904/10348/4815
f 1738/8930/4219 1746/10410/4844 1742/9054/4281
f 378/10023/4693 93/10368/4801 600/10349/4799
f 780/10284/4793 904/10348/4815 915/10447/4865
f 2407/9378/4428 2562/10159/4745 2425/10468/4875
f 3189/10132/4734 3165/10469/4860 3164/10419/4850
f 883/9967/4667 835/10378/4795 900/10449/4866
f 837/10470/4876 951/10471/4876 838/10472/4876
f 808/9183/4342 810/10473/4840 695/9734/4588
f 374/10186/4715 382/10352/4818 45/10474/4721
f 773/10099/4561 898/10475/4855 781/10407/4819
f 582/10001/4686 578/10476/4852 387/10205/4765
f 45/10477/4721 97/10478/4877 46/10333/4781
f 831/10273/4791 860/10315/4802 839/10433/4857
f 2485/10377/4829 2484/10479/4878 2565/10445/4864
f 600/10349/4799 93/10368/4801 838/10480/4837
f 1379/10220/4632 1385/10241/4780 1388/10409/4843
f 2562/10159/4745 2426/10481/4871 2425/10468/4875
f 805/10202/4763 834/10287/4794 840/10462/4846
f 46/10333/4781 97/10478/4877 107/10334/4807
f 601/10269/4790 579/10482/4863 581/10483/4879
f 3157/10133/4735 3164/10419/4850 3192/10370/4826
f 1377/9991/4464 1380/9990/4679 1391/10484/4880
f 895/10387/4833 897/10396/4838 903/10485/4881
f 946/10094/4717 964/10486/4882 962/10119/4726
f 103/9447/4306 91/10238/4778 94/10362/4824
f 2407/9378/4428 2425/10468/4875 1396/10454/4870
f 694/9609/4532 695/9734/4588 698/10350/4816
f 3182/10056/4704 3167/10487/4883 3161/10175/4753
f 1003/10435/4640 996/10411/4845 995/10488/4772
f 3156/10116/4724 3187/10489/4787 3195/10490/4884
f 782/10344/4814 894/10376/4828 893/10361/4823
f 2414/9709/4578 2427/10491/4885 2424/10393/4835
f 830/10173/4751 807/10338/4811 812/10492/4785
f 2564/10418/4849 2565/10445/4864 2563/10406/4842
f 562/9747/4543 578/10424/4852 582/10493/4686
f 86/10494/4151 90/10425/4732 808/10399/4342
f 567/10143/4739 574/10341/4813 580/10464/4873
f 1377/9991/4464 1391/10484/4880 1386/10308/4800
f 2482/10495/4658 2480/10404/4696 2483/10496/4886
f 2565/10445/4864 2484/10479/4878 2492/10497/4887
f 904/10498/4815 781/10499/4819 898/10500/4855
f 2423/9956/4662 1394/10501/4888 1446/10219/4736
f 89/9964/4666 98/10502/4889 95/10381/4831
f 1447/10451/4743 1392/10503/4890 580/10504/4873
f 893/10361/4823 894/10376/4828 896/10391/4834
f 569/10147/4741 575/10359/4821 583/10505/4891
f 3192/10370/4826 3164/10419/4850 3165/10469/4860
f 600/10306/4799 838/10506/4837 584/10507/4892
f 600/10306/4799 584/10507/4892 575/10359/4821
f 3182/10056/4704 3191/10314/4797 3167/10487/4883
f 601/10269/4790 581/10483/4879 578/10424/4852
f 3161/10508/4893 3167/10509/4893 3191/10510/4893
f 895/10387/4833 903/10485/4881 905/10511/4894
f 832/10283/4792 836/10298/4798 834/10287/4794
f 2482/10495/4658 2484/10512/4878 2485/10513/4829
f 2421/10316/4758 1387/10335/4808 2430/10514/4895
f 3188/10028/4695 3192/10515/4826 3165/10440/4860
f 89/9964/4666 94/10362/4824 98/10502/4889
f 824/9987/4677 861/10373/4827 860/10315/4802
f 2414/9709/4578 2422/10340/4812 2427/10491/4885
f 695/9734/4588 700/10415/4847 698/10350/4816
f 2421/10192/4758 2427/10491/4885 2422/10340/4812
f 387/10207/4765 578/10516/4852 585/10290/4796
f 1382/10233/4775 1383/10235/4776 1389/10517/4862
f 834/10287/4794 841/10518/4896 835/10288/4795
f 803/10067/4709 810/10519/4840 807/10338/4811
f 575/10359/4821 838/10506/4837 951/10520/4854
f 575/10359/4821 584/10507/4892 838/10506/4837
f 2418/9866/4626 2420/10113/4723 2428/10521/4897
f 895/10387/4833 905/10511/4894 899/10441/4861
f 2480/10404/4696 2479/10403/4841 2483/10496/4886
f 904/10498/4815 898/10500/4855 849/10522/4898
f 1005/10460/4788 916/10523/4899 901/10461/4868
f 585/10524/4796 578/10424/4852 586/10525/4900
f 904/10498/4815 849/10522/4898 915/10526/4865
f 1447/10451/4743 1393/10527/4901 1392/10503/4890
f 2482/10495/4658 2486/10528/4902 2484/10512/4878
f 1446/10134/4736 1394/10529/4888 1387/10335/4808
f 1396/10454/4870 2425/10468/4875 2491/10530/4903
f 898/10430/4855 900/10449/4866 841/10531/4896
f 578/10424/4852 581/10483/4879 579/10482/4863
f 1445/9871/4629 1388/10409/4843 1390/10450/4867
f 2479/10403/4841 2487/10532/4904 2483/10496/4886
f 575/10359/4821 951/10520/4854 583/10505/4891
f 1380/9990/4679 583/10533/4891 1391/10484/4880
f 962/10277/4726 964/10534/4882 966/10535/4905
f 2563/10406/4842 2565/10445/4864 2492/10497/4887
f 835/10288/4795 841/10518/4896 900/10536/4866
f 2479/10403/4841 2468/10537/4858 2524/10538/4906
f 807/10338/4811 810/10519/4840 845/10539/4907
f 2420/10324/4723 2424/10393/4835 2429/10540/4908
f 1447/10451/4743 1390/10450/4867 1393/10527/4901
f 834/10287/4794 836/10298/4798 860/10541/4802
f 2421/10192/4758 2430/10542/4895 2427/10491/4885
f 808/10399/4342 813/10543/4909 809/10400/4839
f 3153/10380/4712 3166/10463/4872 3187/10544/4787
f 2420/10324/4723 2429/10540/4908 2428/10545/4897
f 3187/10544/4787 3166/10463/4872 3193/10546/4910
f 3156/10116/4724 3195/10490/4884 3194/10379/4830
f 1380/10079/4679 569/10147/4741 583/10505/4891
f 2426/10481/4871 2491/10530/4903 2425/10468/4875
f 803/10437/4709 700/10415/4847 810/10473/4840
f 801/9997/4683 806/10325/4805 850/10547/4911
f 2479/10403/4841 2488/10548/4912 2487/10532/4904
f 834/10287/4794 860/10541/4802 842/10549/4913
f 897/10396/4838 917/10550/4914 903/10485/4881
f 2479/10403/4841 2524/10538/4906 2488/10548/4912
f 782/10344/4814 1747/10466/4874 996/10411/4845
f 782/10344/4814 996/10411/4845 894/10376/4828
f 2424/10393/4835 2491/10530/4903 2460/10551/4915
f 897/10396/4838 902/10453/4869 917/10550/4914
f 806/10552/4805 95/10381/4831 98/10502/4889
f 834/10287/4794 843/10553/4916 841/10518/4896
f 860/10541/4802 861/10554/4827 842/10549/4913
f 952/10432/4856 965/10555/4917 964/10534/4882
f 903/10485/4881 917/10550/4914 905/10511/4894
f 2424/10393/4835 2427/10491/4885 2491/10530/4903
f 901/10452/4868 916/10556/4899 902/10453/4869
f 695/9734/4588 810/10473/4840 700/10415/4847
f 812/10557/4785 842/10549/4913 861/10554/4827
f 834/10287/4794 842/10549/4913 843/10553/4916
f 2424/10393/4835 2460/10551/4915 2429/10540/4908
f 576/10417/4848 602/10558/4918 577/10420/4851
f 2482/10495/4658 2489/10559/4919 2486/10528/4902
f 915/10465/4865 1749/10560/4920 1747/10466/4874
f 902/10453/4869 916/10556/4899 917/10550/4914
f 962/10277/4726 966/10535/4905 951/10429/4854
f 952/10434/4856 839/10433/4857 965/10561/4917
f 812/10492/4785 807/10338/4811 845/10539/4907
f 899/10441/4861 905/10511/4894 917/10550/4914
f 2486/10562/4902 2489/10563/4919 2523/10564/4921
f 1005/10460/4788 917/10565/4914 916/10523/4899
f 951/10566/4854 1395/10567/4922 583/10533/4891
f 91/10238/4778 99/10568/4923 94/10362/4824
f 2426/10569/4871 2490/10570/4924 2491/10571/4903
f 91/10238/4778 107/10357/4807 99/10568/4923
f 915/10465/4865 849/10572/4898 1749/10560/4920
f 107/10334/4807 97/10478/4877 99/10573/4923
f 578/10424/4852 587/10574/4925 586/10525/4900
f 1747/10575/4874 907/10576/4926 2433/10577/4927
f 996/10411/4845 1747/10466/4874 2433/10578/4927
f 836/10298/4798 899/10579/4861 860/10541/4802
f 1005/10580/4788 906/10581/4928 917/10582/4914
f 812/10557/4785 844/10583/4929 842/10549/4913
f 906/10584/4928 899/10441/4861 917/10550/4914
f 2491/10530/4903 2431/10585/4930 2460/10551/4915
f 567/10416/4739 602/10558/4918 576/10417/4848
f 808/10399/4342 90/10425/4732 813/10543/4909
f 964/10534/4882 965/10555/4917 966/10535/4905
f 898/10500/4855 841/10586/4896 849/10522/4898
f 578/10424/4852 579/10482/4863 587/10574/4925
f 1387/10335/4808 1394/10529/4888 2430/10514/4895
f 585/10290/4796 383/10587/4931 382/10352/4818
f 2491/10571/4903 2490/10570/4924 2431/10588/4930
f 907/10576/4926 1748/10589/4932 2433/10577/4927
f 995/10224/4772 1414/10590/4933 1005/10388/4788
f 951/10566/4854 966/10591/4905 1395/10567/4922
f 1747/10466/4874 1749/10560/4920 907/10592/4926
f 1005/10593/4788 1414/10594/4933 1389/10443/4862
f 801/9997/4683 850/10547/4911 811/10439/4859
f 2492/10595/4887 2533/10596/4934 2493/10597/4935
f 2482/10495/4658 2483/10496/4886 2489/10559/4919
f 2423/10598/4662 1396/10599/4870 1394/10529/4888
f 1382/10233/4775 1389/10517/4862 1385/10241/4780
f 1385/10241/4780 1389/10517/4862 1388/10409/4843
f 554/9079/4295 577/10420/4851 588/10600/4936
f 2483/10496/4886 2487/10532/4904 2539/10601/4937
f 45/10474/4721 382/10352/4818 384/10602/4938
f 2483/10496/4886 2494/10603/4939 2489/10559/4919
f 860/10541/4802 899/10579/4861 965/10604/4917
f 2484/10605/4878 2533/10596/4934 2492/10595/4887
f 2418/10426/4626 2470/10606/4940 2471/10427/4853
f 995/10224/4772 996/10607/4845 1414/10590/4933
f 860/10541/4802 965/10604/4917 839/10608/4857
f 842/10549/4913 844/10583/4929 843/10553/4916
f 2427/10491/4885 2432/10609/4941 2491/10530/4903
f 2487/10532/4904 2488/10548/4912 2495/10610/4942
f 906/10611/4928 965/10612/4917 899/10613/4861
f 1005/10593/4788 1389/10443/4862 1386/10308/4800
f 382/10352/4818 383/10587/4931 384/10602/4938
f 90/10425/4732 804/10214/4770 811/10439/4859
f 1005/10593/4788 1386/10308/4800 1395/10567/4922
f 3187/10489/4787 3193/10614/4910 3195/10490/4884
f 809/10400/4839 850/10547/4911 814/10615/4943
f 2484/10605/4878 2486/10562/4902 2496/10616/4944
f 1390/10450/4867 1392/10503/4890 1393/10527/4901
f 1396/10599/4870 2430/10514/4895 1394/10529/4888
f 579/10482/4863 589/10617/4945 587/10574/4925
f 810/10519/4840 814/10618/4943 845/10539/4907
f 554/9079/4295 588/10600/4936 579/10444/4863
f 3194/10619/4830 3168/10620/4946 3166/10621/4872
f 1396/10454/4870 2491/10530/4903 2432/10609/4941
f 996/10607/4845 2433/10622/4927 1414/10590/4933
f 2563/10406/4842 2492/10497/4887 2493/10623/4935
f 2488/10548/4912 2497/10624/4947 2495/10610/4942
f 1386/10308/4800 1391/10484/4880 1395/10567/4922
f 2533/10625/4934 2498/10626/4948 2521/10627/4949
f 2481/10628/4832 2563/10629/4842 2499/10630/4950
f 2533/10596/4934 2521/10631/4949 2493/10597/4935
f 812/10632/4785 845/10633/4907 814/10634/4943
f 906/10611/4928 966/10635/4905 965/10612/4917
f 2418/10426/4626 2428/10636/4897 2470/10606/4940
f 1005/10580/4788 966/10637/4905 906/10581/4928
f 844/10638/4929 846/10639/4951 847/10640/4952
f 809/10400/4839 814/10615/4943 810/10401/4840
f 90/10425/4732 811/10439/4859 813/10543/4909
f 812/10632/4785 814/10634/4943 844/10638/4929
f 2524/10538/4906 2497/10624/4947 2488/10548/4912
f 45/10477/4721 384/10641/4938 97/10478/4877
f 841/10518/4896 848/10642/4953 849/10643/4898
f 2426/10569/4871 2528/10644/4954 2490/10570/4924
f 849/10572/4898 908/10645/4955 1749/10560/4920
f 2486/10562/4902 2523/10564/4921 2496/10616/4944
f 843/10553/4916 844/10583/4929 847/10646/4952
f 1388/10409/4843 1389/10517/4862 1414/10647/4933
f 2471/10427/4853 2469/10648/4956 2468/10438/4858
f 2426/10458/4871 2526/10649/4957 2522/10650/4958
f 2426/10569/4871 2522/10651/4958 2528/10644/4954
f 843/10553/4916 847/10646/4952 848/10642/4953
f 1396/10454/4870 2432/10609/4941 2427/10491/4885
f 1396/10454/4870 2427/10491/4885 2430/10542/4895
f 841/10518/4896 843/10553/4916 848/10642/4953
f 585/10524/4796 586/10525/4900 383/10652/4931
f 806/10552/4805 98/10502/4889 99/10568/4923
f 806/10653/4805 99/10654/4923 850/10655/4911
f 567/10143/4739 580/10464/4873 602/10656/4918
f 809/10400/4839 813/10543/4909 850/10547/4911
f 3166/10621/4872 3168/10620/4946 3193/10657/4910
f 1749/10658/4920 1407/10659/4959 907/10576/4926
f 2493/10660/4960 2521/10661/4960 2498/10662/4960
f 1391/10484/4880 583/10533/4891 1395/10567/4922
f 3194/10663/4830 3195/10664/4884 3168/10665/4946
f 586/10525/4900 587/10574/4925 589/10617/4945
f 2533/10625/4934 2534/10666/4961 2498/10626/4948
f 2468/10667/4858 2469/10668/4956 2525/10669/4962
f 1005/10593/4788 1395/10567/4922 966/10591/4905
f 577/10420/4851 602/10558/4918 588/10600/4936
f 849/10572/4898 953/10670/4963 908/10645/4955
f 846/10639/4951 848/10671/4953 847/10640/4952
f 907/10576/4926 1407/10659/4959 1748/10589/4932
f 849/10572/4898 848/10672/4953 953/10670/4963
f 2490/10570/4924 2532/10673/4964 2431/10588/4930
f 94/10362/4824 99/10568/4923 98/10502/4889
f 2428/10674/4897 2429/10675/4908 2459/10676/4965
f 580/10504/4873 1392/10503/4890 1397/10677/4966
f 811/10439/4859 850/10547/4911 813/10543/4909
f 2493/10678/4935 2498/10626/4948 2534/10666/4961
f 3195/10664/4884 3193/10679/4910 3168/10665/4946
f 2468/10537/4858 2525/10680/4962 2524/10538/4906
f 2563/10629/4842 2493/10681/4935 2536/10682/4967
f 2489/10559/4919 2494/10603/4939 2523/10683/4921
f 2484/10605/4878 2496/10616/4944 2533/10596/4934
f 2487/10532/4904 2495/10610/4942 2527/10684/4968
f 580/10464/4873 604/10685/4969 602/10656/4918
f 580/10504/4873 1397/10677/4966 1398/10686/4970
f 2487/10532/4904 2527/10684/4968 2539/10601/4937
f 2524/10687/4906 2500/10688/4971 2497/10689/4947
f 602/10558/4918 590/10690/4972 588/10600/4936
f 2563/10629/4842 2536/10682/4967 2499/10630/4950
f 850/10655/4911 851/10691/4973 814/10634/4943
f 2490/10570/4924 2528/10644/4954 2530/10692/4974
f 2524/10687/4906 2525/10693/4962 2474/10694/4975
f 2469/10668/4956 2473/10695/4976 2525/10669/4962
f 2481/10628/4832 2499/10630/4950 2531/10696/4977
f 2523/10564/4921 2501/10697/4978 2496/10616/4944
f 586/10525/4900 589/10617/4945 383/10652/4931
f 579/10444/4863 588/10600/4936 603/10698/4979
f 848/10671/4953 852/10699/4980 953/10700/4963
f 579/10482/4863 603/10701/4979 589/10617/4945
f 2523/10683/4921 2494/10603/4939 2531/10702/4977
f 2526/10703/4957 2527/10704/4968 2522/10705/4958
f 2528/10644/4954 2522/10651/4958 2527/10706/4968
f 2460/10707/4915 2431/10708/4930 2470/10709/4940
f 844/10638/4929 814/10634/4943 846/10639/4951
f 588/10600/4936 590/10690/4972 603/10698/4979
f 2524/10687/4906 2474/10694/4975 2500/10688/4971
f 97/10478/4877 384/10641/4938 593/10710/4981
f 1749/10560/4920 908/10645/4955 1407/10711/4959
f 580/10464/4873 1398/10712/4970 604/10685/4969
f 1388/10409/4843 1399/10713/4982 1390/10450/4867
f 1388/10409/4843 1414/10647/4933 1399/10713/4982
f 2433/10714/4927 1399/10715/4982 1414/10716/4933
f 97/10478/4877 593/10710/4981 99/10573/4923
f 2533/10596/4934 2496/10616/4944 2501/10697/4978
f 814/10634/4943 851/10691/4973 846/10639/4951
f 2497/10717/4947 2530/10718/4974 2529/10719/4983
f 383/10587/4931 593/10720/4981 384/10602/4938
f 1397/10677/4966 1400/10721/4984 1398/10686/4970
f 1397/10677/4966 1401/10722/4985 1400/10721/4984
f 2523/10564/4921 2531/10723/4977 2501/10697/4978
f 2490/10570/4924 2502/10724/4986 2532/10673/4964
f 1390/10450/4867 1399/10713/4982 1392/10503/4890
f 2528/10725/4954 2529/10726/4983 2530/10727/4974
f 2490/10570/4924 2530/10692/4974 2502/10724/4986
f 2494/10728/4939 2503/10729/4987 2531/10730/4977
f 2533/10596/4934 2501/10697/4978 2504/10731/4988
f 602/10558/4918 604/10732/4969 1410/10733/4989
f 2471/10734/4853 2470/10709/4940 2431/10708/4930
f 953/10700/4963 852/10699/4980 853/10735/4990
f 850/10655/4911 99/10654/4923 851/10691/4973
f 2531/10723/4977 2538/10736/4991 2501/10697/4978
f 2493/10737/4935 2534/10738/4961 2536/10739/4967
f 2431/10708/4930 2532/10740/4964 2461/10741/4992
f 99/10654/4923 593/10742/4981 851/10691/4973
f 2471/10427/4853 2472/10743/4993 2469/10648/4956
f 602/10558/4918 1410/10733/4989 590/10690/4972
f 2533/10596/4934 2504/10731/4988 2535/10744/4994
f 2469/10668/4956 2472/10745/4993 2473/10695/4976
f 2494/10728/4939 2505/10746/4995 2503/10729/4987
f 1748/10589/4932 1407/10659/4959 1404/10747/4996
f 2532/10748/4964 2502/10749/4986 2474/10750/4975
f 590/10751/4972 859/10752/4997 603/10701/4979
f 2429/10753/4908 2460/10754/4915 2470/10755/4940
f 2533/10756/4934 2506/10757/4998 2534/10758/4961
f 2433/10714/4927 1748/10759/4932 2434/10760/4999
f 1748/10759/4932 1404/10761/4996 2434/10760/4999
f 590/10751/4972 605/10762/5000 859/10752/4997
f 2431/10708/4930 2461/10741/4992 2462/10763/5001
f 1398/10686/4970 1400/10721/4984 1402/10764/5002
f 846/10639/4951 854/10765/5003 848/10671/4953
f 846/10639/4951 851/10691/4973 854/10765/5003
f 2533/10766/5004 2535/10767/5004 2536/10768/5004
f 2471/10734/4853 2431/10708/4930 2462/10763/5001
f 603/10701/4979 859/10752/4997 591/10769/5005
f 2473/10695/4976 2472/10745/4993 2461/10770/4992
f 2501/10697/4978 2538/10736/4991 2504/10731/4988
f 589/10617/4945 603/10701/4979 591/10769/5005
f 852/10699/4980 855/10771/5006 853/10735/4990
f 2533/10756/4934 2536/10772/4967 2506/10757/4998
f 855/10771/5006 856/10773/5007 857/10774/5008
f 590/10690/4972 1410/10733/4989 592/10775/5009
f 2499/10630/4950 2537/10776/5010 2531/10696/4977
f 2433/10714/4927 2434/10760/4999 1399/10715/4982
f 2499/10777/4950 2536/10778/4967 2535/10779/4994
f 2534/10738/4961 2506/10780/4998 2536/10739/4967
f 590/10690/4972 592/10775/5009 605/10781/5000
f 855/10771/5006 858/10782/5011 856/10773/5007
f 848/10671/4953 854/10765/5003 852/10699/4980
f 853/10735/4990 855/10771/5006 857/10774/5008
f 604/10783/4969 1398/10686/4970 1403/10784/5012
f 383/10652/4931 589/10617/4945 591/10769/5005
f 852/10699/4980 858/10782/5011 855/10771/5006
f 851/10691/4973 593/10742/4981 858/10782/5011
f 2495/10610/4942 2497/10624/4947 2600/10785/5013
f 1392/10503/4890 1401/10722/4985 1397/10677/4966
f 908/10645/4955 953/10670/4963 1408/10786/5014
f 2499/10777/4950 2535/10779/4994 2537/10787/5010
f 383/10652/4931 591/10769/5005 593/10788/4981
f 2526/10703/4957 2507/10789/5015 2527/10704/4968
f 852/10699/4980 854/10765/5003 858/10782/5011
f 2532/10740/4964 2508/10790/5016 2461/10741/4992
f 2528/10725/4954 2527/10791/4968 2529/10726/4983
f 593/10742/4981 856/10773/5007 858/10782/5011
f 851/10691/4973 858/10782/5011 854/10765/5003
f 2539/10792/4937 2587/10793/5017 2586/10794/5018
f 2531/10795/4977 2537/10796/5010 2538/10797/4991
f 2525/10798/4962 2473/10799/4976 2607/10800/5019
f 853/10735/4990 857/10774/5008 605/10801/5000
f 2539/10802/4937 2527/10704/4968 2634/10803/5020
f 953/10804/4963 1411/10805/5021 1408/10806/5014
f 953/10804/4963 853/10807/4990 1411/10805/5021
f 859/10808/4997 605/10801/5000 856/10773/5007
f 908/10645/4955 1408/10786/5014 1407/10711/4959
f 2532/10748/4964 2474/10750/4975 2508/10809/5016
f 2473/10799/4976 2461/10810/4992 2607/10800/5019
f 2531/10730/4977 2503/10729/4987 2509/10811/5022
f 853/10812/4990 605/10813/5000 592/10814/5009
f 593/10788/4981 591/10769/5005 856/10815/5007
f 605/10801/5000 857/10774/5008 856/10773/5007
f 1392/10503/4890 1399/10713/4982 1404/10816/4996
f 2504/10817/4988 2538/10797/4991 2537/10796/5010
f 1400/10721/4984 1401/10722/4985 1402/10764/5002
f 859/10808/4997 856/10773/5007 591/10818/5005
f 2527/10791/4968 2592/10819/5023 2529/10726/4983
f 1399/10713/4982 2434/10820/4999 1404/10816/4996
f 1392/10503/4890 1404/10816/4996 1401/10722/4985
f 2504/10821/4988 2584/10822/5024 2535/10823/4994
f 2497/10689/4947 2500/10688/4971 2540/10824/5025
f 2539/10802/4937 2634/10803/5020 2587/10825/5017
f 2495/10826/4942 2589/10827/5026 2527/10791/4968
f 2428/10828/4897 2463/10829/5027 2470/10755/4940
f 1401/10722/4985 1404/10816/4996 1405/10830/5028
f 1398/10686/4970 1406/10831/5029 1403/10784/5012
f 2527/10704/4968 2507/10789/5015 2634/10803/5020
f 1407/10832/4959 1408/10833/5014 1404/10816/4996
f 604/10783/4969 1409/10834/5030 1410/10835/4989
f 2429/10753/4908 2470/10755/4940 2463/10829/5027
f 1401/10722/4985 1405/10830/5028 1402/10764/5002
f 2428/10828/4897 2597/10836/5031 2463/10829/5027
f 2495/10826/4942 2590/10837/5032 2589/10827/5026
f 2474/10750/4975 2502/10749/4986 2510/10838/5033
f 2497/10717/4947 2529/10719/4983 2600/10839/5013
f 1410/10835/4989 1409/10834/5030 592/10814/5009
f 2504/10821/4988 2537/10840/5010 2584/10822/5024
f 2497/10689/4947 2540/10824/5025 2530/10841/4974
f 1398/10686/4970 1402/10764/5002 1406/10831/5029
f 2511/10842/5034 2512/10843/5035 2505/10746/4995
f 2505/10746/4995 2512/10843/5035 2503/10729/4987
f 1402/10764/5002 1405/10830/5028 1406/10831/5029
f 2535/10823/4994 2584/10822/5024 2537/10840/5010
f 2527/10791/4968 2589/10827/5026 2592/10819/5023
f 2511/10844/5034 2531/10730/4977 2509/10811/5022
f 604/10783/4969 1403/10784/5012 1409/10834/5030
f 853/10812/4990 592/10814/5009 1409/10834/5030
f 2525/10798/4962 2607/10800/5019 2474/10845/4975
f 2530/10846/4974 2540/10847/5025 2502/10848/4986
f 2511/10849/5034 2509/10850/5022 2512/10851/5035
f 2471/10734/4853 2599/10852/5036 2472/10853/4993
f 1403/10784/5012 1406/10831/5029 1409/10834/5030
f 1405/10830/5028 1409/10834/5030 1406/10831/5029
f 1404/10816/4996 1408/10833/5014 1405/10830/5028
f 2500/10854/4971 2474/10750/4975 2510/10838/5033
f 853/10812/4990 1409/10834/5030 1411/10855/5021
f 2526/10703/4957 2586/10794/5018 2507/10789/5015
f 2471/10734/4853 2462/10763/5001 2599/10852/5036
f 2503/10856/4987 2585/10857/5037 2509/10850/5022
f 2461/10810/4992 2508/10858/5016 2612/10859/5038
f 2495/10826/4942 2600/10860/5013 2590/10837/5032
f 2461/10741/4992 2604/10861/5039 2462/10763/5001
f 1408/10833/5014 1409/10834/5030 1405/10830/5028
f 2429/10753/4908 2463/10829/5027 2640/10862/5040
f 2503/10856/4987 2512/10851/5035 2585/10857/5037
f 2502/10848/4986 2540/10847/5025 2541/10863/5041
f 1408/10833/5014 1411/10855/5021 1409/10834/5030
f 2428/10674/4897 2459/10676/4965 2597/10864/5031
f 2474/10865/5042 2607/10866/5042 2513/10867/5042
f 2502/10749/4986 2541/10868/5041 2510/10838/5033
f 2586/10869/5018 2587/10870/5017 2588/10871/5043
f 2589/10872/5026 2590/10873/5032 2591/10874/5044
f 2592/10875/5023 2589/10876/5026 2591/10877/5044
f 2429/10675/4908 2640/10878/5040 2459/10676/4965
f 2459/10676/4965 2636/10879/5045 2597/10864/5031
f 2586/10869/5018 2588/10871/5043 2507/10880/5015
f 2461/10810/4992 2612/10859/5038 2607/10800/5019
f 2500/10881/4971 2593/10882/5046 2540/10883/5025
f 2587/10884/5017 2634/10885/5020 2594/10886/5047
f 2472/10853/4993 2599/10852/5036 2464/10887/5048
f 2507/10880/5015 2595/10888/5049 2634/10889/5020
f 2474/10890/5050 2513/10891/5050 2508/10892/5050
f 2459/10676/4965 2640/10878/5040 2636/10879/5045
f 2634/10889/5020 2595/10888/5049 2594/10893/5047
f 2509/10850/5022 2585/10857/5037 2512/10851/5035
f 2587/10884/5017 2596/10894/5051 2635/10895/5052
f 2462/10763/5001 2648/10896/5053 2599/10852/5036
f 2587/10884/5017 2594/10886/5047 2596/10894/5051
f 2507/10880/5015 2588/10871/5043 2595/10888/5049
f 2587/10870/5017 2635/10897/5052 2588/10871/5043
f 2461/10741/4992 2472/10898/4993 2604/10861/5039
f 2597/10899/5031 2644/10900/5054 2598/10901/5055
f 2462/10763/5001 2604/10861/5039 2648/10896/5053
f 2599/10902/5056 2648/10903/5056 2464/10904/5056
f 2597/10899/5031 2636/10905/5045 2644/10900/5054
f 2600/10906/5013 2601/10907/5057 2590/10873/5032
f 2590/10873/5032 2601/10907/5057 2591/10874/5044
f 2529/10719/4983 2592/10908/5023 2600/10839/5013
f 2500/10881/4971 2510/10909/5033 2639/10910/5058
f 2500/10881/4971 2639/10910/5058 2593/10882/5046
f 2592/10875/5023 2591/10877/5044 2602/10911/5059
f 2600/10906/5013 2592/10912/5023 2601/10907/5057
f 2588/10871/5043 2635/10897/5052 2595/10888/5049
f 2540/10913/5025 2593/10914/5046 2603/10915/5060
f 2540/10913/5025 2603/10915/5060 2541/10916/5041
f 2594/10893/5047 2595/10888/5049 2635/10897/5052
f 2594/10886/5047 2635/10895/5052 2596/10894/5051
f 2472/10917/4993 2464/10918/5048 2604/10919/5039
f 2508/10920/5061 2513/10921/5061 2638/10922/5061
f 2510/10909/5033 2605/10923/5062 2639/10910/5058
f 2508/10858/5016 2638/10924/5063 2612/10859/5038
f 2510/10909/5033 2541/10916/5041 2605/10923/5062
f 2604/10919/5039 2464/10918/5048 2606/10925/5064
f 2541/10916/5041 2603/10915/5060 2605/10923/5062
f 2607/10926/5019 2608/10927/5065 2513/10928/5066
f 2592/10912/5023 2637/10929/5067 2601/10907/5057
f 2591/10877/5044 2601/10930/5057 2602/10911/5059
f 2604/10919/5039 2606/10925/5064 2609/10931/5068
f 2640/10932/5040 2644/10933/5054 2636/10934/5045
f 2464/10918/5048 2610/10935/5069 2606/10925/5064
f 2604/10936/5039 2610/10937/5069 2648/10938/5053
f 2601/10930/5057 2637/10939/5067 2602/10911/5059
f 2592/10875/5023 2602/10911/5059 2637/10939/5067
f 2607/10926/5019 2611/10940/5070 2608/10927/5065
f 2607/10926/5019 2612/10941/5038 2611/10940/5070
f 2612/10941/5038 2638/10942/5063 2611/10940/5070
f 2598/10901/5055 2644/10900/5054 2645/10943/5071
f 2593/10944/5046 2639/10945/5058 2613/10946/5072
f 2608/10927/5065 2611/10940/5070 2642/10947/5073
f 2513/10928/5066 2608/10927/5065 2614/10948/5074
f 2608/10927/5065 2642/10947/5073 2614/10948/5074
f 2513/10949/5066 2614/10950/5074 2638/10942/5063
f 2639/10910/5058 2605/10923/5062 2615/10951/5075
f 2639/10945/5058 2615/10952/5075 2613/10946/5072
f 2593/10944/5046 2613/10946/5072 2603/10953/5060
f 2638/10942/5063 2614/10950/5074 2641/10954/5076
f 2603/10915/5060 2615/10951/5075 2605/10923/5062
f 2604/10936/5039 2609/10955/5068 2610/10937/5069
f 2598/10901/5055 2645/10943/5071 2647/10956/5077
f 2638/10942/5063 2641/10954/5076 2611/10940/5070
f 2640/10957/5040 2598/10901/5055 2647/10956/5077
f 2603/10953/5060 2613/10946/5072 2615/10952/5075
f 2611/10940/5070 2641/10954/5076 2642/10947/5073
f 2614/10958/5074 2643/10959/5078 2641/10960/5076
f 2642/10961/5073 2643/10962/5078 2614/10963/5074
f 2606/10964/5064 2610/10937/5069 2616/10965/5079
f 2642/10947/5073 2641/10954/5076 2617/10966/5080
f 2644/10967/5054 2646/10968/5081 2645/10969/5071
f 2640/10970/5040 2646/10971/5081 2644/10972/5054
f 2642/10961/5073 2617/10973/5080 2643/10962/5078
f 2640/10970/5040 2647/10974/5077 2646/10971/5081
f 2606/10925/5064 2618/10975/5082 2609/10931/5068
f 2606/10964/5064 2616/10965/5079 2619/10976/5083
f 2606/10925/5064 2619/10977/5083 2618/10975/5082
f 2610/10937/5069 2609/10955/5068 2616/10965/5079
f 2609/10931/5068 2618/10975/5082 2616/10978/5079
f 2641/10960/5076 2643/10959/5078 2617/10979/5080
f 2618/10975/5082 2619/10977/5083 2620/10980/5084
f 2616/10978/5079 2618/10975/5082 2620/10980/5084
f 2616/10965/5079 2621/10981/5085 2619/10976/5083
f 2619/10976/5083 2621/10981/5085 2620/10982/5084
f 2616/10965/5079 2620/10982/5084 2621/10981/5085
f 1769/1924/937 2762/1926/980 1770/10983/938
f 4760/6860/3387 4770/7906/3747 4766/7585/3637
f 4306/3384/1801 4331/5821/2995 4316/4009/2107
f 876/9823/4616 880/9957/4663 895/10387/4833
f 3374/5088/2544 3375/5090/2676 3381/7212/3051
f 2284/3852/1753 2289/4269/2265 2287/3853/2037
f 228/9246/4372 234/9646/4550 251/9303/4391
f 2809/1802/664 2851/1804/928 2849/1669/665
f 2645/10969/5071 2646/10968/5081 2647/10984/5077
f 2713/887/489 2723/1461/771 2756/1226/671
f 4113/7670/3661 4114/7795/3706 4115/7865/3728
f 2464/10918/5048 2648/10985/5053 2610/10935/5069
f 4829/5987/2152 4801/4704/2493 4808/5646/2923
f 4093/5051/2063 4184/6094/3101 4173/5052/2658
f 682/10986/5086 765/10987/5086 706/10988/5086
f 1216/519/276 1229/685/377 1217/520/277
f 691/9325/4402 817/9561/4404 692/9473/4473
f 2248/3244/1726 2249/3668/1939 2188/3640/1927
f 1768/1497/789 2763/2001/885 1773/1498/790
f 4672/4711/2242 4637/4710/2496 4614/10989/2619
f 4672/5097/2242 4614/4972/2619 4649/4971/2618
f 3075/10990/962 3106/1632/847 3260/1475/747
f 3075/1883/962 3260/10991/747 3227/1881/692
f 3213/10992/438 3057/1717/850 3266/1716/398
f 3213/792/438 3266/725/398 3200/724/280
f 3174/9799/4272 3144/9801/4607 3177/9900/4419
f 3174/9799/4272 3177/9900/4419 3017/10993/4311
f 2251/3271/1741 2152/3270/1740 2258/5346/2795
f 2251/3271/1741 2258/5346/2795 2266/10994/2252
f 723/4923/2595 713/10995/3451 1101/10996/1215
f 723/4923/2595 1101/10996/1215 1065/2793/1148
f 2857/2432/1118 2803/1668/519 2860/10997/5087
f 2803/1668/519 2850/1670/866 2860/10997/5087
f 2850/1670/866 2818/1803/840 2860/10997/5087
f 2818/1803/840 2854/2127/1068 2860/10997/5087
f 2854/2127/1068 2857/2432/1118 2860/10997/5087
f 2268/10998/2951 2292/4377/2322 2305/10999/5088
f 2292/4377/2322 2264/5857/3011 2305/10999/5088
f 2264/5857/3011 2262/8007/3635 2305/10999/5088
f 2262/8007/3635 2268/10998/2951 2305/10999/5088
f 840/10414/4846 697/9993/4680 701/11000/5089
f 697/9993/4680 698/10350/4816 701/11000/5089
f 698/10350/4816 700/10415/4847 701/11000/5089
f 700/10415/4847 840/10414/4846 701/11000/5089
f 23/8570/4022 20/8491/3975 47/11001/5090
f 20/8491/3975 24/8821/4046 47/11001/5090
f 24/8821/4046 25/8681/4091 47/11001/5090
f 25/8681/4091 23/8570/4022 47/11001/5090
f 1579/3335/1775 1653/3205/1700 1607/11002/5091
f 1653/3514/1700 1627/3516/1869 1607/11003/5091
f 1627/3516/1869 1590/11004/2600 1607/11003/5091
f 1590/11004/2600 1651/11005/2264 1607/11003/5091
f 1651/4268/2264 1579/3335/1775 1607/11002/5091
f 346/2013/1016 325/1766/910 357/11006/5092
f 325/1766/910 347/2148/1018 357/11006/5092
f 347/11007/1018 333/2117/1056 357/11008/5092
f 333/2117/1056 346/2009/1016 357/11008/5092
f 4833/6816/3361 4798/4690/2482 4823/11009/5093
f 4798/4690/2482 4832/5519/2876 4823/11009/5093
f 4832/5519/2876 4818/11010/3598 4823/11009/5093
f 4818/11010/3598 4833/6816/3361 4823/11009/5093
f 735/8696/3931 675/11011/3460 702/11012/5094
f 675/7091/3460 737/8183/3850 702/11013/5094
f 737/8501/3850 716/7594/3641 702/11012/5094
f 716/7594/3641 735/8696/3931 702/11012/5094
f 4675/4896/2398 4778/11014/2512 4683/7245/3155
f 4647/4897/2582 4675/4896/2398 4670/11015/5095
f 4675/4896/2398 4683/7245/3155 4670/11015/5095
f 4683/7245/3155 4647/4897/2582 4670/11015/5095
f 2313/11016/1915 2310/5498/1824 2306/11017/5096
f 2310/5498/1824 2372/5500/2868 2306/11017/5096
f 2372/5500/2868 2290/11018/2266 2306/11017/5096
f 2290/11018/2266 3383/8156/3537 2306/11017/5096
f 3383/8156/3537 2302/8036/3794 2306/11017/5096
f 2302/8036/3794 2320/8035/3330 2306/11017/5096
f 2320/8035/3330 2313/11016/1915 2306/11017/5096
f 1608/3566/1893 1582/3470/1846 1616/11019/5097
f 1582/3470/1846 1612/5323/2786 1616/11019/5097
f 1612/8125/2786 1603/7648/3654 1616/11020/5097
f 1603/7648/3654 1596/7647/3223 1616/11020/5097
f 1596/7647/3223 1598/7849/3315 1616/11020/5097
f 1598/7849/3315 1601/7848/3426 1616/11020/5097
f 1601/6970/3426 1608/4057/1893 1616/11021/5097
f 2785/253/97 2783/155/87 2782/154/86
f 2794/11022/118 2785/253/97 2782/154/86
f 2801/358/190 2794/357/118 2782/162/86
f 2801/358/190 2782/162/86 2790/195/105
f 2314/7135/2257 2326/11023/2049 2307/11024/5098
f 2326/11023/2049 2288/7983/2134 2307/11024/5098
f 2288/7983/2134 2299/7205/3500 2307/11024/5098
f 2299/7205/3500 2314/7135/2257 2307/11024/5098
f 945/10070/4710 941/10289/4559 954/11025/5099
f 941/10455/4559 950/10365/4825 954/11026/5099
f 950/10365/4825 952/10432/4856 954/11026/5099
f 952/10432/4856 964/10534/4882 954/11026/5099
f 964/10486/4882 946/10094/4717 954/11027/5099
f 946/11028/4717 960/10071/4615 954/11025/5099
f 960/10071/4615 945/10070/4710 954/11025/5099
f 4761/7054/3450 4765/7546/3621 4777/6775/3354
f 4742/6843/2399 4761/7054/3450 4777/6775/3354
f 4676/11029/2501 4742/6843/2399 4777/6775/3354
f 4676/11030/2501 4777/6815/3354 4776/6814/2944
f 4780/11031/2715 4658/11032/3154 4781/11033/2526
f 4781/11033/2526 4676/11030/2501 4776/6814/2944
f 4780/11031/2715 4781/11033/2526 4776/6814/2944
f 361/8895/4202 363/9375/4426 386/9945/4655
f 364/9400/4439 361/8895/4202 386/9945/4655
f 240/9947/4657 369/9835/4619 364/9400/4439
f 386/9945/4655 240/9947/4657 364/9400/4439
f 2526/10649/4957 2426/10458/4871 2481/10457/4832
f 2539/10792/4937 2586/10794/5018 2526/10703/4957
f 2494/10603/4939 2483/10496/4886 2539/10601/4937
f 2526/10703/4957 2481/11034/4832 2531/11035/4977
f 2526/10703/4957 2531/11035/4977 2511/11036/5034
f 2511/10842/5034 2505/10746/4995 2494/10728/4939
f 2526/10703/4957 2511/11036/5034 2542/11037/5100
f 2511/11038/5034 2494/11039/4939 2542/11040/5100
f 2494/11039/4939 2539/11041/4937 2542/11040/5100
f 2539/10792/4937 2526/10703/4957 2542/11037/5100
f 773/9743/4561 771/9496/4485 783/11042/5101
f 771/9496/4485 881/9766/4596 783/11042/5101
f 881/9965/4596 898/10430/4855 783/11043/5101
f 898/10475/4855 773/10099/4561 783/11044/5101
f 3109/1751/904 3215/1281/582 3051/1283/697
f 3086/2161/1085 3109/2205/904 3051/11045/697
f 3234/2147/900 3086/2161/1085 3051/11045/697
f 3234/2147/900 3051/11045/697 3225/11046/669
f 3212/11047/434 3226/1530/686 3234/1742/900
f 3225/11048/669 3212/11047/434 3234/1742/900
f 3521/4013/2110 3544/3765/1989 3542/11049/5102
f 3544/3765/1989 3539/7275/3526 3542/11049/5102
f 3539/7275/3526 3534/7020/3439 3542/11049/5102
f 3534/7020/3439 3528/4820/2550 3542/11049/5102
f 3528/4820/2550 3521/4013/2110 3542/11049/5102
f 3379/5872/3017 3382/7772/3480 3384/8175/3740
f 3373/4480/2378 3379/5872/3017 3384/8175/3740
f 3358/3203/1698 3364/3790/2004 3373/4480/2378
f 3355/3053/1602 3358/3203/1698 3373/4480/2378
f 3389/3260/1728 3359/3259/1391 3355/3053/1602
f 3389/3260/1728 3355/3053/1602 3373/4480/2378
f 3389/3260/1728 3373/4480/2378 3384/8175/3740
f 3389/3260/1728 3384/8175/3740 3385/8017/3787
f 3389/3260/1728 3385/8017/3787 3378/8016/2921
f 4773/4852/2272 4748/4985/2625 4749/4987/2627
f 4773/4852/2272 4749/4987/2627 4772/4482/2380
f 4729/3206/1701 4555/3282/1747 4732/3281/1746
f 4729/3206/1701 4732/3281/1746 4773/4852/2272
f 4729/3206/1701 4773/4852/2272 4772/4482/2380
f 879/9939/4652 913/9676/4530 909/11050/5103
f 913/10025/4530 885/10024/4694 909/11051/5103
f 885/10024/4694 887/10130/4733 909/11051/5103
f 887/11052/4733 890/10342/4764 909/11050/5103
f 890/10342/4764 892/10360/4822 909/11050/5103
f 892/10360/4822 879/9939/4652 909/11050/5103
f 4814/7386/3222 4838/11053/3050 4824/11054/5104
f 4838/11055/3050 4867/6256/3159 4824/11056/5104
f 4867/6256/3159 4809/6625/3308 4824/11056/5104
f 4809/6625/3308 4753/11057/3134 4824/11056/5104
f 4753/11057/3134 4762/11058/3453 4824/11056/5104
f 4762/11058/3453 4839/11059/3557 4824/11056/5104
f 4839/11060/3557 4840/11061/3761 4824/11054/5104
f 4840/11061/3761 4835/7561/3629 4824/11054/5104
f 4835/7561/3629 4814/7386/3222 4824/11054/5104
f 2640/10862/5040 2463/10829/5027 2622/11062/5105
f 2463/10829/5027 2597/10836/5031 2622/11062/5105
f 2597/10899/5031 2598/10901/5055 2622/11063/5105
f 2598/10901/5055 2640/10957/5040 2622/11063/5105
